Workbook

Sheet Anlagendaten
A1: Allgmeine Daten
A3: Anlagenbetreiber: | B3: Schulstiftung der Evangelischen Landeskirche in Württemberg
B4: Schlossweg 8
B5: 74544 Michelbach/Bilz
A6: Ansprechpartner | B6: Herr Hans Hübner | C6: (Vertrag) | D6: Sven Ehrenberg | E6: (Technik)
B7: 0791/93016-270 | D7: 0176 2232 1125
B8: Hans.Huebner@schulstiftung.info | D8: sven.ehrenberg@lichtenstern.info
A10: Anlage: | B10: Lichtenstern Gymnasium
B11: Ludwigsburger Str. 34
B12: 74343 Sachsenheim
A14: BHKW:
A15: =+Verbrauchsdaten!A7 -> BHKW Type: | B15: Kraftwerk Mephisto
A16: elkt. Leistung | B16: 34 | C16: kW
A17: therm. Leistung | B17: 78 | C17: kW
A18: Leistungsbezug | B18: 108 | C18: kW (Hu)
A19: Tag der Inbetriebnahme | B19: 41849
A21: Höhe Anlagenstandort | B21: 250 | C21: Meter über Meer
A22: Fließdruck BHKW-Gaszähler | B22: 22 | C22: mbar
A24: Investition | B24: 199000 | C24: € brutto
A25: Zinssatz: | B25: 2 | C25: %
B28: Wartungskosten (brutto) | C28: interne Betriebskosten
A29: 2017
A30: 2017 | B30: 8073.74
A31: 2016 | B31: 8443.6532

Sheet Verbrauchsdaten
A1: BHKW Daten | C1: , | E1: Hinweise:
A2: Kunde: | B2: =+Anlagendaten!B3 -> Schulstiftung der Evangelischen Landeskirche in Württemberg | E2: Die Ablesung sollte möglichst nah um den 1. jedes Manates erfolgen - je nach Wochentag sind die Tage davor oder danach auch möglich. Bitte ggf. Datum berichtigen
E3: Sind Zähler nicht vorhanden bzw nicht auslesbar - bitte als Hinweis kurz eintragen - danch kann die Spalte ausgeblendet werden bitte nicht löschen
A4: Anlage: | B4: =+Anlagendaten!B10 -> Lichtenstern Gymnasium | E4: Die kursiv geschriebenen Werte bitte nach der jeweiligen Abrechnung eintragen
E5: Falls die Zähler abgelesen werden können bitte monatlich eintragen
E6: *Zählerstände bitte wenn möglich monatlich auslesen - diese Stände dienen der Kontrolle der Energierechnungen bzw. besseren Beurteilung der Struktur da z.B. der ausgespeiste Strom i.d.R. nur jährlich abgerechnet wird
A7: BHKW Type: | B7: =+Anlagendaten!B15 -> Kraftwerk Mephisto | D7: Zählerfaktor: | G7: Zählerfaktor: | O7: Zählerfaktor: | R7: Zusätzliche Brennstoffe für Wärmeerzeugung
D8: 1 | G8: 120 | M8: 383576
B9: BHKW | C9: 314378 | D9: 1NZR 0721163921 | G9: 21309589 | H9: (2.8.2) | I9: Aus Abrechnung (Netzbetreiber) | K9: Aus Abrechnung (Netzbetreiber) | M9: Bezug | N9: Bezug | O9: Erdgasbezugs- | P9: Bezug (1.8.1) | Q9: Bezug (1.8.2) | R9: Aus Stromrechnung vom Stromlieferant
B10: Betriebstunden | C10: Erdgas | D10: erzeugter Strom | E10: erzeugte Wärme | F10: Starts | G10: ausgespeister Strom | H10: ausgespeister Strom | I10: ausgespeister Strom | J10: Vergütung | K10: erzeugter Strom | L10: erhaltener | M10: Erdgas(gesamt) | N10: Erdgas | O10: kosten | P10: Strom (gesamt) | Q10: Strom (gesamt) | R10: Strom | S10: Kosten
B11: Zählerstand | C11: Zählerstand | D11: *Zählerstand | E11: Zählerstand | F11: Zählerstand | G11: *Zählerstand | H11: *Zählerstand | J11: o. KWK-Bonus | L11: kWK-Bonus | M11: *Zählerstand | N11: Rechnung | O11: Rechnung | P11: *Zählerstand | Q11: *Zählerstand | R11: gesamt | S11: gesamt
A12: Zeit | B12: Stunden | C12: m³ | D12: kWh | E12: kWh/MWh | F12: Anzahl | G12: kWh | H12: kWh | I12: kWh | J12: € | K12: kWh | L12: € | M12: m³ | N12: kWh | O12: € (brutto) | P12: kWh | Q12: kWh | R12: kWh | S12: € (brutto)
B13: - | I13: bitte hier nur die jährlichen Rechnungen als PDF zusenden - Daten werden eingetragen
A14: 41671 | B14: - | C14: - | M14: 2497766.7
A15: 41699 | B15: - | C15: - | M15: 2506385.8
A16: 41730 | B16: - | C16: - | M16: 2511284.8
A17: 41760 | B17: - | C17: - | M17: 2515015
A18: 41791 | B18: - | C18: - | M18: 2517686.7
A19: 41821 | B19: - | C19: - | M19: 2518857.7
A20: 41852 | C20: - | D20: 3 | M20: 2520714.2
A21: 41891 | B21: 317 | C21: - | D21: 4896 | E21: - | F21: 311 | G21: - | M21: 2523006.3
A22: 41913 | B22: 533 | C22: - | D22: 14376 | E22: - | F22: 476 | G22: - | M22: 2526512.8
A23: 41944 | B23: 968 | C23: - | D23: 26862 | E23: - | F23: 811 | G23: - | M23: 2531021.7
A24: 41974 | B24: 1569 | C24: 159662.3 | D24: 44486 | E24: 95 | F24: 911 | G24: - | M24: 2540310.9
A25: 42005 | B25: 2290 | C25: 25872.38 | D25: 67983 | E25: 157 | F25: 923 | G25: 313 | I25: bitte hier nur die jährlichen Rechnungen als PDF zusenden - Daten werden eingetragen | M25: 2554989.3
A26: 42036 | B26: 2996 | C26: 32869.5 | D26: 93756 | E26: 201 | F26: 938 | G26: 381 | I26: 8160 | J26: 370.21455 | K26: 25773 | L26: 1659.24 | M26: 2566447.4
A27: 42064 | B27: 3674 | C27: 40578.7 | D27: 116444 | E27: 249 | F27: 942 | G27: 466 | I27: 10200 | J27: 462.76818 | K27: 22688 | L27: 1460.6308 | M27: 2579459.2
A28: 42095 | B28: 4326 | C28: 47720 | D28: 137129 | E28: 294 | F28: 990 | G28: 516 | I28: 6000 | J28: 272.21658 | K28: 20685 | L28: 1331.6796 | M28: 2589152.6
A29: 42125 | B29: 4760 | C29: 52391.53 | D29: 150523 | E29: 323 | F29: 1071 | G29: 567 | I29: 6120 | J29: 257.85169 | K29: 13394 | L29: 862.29233 | M29: 2595544.1
A30: 42156 | B30: 4987 | C30: 54807.5 | D30: 157375 | E30: 338 | F30: 1168 | G30: 600 | I30: 3960 | J30: 166.84521 | K30: 6852 | L30: 441.12491 | M30: 2598595.5
A31: 42186 | B31: 5232 | C31: 57517.71 | D31: 165124 | E31: 355 | F31: 1294 | G31: 633 | I31: 3960 | J31: 166.84521 | K31: 7749 | L31: 498.87287 | M31: 2601468.2
A32: 42217 | B32: 5395 | C32: 59427.19 | D32: 170490 | E32: 367 | F32: 1399 | G32: 658 | I32: 3000 | J32: 113.01039 | K32: 5366 | L32: 345.45771 | M32: 2603757.6
A33: 42248 | B33: 5467 | C33: 60069.46 | D33: 172269 | E33: 374 | F33: 1451 | G33: 669 | I33: 1320 | J33: 49.724571 | K33: 1779 | L33: 114.53024 | M33: 2605297.7
A34: 42278 | B34: 5918 | C34: 64911.8 | D34: 186093 | E34: 404 | F34: 1567 | G34: 726 | I34: 6840 | J34: 257.66369 | K34: 13824 | L34: 889.9753 | M34: 2610168.7
A35: 42309 | B35: 6555 | C35: 72293.54 | D35: 207520 | E35: 450.62 | F35: 1622 | G35: 790 | I35: 7680 | J35: 330.34161 | K35: 21427 | L35: 1379.4488 | M35: 2618174.2
A36: 42339 | B36: 7161.4335 | C36: 79040.38 | D36: 227056 | E36: 493.16 | F36: 1741.8104 | G36: 842.9 | I36: 6348 | J36: 273.04798 | K36: 19536 | L36: 1257.7081 | M36: 2626970.1
A37: 42370 | B37: 8065.8456 | C37: 89022.33 | D37: 256123 | E37: 555.82 | F37: 1963.1216 | G37: 988 | I37: 17412 | J37: 748.94636 | K37: 29067 | L37: 1871.3044 | M37: 2640719.2 | N37: 906942 | O37: 50063.44 | R37: 63620 | S37: 24815.39
A38: 42402 | B38: =+$B$52/$C$52*C38 -> 8295.2252 | C38: 95099.4 | D38: 273880 | E38: 594.13 | G38: 1009.5 | M38: 2650552.4
A39: 42430 | B39: =+$B$52/$C$52*C39 -> 8979.4504 | C39: 102943.6 | D39: 296514 | E39: 643.08 | G39: 1072.5 | M39: 2661835.3
A40: 42461 | B40: =+$B$52/$C$52*C40 -> 9728.5323 | C40: 111531.34 | D40: 321376 | E40: 696.76 | G40: 1156 | M40: 2672823.1
A41: 42491 | B41: =+$B$52/$C$52*C41 -> 10401.371 | C41: 119245 | D41: 342701 | E41: 744.54 | G41: 1219 | M41: 2680927.7
A42: 42522 | B42: =+$B$52/$C$52*C42 -> 10815.646 | C42: 123994.4 | D42: 353987 | E42: 770.08 | G42: 1263 | M42: 2685900.2
A43: 42552 | B43: =+$B$52/$C$52*C43 -> 11069.32 | C43: 126902.6 | D43: 361925 | E43: 786.6 | G43: 1286 | M43: 2689055.5
A44: 42583 | B44: =+$B$52/$C$52*C44 -> 11392.949 | C44: 130612.8 | D44: 372250 | E44: 807.87 | G44: 1325.2 | M44: 2692781.6
A45: 42614 | B45: =+$B$52/$C$52*C45 -> 11528.037 | C45: 132161.5 | D45: 376572 | E45: 816.75 | G45: 1351.8 | M45: 2694316.9
A46: 42644 | B46: =+$B$52/$C$52*C46 -> 11933.625 | C46: 136811.3 | D46: 389600 | E46: 844.21 | G46: 1399 | M46: 2698948.3
A47: 42675 | B47: =+$B$52/$C$52*C47 -> 12543.271 | C47: 143800.5 | D47: 409373 | E47: 886.54 | G47: 1460 | M47: 2706188.4
A48: 42705 | B48: =+$B$52/$C$52*C48 -> 13263.772 | C48: 152060.58 | D48: 432226 | E48: 935.28 | G48: 1520 | M48: 2719395.6
A49: 42736 | B49: =+$B$52/$C$52*C49 -> 14260.441 | C49: 163486.75 | D49: 463790 | E49: 1002.14 | G49: 1635.8 | M49: 2735689.3
A50: 42767 | B50: =+$B$52/$C$52*C50 -> 14797.179 | C50: 169640.1 | D50: 481520 | E50: 1040.5 | G50: 1680.1 | M50: 2747740.5 | N50: 1036057 | O50: 57361.99 | R50: 93908 | S50: 26457
A51: 42795 | B51: =+$B$52/$C$52*C51 -> 15463.252 | C51: 177276.2 | D51: 503217 | E51: 1087.7 | G51: 1750 | M51: 2760193
A52: 42826 | B52: 16058 | C52: 184094.6 | D52: 522577 | E52: 1130.06 | G52: 1802.6 | M52: 2767825.5
A53: 42856 | B53: 16650 | C53: 190643.7 | D53: 541399 | E53: 1170.74 | G53: 1880 | M53: 2774730.9
A54: 42887 | B54: 17057 | C54: 195167.67 | D54: 554237 | E54: 1198.54 | G54: 1921.3 | M54: 2779241.3
A55: 42917 | B55: 17269 | C55: 197847.51 | D55: 561826 | E55: 1214.59 | G55: 1956.2 | M55: 2781920
A56: 42948 | B56: 17446 | C56: 199416.07 | D56: 566234 | E56: 1223.95 | G56: 1971.7 | M56: 2783594.5
A57: 42979 | B57: 17589 | C57: 201417.9 | D57: 571853 | E57: 1235.74 | G57: 1998.7 | M57: 2786158
A58: 43009 | B58: 17991 | C58: 207646.48 | D58: 589160 | E58: 1274.13 | G58: 2055.1 | M58: 2792582.8
A59: 43041 | B59: 18608 | C59: 212822.7 | D59: 603798 | E59: 1306.26 | G59: 2098.8 | M59: 2797836.3
A60: 43070 | B60: 19295 | C60: 220685.2 | D60: 626297 | E60: 1355.3 | G60: 2160.2 | M60: 2808347.9
A61: 43108 | B61: 20190 | C61: 231741.8 | D61: 657804 | E61: 1423.77 | G61: 2280.6 | M61: 2824187
A62: 43132 | B62: 20777 | C62: 238377.8 | D62: 676859 | E62: 1464.81 | G62: 2329.7 | M62: 2833779
A63: 43160 | B63: 21419 | C63: 246071.9 | D63: 698940 | E63: 1512.3 | G63: 2400.2 | M63: 2847096.3
... A72: 43437 | B72: 24564.3 | C72: 281773.08 | D72: 798377 | E72: 1726.92 | G72: 2766.7 | M72: 2889220.1
A73: 43472 | B73: 25396.2 | C73: 291521.7 | D73: 826361 | E73: 1787.1 | G73: 2882.8 | M73: 2903435.2 | N73: 999086 | O73: 49792.23 | R73: 98872 | S73: 29790.8
A74: 43497 | B74: 25995.8 | C74: 298572.1 | D74: 846510 | E74: 1830.53 | G74: 2939.9 | M74: 2915511.2 | R74: 99104
A75: 43525 | B75: 26666.4 | C75: 306402.6 | D75: 869071 | E75: 1879.44 | G75: 3011.1 | M75: 2926852.4
A76: 43556 | B76: 27342.6 | C76: 314248.3 | D76: 891299 | E76: 1927.49 | G76: 3089.6 | M76: 2936525.2
A77: 43587 | B77: 27916.4 | C77: 320715.6 | D77: 909817 | E77: 1967.41 | G77: 3161.3 | M77: 2943479.3
A78: 43619 | B78: 28435.9 | C78: 326779.2 | D78: 926862 | E78: 2003.8 | G78: 3222.2 | M78: 2949614
A79: 43647 | B79: 28686 | C79: 328630.29 | D79: 931710 | E79: 2014.22 | G79: 3243.5 | M79: 2951939.2
A80: 43691 | B80: 28985.2 | C80: 331532.54 | D80: 936984 | E80: 2029.87 | G80: 3249.3 | M80: 2955621.2
A81: 43718 | B81: 29214.6 | C81: 333871.7 | D81: 942716 | E81: 2043.03 | G81: 3276.4 | M81: 2958164
A82: 43739 | B82: 29565 | C82: 336732.38 | D82: 950439 | E82: 2059.94 | G82: 3302 | M82: 2961226.6
A83: 43767 | B83: 29808.2 | C83: 340967 | D83: 962470 | E83: 2085.68 | G83: 3339.6 | M83: 2965962.9
A84: 43804 | B84: 30665.8 | C84: 351040.8 | D84: 991354 | E84: 2148.29 | G84: 3432 | M84: 2980873
A85: 43831 | B85: 30973 | C85: 354657.1 | D85: 1001615 | E85: 2170.87 | G85: 3464.1 | M85: 2986369.1 | N85: 920165 | O85: 46392.81 | R85: 99104 | S85: 27131.79
A86: 43864 | B86: 31697.2 | C86: 363150.1 | D86: 1025802 | E86: 2224.71 | G86: 3514.6 | M86: 3004529.2
A87: 43892 | B87: 32350.3 | C87: 370829.6 | D87: 1047475 | E87: 2272.61 | G87: 3552.8 | M87: 3014489.2
A88: 43922 | B88: 33023 | C88: 378833 | D88: 1069729 | E88: 2322 | G88: 3605 | M88: 3023627.4
A89: 43955 | B89: 33473.4 | C89: 384137.1 | D89: 1084156 | E89: 2354.99 | G89: 3680.7 | M89: 3028918.5
A90: 43984 | B90: 33890.4 | C90: 388994 | D90: 1097075 | E90: 2385 | G90: 3737 | M90: 3033731.8
A91: 44013 | B91: 34123.5 | C91: 391632.1 | D91: 1104282 | E91: 2400.97 | G91: 3776.2 | M91: 3036600
A92: 44046 | B92: 34268.4 | C92: 393233.65 | D92: 1108752 | E92: 2410.48 | G92: 3797.1 | M92: 3039051.2
A93: 44075 | B93: 34435.8 | C93: 395093.36 | D93: 1113911 | E93: 2421.4 | G93: 3824.7 | M93: 3041302.8
A94: 44105 | B94: 34825.2 | C94: 399629.6 | D94: 1126753 | E94: 2448.77 | G94: 3875.5 | M94: 3046097.9
A95: 44136 | B95: 35529.2 | C95: 407992 | D95: 1150414 | E95: 2499.58 | G95: 3958.5 | M95: 3055532.1
A96: 44166 | B96: 36193.2 | C96: 415824.99 | D96: 1172814 | E96: 2548.07 | G96: 4040.8 | M96: 3066788.2
A97: 44197 | B97: 37060.1 | C97: 426079.8 | D97: 1202049 | E97: 2610.5
A98: 44228 | B98: 37660 | C98: 433192.5 | D98: 1222305 | E98: 2653.77 | G98: 4276 | M98: 3096114.8
A99: 01:03.2021 | B99: 38390.8 | C99: 441892.4 | D99: 1264565 | E99: 2706.74 | G99: 4397.4 | M99: 3108798
A100: 44293 | B100: 39168.9 | C100: 451014.1 | D100: 8414 | E100: 2762.42 | G100: 4514.4 | M100: 3121030
A101: 44319 | B101: 39644 | C101: 456530.8 | D101: 24406 | E101: 2796.5 | G101: 4585.3 | M101: 3128726.9
A102: 44348 | B102: 40175 | C102: 462702.2 | D102: 42208 | E102: 2834.4 | G102: 4664.2 | M102: 3136007.4
A103: 44382 | B103: 40464 | C103: 465510.8 | D103: 49783 | E103: 2851.4 | G103: 4689.7 | M103: 3139629.3
A104: 44411 | B104: 40752.4 | C104: 467834.1 | D104: 55654.94 | E104: 2865.72 | G104: 4703.9 | M104: 3142383.8
A105: 44440 | B105: 41256.3 | C105: 472191.69 | D105: 67109.59 | E105: 2892.58 | G105: 4750.3 | M105: 3146704.9
A106: 44470 | B106: 41783.6 | C106: 477266 | D106: 81166 | E106: 2923.71 | G106: 4792.9 | M106: 3152037.1
A107: 44501 | B107: 42426.3 | C107: 484447.3 | D107: 102604.59 | E107: 2968.68 | G107: 4858.8 | M107: 3161473.4
A108: 44531 | B108: 43047 | C108: 491441.2 | D108: 123373.58 | E108: 3012.55 | G108: 4917.8 | M108: 3176076.5
...

Sheet Unterlagenübersicht
B3: Unterlagen
B5: Kunde: | C5: =+Verbrauchsdaten!B2 -> Schulstiftung der Evangelischen Landeskirche in Württemberg
B6: Anlage: | C6: =+Verbrauchsdaten!B4 -> Lichtenstern Gymnasium
B7: BHKW Type: | C7: =+Verbrauchsdaten!B7 -> Kraftwerk Mephisto
B9: 1.1 Überprüfung des BHKW Konzepts auf Basis der vom Kunden übermittelten | D9: erhalten am:
B10: Anlagenschema mit Puffer, Kessel und Heizkreiseinbindung sowie allen einzubauenden Zählern
B11: Regelungsschema
B12: Lageplan Standort
B13: Beschreibung der Regelungsabläufe (1)
B14: technische Datenblätter der Komponenten
B15: Grundlagen für die Konzeption: Verbrauchsdaten, Geordnete Jahresdauerlinie Wärme
B17: 1.2 Überprüfung des Wartungsvertrages
B18: Wartungsvertragsentwurf
B19: abgeschlossener Wartungsvertrag
B20: erwartete Betriebsstunden
B21: Beschreibung der geplanten Fahrweise (2)
B23: 2.1 Optimierung und Überwachung des Betriebs
... B25: Abrechnung KWK-Bonus
B26: Abrechnung eingspeister Strom | D26: 42319
B27: Abrechnung Messung für BHKW | D27: 42319
B28: Abrechnungen Strombezug
B29: Abrechnungen Erdgasbezug
B30: Inbetriebnahme-Protokoll
B31: Informationen über Veränderungen bei Nutzung, Einkauf und Struktur
B33: 2.2 Überprüfung der Wartungskosten
B34: Wartungsrechnungen | D34: 42319
B35: ausgefüllte Exceldatei mit monatlichen Zählerständen
B36: Informationen über besondere Vorkommnisse
B38: 2.3 Vorbereitung der jährlichen Anträge und Mitteilung
B39: Hocheffizienznachweis
B40: Zulassungsbestätigung der BAFA
B41: ausgefüllte Exceldatei mit monatlichen Zählerständen
B43: 2.4 Wirtschaftlichkeits- und Energiebericht
B44: Investitions- und Betriebskosten
B45: ausgefüllte Exceldatei mit monatlichen Zählerständen
B46: Energie- und Wartungsrechnungen
B49: 1. Beschreibung der Regelungsabläufe mit folgendem Inhalt: Wo sind die Fühler (mit Bezeichnung) eingebaut, was wird gemessen, bei welchen Temperaturen erfolgen welche Regeleingriffe bzw. Schaltungen, wie sind die Heizkessel in die Regelung eingebunden, welche sonstige Parameter wirken auf die Regelung ein z.B. Zeit, Stromspitzen...
B50: 2. Beschreibung der geplanten Fahrweise mit folgendem Inhalt: Welche Priorität haben die einzelen Wärmeerzeuger, welche saisionale Regelstrategien sind geplant, wie wird der erzeugte Strom verwendet…
