Workbook

Sheet Ablesewerte Gas
A1: Gas
A4: 2012 | B4: m³ | C4: Jan | D4: Feb | E4: Mrz | F4: Apr | G4: Mai | H4: Jun | I4: Jul | J4: Aug | K4: Sep | L4: Okt | M4: Nov | N4: Dez
C5: 40908 | D5: 40940 | E5: 40969 | F5: 41000 | G5: 41031 | H5: 41061 | I5: 41092 | J5: 41117 | K5: 41153 | L5: 41183 | M5: 41218 | N5: 41247 | O5: 41272
A6: Hauptzähler Internat | C6: 2357818.1 | D6: 2369216 | E6: 2381300 | F6: 2387206.2 | G6: 2391485.2 | H6: 2393713.2 | I6: 2395448 | J6: 2396698.4 | K6: 2398171.8 | L6: 2400338.8 | M6: 2405921.7 | N6: 2413599.8 | O6: 2424091 | Q6: =SUM(O6-C6) -> 66272.9
A7: Zwischenzähler Küche | C7: 5530.39 | D7: 5630.1 | E7: 5708.23 | F7: 5799.36 | G7: 5855.52 | H7: 5939.37 | I7: 5997.71 | J7: 6046.2 | K7: 6072.92 | L7: 6145.24 | M7: 6231.2 | N7: 6310.58 | O7: 6377.84 | R7: =SUM(O7-C7) -> 847.45 | S7: (Küche)
A8: alte Aula | C8: 195332.72 | D8: 196181.74 | E8: 197076.83 | F8: 197446.79 | G8: 197623.46 | H8: 197671.1 | I8: 197671.1 | J8: 197671.1 | K8: 197671.1 | L8: 197716.72 | M8: 197994.21 | N8: 198532.09 | O8: 199225.12 | Q8: =SUM(O8-C8) -> 3892.4
A9: Lichtenstern 13 | C9: 46421.5 | D9: 46926.54 | E9: 47541.34 | F9: 47873.73 | G9: 48176.32 | H9: 111.32 | I9: 197.102 | J9: 259.55 | K9: 343.21 | L9: 436.32 | M9: 702.15 | N9: 1067.089 | O9: 1599.187 | Q9: =SUM(G9-C9)+(O9-H9) -> 3242.687
A14: 2013 | B14: m³ | C14: Jan | D14: Feb | E14: Mrz | F14: Apr | G14: Mai | H14: Jun | I14: Jul | J14: Aug | K14: Sep | L14: Okt | M14: Nov | N14: Dez
C15: 41274 | D15: 41306 | E15: 41334 | F15: 41366 | G15: 41397 | H15: 41429 | I15: 41456 | J15: 41487 | K15: 41519 | L15: 41548 | M15: 41582 | N15: 41610 | O15: 41639
A16: Hauptzähler Internat | C16: 2424091 | D16: 2433708.1 | E16: 2444294.8 | F16: 2453427.5 | G16: 2458453.1 | H16: 2461630 | I16: 2463357.8 | J16: 2464632.9 | K16: 2465778.8 | L16: 2468109.1 | M16: 2472373.9 | N16: 2479928.6 | O16: 2490394.6 | Q16: =SUM(O16-C16) -> 66303.6
A17: Zwischenzähler Küche | C17: 6377.84 | D17: 6425.79 | E17: 6466.1 | F17: 6514.99 | G17: 6574.03 | H17: 6596.47 | I17: 6652.18 | J17: 6683.9 | K17: 6700.95 | L17: 6753.71 | M17: 6823.08 | N17: 6883.77 | O17: 6928.63 | R17: =SUM(O17-C17) -> 550.79
A18: alte Aula | C18: 199225.12 | D18: 199975.98 | E18: 200844.17 | F18: 201620.1 | G18: 201867.99 | H18: 201935.5 | I18: 201938.5 | J18: 201938.5 | K18: 201938.5 | L18: 202009.4 | M18: 202228.2 | N18: 202826.8 | O18: 203621.22 | Q18: =SUM(O18-C18) -> 4396.1
A19: Lichtenstern 13 | C19: 1599.187 | D19: 2032.99 | E19: 2543.845 | F19: 3000.42 | G19: 3231.69 | H19: 3418.32 | I19: 3513.82 | J19: 3598.2 | K19: 3661.59 | L19: 3772.255 | M19: 4004.36 | N19: 4343.86 | O19: 4865.99 | Q19: =SUM(O19-C19) -> 3266.803
A23: 2014 | B23: m³ | C23: Jan | D23: Feb | E23: Mrz | F23: Apr | G23: Mai | H23: Jun | I23: Jul | J23: Aug | K23: Sep | L23: Okt | M23: Nov | N23: Dez
C24: 41639 | D24: 41671 | E24: 41699 | F24: 41730 | G24: 41764 | H24: 41792 | I24: 41821 | J24: 41852 | K24: 41886 | L24: 41920 | M24: 41947 | N24: 41974 | O24: 42004
A25: Hauptzähler Internat | C25: 2490394.6 | D25: 2497766.7 | E25: 2506385.8 | F25: 2511284.8 | G25: 2515015 | H25: 2517686.7 | I25: 2518857.7 | J25: 2520714.2 | K25: 2523006.3 | L25: 2526512.8 | M25: 2531021.7 | N25: 2540310.9 | O25: 2554989.3 | Q25: =SUM(O25-C25) -> 64594.7
A26: Zwischenzähler Küche | C26: 6928.63 | D26: 6982 | E26: 7038.57 | F26: 7080.21 | G26: 7111.11 | H26: 7159.44 | I26: 7177.2 | J26: 7206.47 | K26: 7226.77 | L26: 7274.32 | M26: 7315.9 | N26: 7378.48 | O26: 7415.92 | R26: =SUM(O26-C26) -> 487.29
A27: Aula | C27: 203621.22 | D27: 204254.46 | E27: 204848.1 | F27: 205152.78 | G27: 205302.9 | H27: 205360.74 | I27: 205360.74 | J27: 205360.74 | K27: 205360.74 | L27: 205422.91 | M27: 205554.2 | N27: 205965.65 | O27: 206903.74 | Q27: =SUM(O27-C27) -> 3282.52
A28: Lichtenstern 13 | C28: 4865.99 | D28: 5198.32 | E28: 5601.87 | F28: 5833.84 | G28: 6015.61 | H28: 6135.654 | I28: 6142.51 | J28: 6142.512 | K28: 6142.517 | L28: 6142.52 | M28: 6142.52 | N28: 6142.52 | O28: 6142.52 | Q28: =SUM(O28-C28) -> 1276.53
A33: 2015 | B33: m³ | C33: Jan | D33: Feb | E33: Mrz | F33: Apr | G33: Mai | H33: Jun | I33: Jul | J33: Aug | K33: Sep | L33: Okt | M33: Nov | N33: Dez
C34: 42011 | D34: 42036 | E34: 42065 | F34: 42095 | G34: 42128 | H34: 42156 | I34: 42186 | J34: 42217 | K34: 42248 | L34: 42278 | M34: 42310 | N34: 41974 | O34: 42369 | Q34: =SUM(O34-C34) -> 358
A35: Hauptzähler Internat | C35: 2554989.3 | D35: 2566447.4 | E35: 2579459.2 | F35: 2589152.6 | G35: 2595544.1 | H35: 2598595.5 | I35: 2601468.2 | J35: 2603757.6 | K35: 2605297.7 | L35: 2610168.7 | M35: 2618174.2 | N35: 2626970.1 | O35: 2640719.2 | R35: =SUM(O35-C35) -> 85729.9
A36: Zwischenzähler Küche | C36: 7415.92 | D36: 7468.8 | E36: 7508.4 | F36: 7566.74 | G36: 7600 | H36: 7630.2 | I36: 7686.83 | J36: 7719.35 | K36: 7746.35 | L36: 7788.97 | M36: 7857.45 | N36: 7915.36 | O36: 7953.92 | Q36: =SUM(O36-C36) -> 538
A37: Aula | C37: 206903.74 | D37: 207612.78 | E37: 208422.7 | F37: 208893.7 | G37: 209121.39 | H37: 209122.7 | I37: 209122.7 | J37: 209122.77 | K37: 209122.77 | L37: 209191.9 | M37: 209469.99 | N37: 209899.11 | O37: 210611.2 | Q37: =SUM(O37-C37) -> 3707.46
A42: 2016 | B42: m³ | C42: Jan | D42: Feb | E42: Mrz | F42: Apr | G42: Mai | H42: Jun | I42: Jul | J42: Aug | K42: Sep | L42: Okt | M42: Nov | N42: Dez
C43: 42376 | D43: 42402 | E43: 42430 | F43: 42461 | G43: 42492 | H43: 42522 | I43: 42552 | J43: 42594 | K43: 42614 | L43: 42644 | M43: 42676 | N43: 42705 | O43: 42735 | Q43: =SUM(O43-C43) -> 359
A44: Hauptzähler Internat | C44: 2640719.2 | D44: 2650552.4 | E44: 2661835.3 | F44: 2672823.1 | G44: 2680927.7 | H44: 2685900.2 | I44: 2689055.5 | J44: 2692781.6 | K44: 2694316.9 | L44: 2698948.3 | M44: 2706188.4 | N44: 2717395.6 | O44: 2735689.3 | R44: =SUM(O44-C44) -> 94970.1
A45: Zwischenzähler Küche | C45: 7953.92 | D45: 8002.1 | E45: 8041.62 | F45: 8073.22 | G45: 8128.37 | H45: 8156.48 | I45: 8224.2 | J45: 8286.12 | K45: 8286.12 | L45: 8335.7 | M45: 8379.5 | N45: 8431.88 | O45: 8476.4 | Q45: =SUM(O45-C45) -> 522.48
A46: Aula | C46: 210611.2 | D46: 211170.9 | E46: 211881.8 | F46: 212442.18 | G46: 212727 | H46: 212777.5 | I46: 212777.5 | J46: 212777.5 | K46: 212777.58 | L46: 212841.3 | M46: 213063.9 | N46: 213671.5 | O46: 214762.22 | Q46: =SUM(O46-C46) -> 4151.02
A50: 2017 | B50: m³ | C50: Jan | D50: Feb | E50: Mrz | F50: Apr | G50: Mai | H50: Jun | I50: Jul | J50: Aug | K50: Sep | L50: Okt | M50: Nov | N50: Dez
C51: 42744 | D51: 42767 | E51: 42800 | F51: 42826 | G51: 42857 | H51: 42887 | I51: 42917 | J51: 42948 | K51: 42979 | L51: 43012 | M51: 43041 | N51: 43070 | O51: 43100 | Q51: =SUM(O51-C51) -> 356
A52: Hauptzähler Internat | C52: 2735689.3 | D52: 2747740.5 | E52: 2760193 | F52: 2767825.5 | G52: 2774730.9 | H52: 2779241.3 | I52: 2781920 | J52: 2783594.5 | K52: 2786158 | L52: 2792582.8 | M52: 2797836.3 | N52: 2808347.9 | O52: 2824187 | R52: =SUM(O52-C52) -> 88497.7
A53: Zwischenzähler Küche | C53: 8476.4 | D53: 8512.1 | E53: 8558.8 | F53: 8607.1 | G53: 8633.17 | H53: 8678.4 | I53: 8714.29 | J53: 8732 | K53: 8755.9 | L53: 8810.13 | M53: 8853.62 | N53: 8900.1 | O53: 8947.18 | Q53: =SUM(O53-C53) -> 470.78
A54: Aula | C54: 214762.22 | D54: 215604.7 | E54: 216325.71 | F54: 216640.8 | G54: 216874.2 | H54: 216955.3 | I54: 216955.5 | J54: 216955.7 | K54: 216955.7 | L54: 217049.4 | M54: 217290.52 | N54: 217733.2 | O54: 218543.6 | Q54: =SUM(O54-C54) -> 3781.38
A58: 2018 | B58: m³ | C58: Jan | D58: Feb | E58: Mrz | F58: Apr | G58: Mai | H58: Jun | I58: Jul | J58: Aug | K58: Sep | L58: Okt | M58: Nov | N58: Dez
C59: 43109 | D59: 43132 | E59: 43160 | F59: 43193 | G59: 43222 | H59: 43255 | I59: 43282 | J59: 43319 | K59: 43346 | L59: 43374 | M59: 43409 | N59: 43437 | O59: 43465 | Q59: =SUM(O59-C59) -> 356
A60: Hauptzähler Internat | C60: 2824187 | D60: 2833779 | E60: 2847096.3 | F60: 2858403.6 | G60: 2861526.3 | H60: 2864658.3 | I60: 2866907 | J60: 2869623.2 | K60: 2871597.5 | L60: 2873905.1 | M60: 2879592.2 | N60: 2889220.1 | O60: 2903435.2 | R60: =SUM(O60-C60) -> 79248.2
A61: Zwischenzähler Küche | C61: 8947.18 | D61: 8990.66 | E61: 9018.57 | F61: 9059 | G61: 9097.6 | H61: 9134 | I61: 9196 | J61: 9219.22 | K61: 9219.22 | L61: 9270.39 | M61: 9312.49 | N61: 9359.4 | O61: 9392 | Q61: =SUM(O61-C61) -> 444.82
A62: Aula | C62: 1588.3 | D62: 2146.8 | E62: 3095.96 | F62: 3659.72 | G62: 3764.82 | H62: 3785.9 | I62: 3785.9 | J62: 3785.9 | K62: 3785.9 | L62: 3804.6 | M62: 3935 | N62: 4479.2 | O62: 5385.26 | Q62: =SUM(O62-C62) -> 3796.96
A66: 2019 | B66: m³ | C66: Jan | D66: Feb | E66: Mrz | F66: Apr | G66: Mai | H66: Jun | I66: Jul | J66: Aug | K66: Sep | L66: Okt | M66: Nov | N66: Dez
C67: 43472 | D67: 43497 | E67: 43525 | F67: 43556 | G67: 43587 | H67: 43619 | I67: 43647 | J67: 43691 | K67: 43718 | L67: 43739 | M67: 43770 | N67: 43804 | O67: 43830 | Q67: =SUM(O67-C67) -> 358
A68: Hauptzähler Internat | C68: 2903435.2 | D68: 2915511.2 | E68: 2926852.4 | F68: 2936525.2 | G68: 2943479.3 | H68: 2949614 | I68: 2951939.2 | J68: 2955621.2 | K68: 2958164 | L68: 2961226.6 | M68: 2965962.9 | N68: 2980873 | O68: 2986369.1 | R68: =SUM(O68-C68) -> 82933.9
A69: Zwischenzähler Küche | C69: 9392 | D69: 9433.62 | E69: 9481.74 | F69: 9516.17 | G69: 9547.43 | H69: 9585.27 | I69: 9598.49 | J69: 9639.39 | K69: 9641.18 | L69: 9681.23 | M69: 9724.67 | N69: 9791.7 | O69: 9807.53 | Q69: =SUM(O69-C69) -> 415.53
A70: Aula | C70: 5385.26 | D70: 6178.67 | E70: 6800 | F70: 7156.7 | G70: 7315.2 | H70: 7447.66 | I70: 7447.66 | J70: 7447.66 | K70: 7540.46 | L70: 7589.19 | M70: 7622 | N70: 8464.41 | O70: 8728.07 | Q70: =SUM(O70-C70) -> 3342.81
A74: 2020 | B74: m³ | C74: Jan | D74: Feb | E74: Mrz | F74: Apr | G74: Mai | H74: Jun | I74: Jul | J74: Aug | K74: Sep | L74: Okt | M74: Nov | N74: Dez
C75: 43830 | D75: 43864 | E75: 43892 | F75: 43922 | G75: 43955 | H75: 43984 | I75: 44013 | J75: 44046 | K75: 44075 | L75: 44105 | M75: 44138 | N75: 44166 | O75: 44196 | Q75: =SUM(O75-C75) -> 366
A76: Hauptzähler Internat | C76: 2986396.1 | D76: 3004529.2 | E76: 3014489.2 | F76: 3023627.4 | G76: 3028918.5 | H76: 3033731.8 | I76: 3036600 | J76: 3039051.2 | K76: 3041302.8 | L76: 3046097.9 | M76: 3055532.1 | N76: 3066788.2 | O76: 3084107.5 | R76: =SUM(O76-C76) -> 97711.4
A77: Zwischenzähler Küche | C77: 9807.53 | D77: 9859.41 | E77: 9887.72 | F77: 9916.43 | G77: 9917 | H77: 9931 | I77: 9931.67 | J77: 9932.61 | K77: 9932.62 | L77: 9979.31 | M77: 10022.99 | N77: 10092.41 | O77: 10122.35 | Q77: =SUM(O77-C77) -> 314.82
A78: Aula | C78: 8728.07 | D78: 9590.82 | E78: 10148.48 | F78: 10398 | G78: 10398.19 | H78: 10449 | I78: 10449.38 | J78: 10449.38 | K78: 10449.38 | L78: 10501.6 | M78: 10723.9 | N78: 11308.69 | O78: 12158.34 | Q78: =SUM(O78-C78) -> 3430.27
A82: 2021 | B82: m³ | C82: Jan | D82: Feb | E82: Mrz | F82: Apr | G82: Mai | H82: Jun | I82: Jul | J82: Aug | K82: Sep | L82: Okt | M82: Nov | N82: Dez
C83: 44196 | D83: 44228 | E83: 44259 | F83: 44293 | G83: 44319 | H83: 44348 | I83: 44382 | J83: 44411 | K83: 44440 | L83: 44470 | M83: 44503 | N83: 44531 | O83: 44561 | Q83: =SUM(O83-C83) -> 365
A84: Hauptzähler Internat | C84: 3084107.5 | D84: 3096114.8 | E84: 3108798 | F84: 3121030 | G84: 3128276.9 | H84: 3136007.4 | I84: 3139629.3 | J84: 3142383.8 | K84: 3146704.9 | L84: 3152037.1 | M84: 3161473.4 | N84: 3176076.5 | O84: 3185650.5 | R84: =SUM(O84-C84) -> 101543
A85: Zwischenzähler Küche | C85: 10122.35 | D85: 10123.06 | E85: 10134.15 | F85: 10161.32 | G85: 10184.29 | H85: 10209.91 | I85: 10260.07 | J85: 10302.14 | K85: 10302.14 | L85: 10340.62 | M85: 10395.7 | N85: 10446.8 | O85: 10482.99 | Q85: =SUM(O85-C85) -> 360.64
A86: Haus der Musik | C86: 12158.34 | D86: 12801.2 | E86: 13370.3 | F86: 13882.62 | G86: 14155.52 | H86: 14292.33 | I86: 14293.04 | J86: 14293.04 | K86: 14293.04 | L86: 14341.52 | M86: 14608.6 | N86: 15245.92 | O86: 15768.6 | Q86: =SUM(O86-C86) -> 3610.26
A89: 2022 | B89: m³ | C89: Jan | D89: Feb | E89: Mrz | F89: Apr | G89: Mai | H89: Jun | I89: Jul | J89: Aug | K89: Sep | L89: Okt | M89: Nov | N89: Dez
C90: 44573 | D90: 44228 | E90: 44621 | F90: 44652 | G90: 44683 | H90: 44713 | I90: 44743 | J90: 44774 | K90: 44805 | L90: 44839 | M90: 44867 | N90: 44896 | O90: 44926 | Q90: =SUM(O91-C91) -> 78482
A91: Hauptzähler Internat | C91: 3193989 | D91: 3204464.9 | E91: 3214602.5 | F91: 3226614.5 | G91: 3233285 | H91: 3237251.5 | I91: 3240201.8 | J91: 3242727.3 | K91: 3245194.7 | L91: 3250585 | M91: 3254752 | N91: 3263522 | O91: 3272471 | R91: =SUM(O91-C91) -> 78482
A92: Zwischenzähler Küche | C92: 10491 | D92: 10524.9 | E92: 10561.92 | F92: 10616.62 | G92: 10645 | H92: 10697 | I92: 10734 | J92: 10762.2 | K92: 10777.87 | L92: 10817 | M92: 10866 | N92: 10910 | O92: 10948 | Q92: =SUM(O92-C92) -> 457
A93: Haus der Musik | C93: 16155 | D93: 16783.92 | E93: 17241.3 | F93: 17821.8 | G93: 18034 | H93: 18061 | I93: 18061.1 | J93: 18061.13 | K93: 18061.14 | L93: 18133 | M93: 18225 | N93: 18580 | O93: 19214 | Q93: =SUM(O93-C93) -> 3059
A96: 2023 | B96: m³ | C96: Jan | D96: Feb | E96: Mrz | F96: Apr | G96: Mai | H96: Jun | I96: Jul | J96: Aug | K96: Sep | L96: Okt | M96: Nov | N96: Dez
C97: 44938 | D97: 44958 | E97: 44986 | F97: 45017 | G97: 45048 | H97: 45078 | I97: 45108 | J97: 45139 | K97: 45170 | L97: 45204 | M97: 45232 | N97: 45264 | O97: 45291 | Q97: =SUM(O98-C98) -> 81733
A98: Hauptzähler Internat | C98: 3272471 | D98: 3286722 | E98: 3297713 | F98: 3306566 | G98: 3312098 | H98: 3315461 | I98: 3318033 | J98: 3319968 | K98: 3322264 | L98: 3325138 | M98: 3331462 | N98: 3340730 | O98: 3354204 | R98: =SUM(O98-C98) -> 81733
A99: Zwischenzähler Küche | C99: 10948 | D99: 10998 | E99: 11030 | F99: 11066 | G99: 11087 | H99: 11112.47 | I99: 11134.3 | J99: 11152 | K99: 11152 | L99: 11153 | M99: 11153 | N99: 11153 | O99: 11154.4 | Q99: =SUM(O99-C99) -> 206.4
A100: Haus der Musik | C100: 19214 | D100: 20045 | E100: 20710 | F100: 21096 | G100: 21349 | H100: 21410 | I100: 21410 | J100: 21411 | K100: 21411 | L100: 21437 | M100: 21635 | N100: 22188 | O100: 22848.8 | Q100: =SUM(O100-C100) -> 3634.8
A103: 2024 | B103: m³ | C103: Jan | D103: Feb | E103: Mrz | F103: Apr | G103: Mai | H103: Jun | I103: Jul | J103: Aug | K103: Sep | L103: Okt | M103: Nov | N103: Dez
C104: 45303 | D104: 45323 | E104: 45352 | F104: 45384 | G104: 45414 | H104: 45446 | I104: 45474 | J104: 45505 | K104: 45537 | L104: 45566 | M104: 45600 | N104: 45630 | O104: 45657 | Q104: =SUM(O104-C104) -> 354
A105: Hauptzähler Internat | C105: 3354204 | D105: 3365376.8 | E105: 3374498.5 | F105: 3383327 | G105: 3389468.9 | H105: 3392576.7 | I105: 3394843 | J105: 3397023 | K105: 3399123.4 | L105: 3402301 | M105: 3408010.2 | N105: 3417621.9 | O105: 3424623.6 | R105: =SUM(O105-C105) -> 70419.6
A106: Zwischenzähler Küche | C106: 11154.4 | D106: 11155.43 | E106: 11155.99 | F106: 11156 | G106: 11156.88 | H106: 11157 | I106: 11157.22 | J106: 11157.47 | K106: 11157.47 | L106: 11158.32 | M106: 11158.71 | N106: 11159.41 | O106: 11160.67 | Q106: =SUM(O106-C106) -> 6.27
A107: Haus der Musik | C107: 22848.8 | D107: 23575 | E107: 23958.19 | F107: 24312 | G107: 24553.86 | H107: 24574 | I107: 24581.33 | J107: 24583.15 | K107: 24586.47 | L107: 24630 | M107: 24801.78 | N107: 25377.95 | O107: 25832.07 | Q107: =SUM(O107-C107) -> 2983.27
A110: 2025 | B110: m³ | C110: Jan | D110: Feb | E110: Mrz | F110: Apr | G110: Mai | H110: Jun | I110: Jul | J110: Aug | K110: Sep | L110: Okt | M110: Nov | N110: Dez
C111: 45669 | D111: 45689 | E111: 45717 | F111: 45748 | G111: 45782 | H111: 45810 | I111: 45839 | J111: 45870 | K111: 45902 | L111: 45931 | M111: 45964 | N111: 45992 | O111: 46022 | Q111: =SUM(O111-C111) -> 353
A112: Hauptzähler Internat | C112: 3424623.6 | D112: 3443199.8 | E112: 3454401.4 | F112: 3464664.8 | G112: 3470745 | H112: 3474616.2 | I112: 3476652.2 | J112: 3479165.1 | K112: 3481783 | L112: 3485236 | M112: 3491642.9 | N112: 3500328.2 | O112: 3506981.8 | R112: =SUM(O112-C112) -> 82358.2
A113: Zwischenzähler Küche | C113: 11160.67 | D113: 11161.65 | E113: 11162.25 | F113: 11162.82 | G113: 11163.03 | H113: 11163.12 | I113: 11163.22 | J113: 11163.5 | K113: 11163.5 | L113: 11164.39 | M113: 11164.72 | N113: 11166.58 | O113: 11167.87 | Q113: =SUM(O113-C113) -> 7.2
A114: Haus der Musik | C114: 25832.07 | D114: 27137.67 | E114: 27865.41 | F114: 28374.32 | G114: 28596.46 | H114: 28665.73 | I114: 28665.73 | J114: 28665.73 | K114: 28665.73 | L114: 28665.73 | M114: 28672.07 | N114: 29267.85 | O114: 29663.92 | Q114: =SUM(O114-C114) -> 3831.85
A117: 2026 | B117: m³ | C117: Jan | D117: Feb | E117: Mrz | F117: Apr | G117: Mai | H117: Jun | I117: Jul | J117: Aug | K117: Sep | L117: Okt | M117: Nov | N117: Dez
C118: 45669 | D118: 46055 | Q118: =SUM(O118-C118) -> -45669
A119: Hauptzähler Internat | C119: 3506981.8 | D119: 3529964.5 | R119: =SUM(O119-C119) -> -3506981.8
A120: Zwischenzähler Küche | C120: 11167.87 | D120: 11168.67 | Q120: =SUM(O120-C120) -> -11167.87
A121: Haus der Musik | C121: 29663.92 | D121: 31102.63 | Q121: =SUM(O121-C121) -> -29663.92

Sheet Verbrauch Gas
A1: Verbrauch Gas
A4: ='Ablesewerte Gas'!A4 -> 2012 | B4: ='Ablesewerte Gas'!B4 -> m³ | C4: ='Ablesewerte Gas'!C4 -> Jan | D4: ='Ablesewerte Gas'!D4 -> Feb | E4: ='Ablesewerte Gas'!E4 -> Mrz | F4: ='Ablesewerte Gas'!F4 -> Apr | G4: ='Ablesewerte Gas'!G4 -> Mai | H4: ='Ablesewerte Gas'!H4 -> Jun | ... N4: ='Ablesewerte Gas'!N4 -> Dez
A6: ='Ablesewerte Gas'!A6 -> Hauptzähler Internat | C6: =SUM('Ablesewerte Gas'!D6-'Ablesewerte Gas'!C6) -> 11397.9 | D6: =SUM('Ablesewerte Gas'!E6-'Ablesewerte Gas'!D6) -> 12084 | E6: =SUM('Ablesewerte Gas'!F6-'Ablesewerte Gas'!E6) -> 5906.2 | F6: =SUM('Ablesewerte Gas'!G6-'Ablesewerte Gas'!F6) -> 4279 | G6: =SUM('Ablesewerte Gas'!H6-'Ablesewerte Gas'!G6) -> 2228 | H6: =SUM('Ablesewerte Gas'!I6-'Ablesewerte Gas'!H6) -> 1734.8 | I6: =SUM('Ablesewerte Gas'!J6-'Ablesewerte Gas'!I6) -> 1250.4 | J6: =SUM('Ablesewerte Gas'!K6-'Ablesewerte Gas'!J6) -> 1473.4 | ... N6: =SUM('Ablesewerte Gas'!O6-'Ablesewerte Gas'!N6) -> 10491.2 | P6: =SUM(C6:O6) -> 66272.9
A7: ='Ablesewerte Gas'!A7 -> Zwischenzähler Küche | C7: =SUM('Ablesewerte Gas'!D7-'Ablesewerte Gas'!C7) -> 99.71 | D7: =SUM('Ablesewerte Gas'!E7-'Ablesewerte Gas'!D7) -> 78.13 | E7: =SUM('Ablesewerte Gas'!F7-'Ablesewerte Gas'!E7) -> 91.13 | F7: =SUM('Ablesewerte Gas'!G7-'Ablesewerte Gas'!F7) -> 56.16 | G7: =SUM('Ablesewerte Gas'!H7-'Ablesewerte Gas'!G7) -> 83.85 | H7: =SUM('Ablesewerte Gas'!I7-'Ablesewerte Gas'!H7) -> 58.34 | I7: =SUM('Ablesewerte Gas'!J7-'Ablesewerte Gas'!I7) -> 48.49 | J7: =SUM('Ablesewerte Gas'!K7-'Ablesewerte Gas'!J7) -> 26.72 | ... N7: =SUM('Ablesewerte Gas'!O7-'Ablesewerte Gas'!N7) -> 67.26 | P7: =SUM(C7:O7) -> 847.45
A8: ='Ablesewerte Gas'!A8 -> alte Aula | C8: =SUM('Ablesewerte Gas'!D8-'Ablesewerte Gas'!C8) -> 849.02 | D8: =SUM('Ablesewerte Gas'!E8-'Ablesewerte Gas'!D8) -> 895.09 | E8: =SUM('Ablesewerte Gas'!F8-'Ablesewerte Gas'!E8) -> 369.96 | F8: =SUM('Ablesewerte Gas'!G8-'Ablesewerte Gas'!F8) -> 176.67 | G8: =SUM('Ablesewerte Gas'!H8-'Ablesewerte Gas'!G8) -> 47.64 | H8: =SUM('Ablesewerte Gas'!I8-'Ablesewerte Gas'!H8) -> 0 | I8: =SUM('Ablesewerte Gas'!J8-'Ablesewerte Gas'!I8) -> 0 | J8: =SUM('Ablesewerte Gas'!K8-'Ablesewerte Gas'!J8) -> 0 | ... N8: =SUM('Ablesewerte Gas'!O8-'Ablesewerte Gas'!N8) -> 693.03 | P8: =SUM(C8:O8) -> 3892.4
A9: ='Ablesewerte Gas'!A9 -> Lichtenstern 13 | C9: =SUM('Ablesewerte Gas'!D9-'Ablesewerte Gas'!C9) -> 505.04 | D9: =SUM('Ablesewerte Gas'!E9-'Ablesewerte Gas'!D9) -> 614.8 | E9: =SUM('Ablesewerte Gas'!F9-'Ablesewerte Gas'!E9) -> 332.39 | F9: =SUM('Ablesewerte Gas'!G9-'Ablesewerte Gas'!F9) -> 302.59 | G9: 111.32 | H9: =SUM('Ablesewerte Gas'!I9-'Ablesewerte Gas'!H9) -> 85.782 | I9: =SUM('Ablesewerte Gas'!J9-'Ablesewerte Gas'!I9) -> 62.448 | J9: =SUM('Ablesewerte Gas'!K9-'Ablesewerte Gas'!J9) -> 83.66 | K9: =SUM('Ablesewerte Gas'!L9-'Ablesewerte Gas'!K9) -> 93.11 | L9: =SUM('Ablesewerte Gas'!M9-'Ablesewerte Gas'!L9) -> 265.83 | M9: =SUM('Ablesewerte Gas'!N9-'Ablesewerte Gas'!M9) -> 364.939 | N9: =SUM('Ablesewerte Gas'!O9-'Ablesewerte Gas'!N9) -> 532.098 | P9: =SUM(C9:N9) -> 3354.007
A12: 2013 | B12: ='Ablesewerte Gas'!B14 -> m³ | C12: Jan | D12: Feb | E12: Mrz | F12: Apr | G12: Mai | H12: Jun | I12: Jul | J12: Aug | K12: Sep | L12: Okt | M12: Nov | N12: Dez
A14: Hauptzähler Internat | C14: =SUM('Ablesewerte Gas'!D16-'Ablesewerte Gas'!C16) -> 9617.1 | D14: =SUM('Ablesewerte Gas'!E16-'Ablesewerte Gas'!D16) -> 10586.7 | E14: =SUM('Ablesewerte Gas'!F16-'Ablesewerte Gas'!E16) -> 9132.7 | F14: =SUM('Ablesewerte Gas'!G16-'Ablesewerte Gas'!F16) -> 5025.6 | G14: =SUM('Ablesewerte Gas'!H16-'Ablesewerte Gas'!G16) -> 3176.9 | H14: =SUM('Ablesewerte Gas'!I16-'Ablesewerte Gas'!H16) -> 1727.8 | I14: =SUM('Ablesewerte Gas'!J16-'Ablesewerte Gas'!I16) -> 1275.1 | J14: =SUM('Ablesewerte Gas'!K16-'Ablesewerte Gas'!J16) -> 1145.9 | ... N14: =SUM('Ablesewerte Gas'!O16-'Ablesewerte Gas'!N16) -> 10466 | P14: =SUM(C14:O14) -> 66303.6
A15: Zwischenzähler Küche | C15: =SUM('Ablesewerte Gas'!D17-'Ablesewerte Gas'!C17) -> 47.95 | D15: =SUM('Ablesewerte Gas'!E17-'Ablesewerte Gas'!D17) -> 40.31 | E15: =SUM('Ablesewerte Gas'!F17-'Ablesewerte Gas'!E17) -> 48.89 | F15: =SUM('Ablesewerte Gas'!G17-'Ablesewerte Gas'!F17) -> 59.04 | G15: =SUM('Ablesewerte Gas'!H17-'Ablesewerte Gas'!G17) -> 22.44 | H15: =SUM('Ablesewerte Gas'!I17-'Ablesewerte Gas'!H17) -> 55.71 | I15: =SUM('Ablesewerte Gas'!J17-'Ablesewerte Gas'!I17) -> 31.72 | J15: =SUM('Ablesewerte Gas'!K17-'Ablesewerte Gas'!J17) -> 17.05 | ... N15: =SUM('Ablesewerte Gas'!O17-'Ablesewerte Gas'!N17) -> 44.86 | P15: =SUM(C15:O15) -> 550.79
A16: alte Aula | C16: =SUM('Ablesewerte Gas'!D18-'Ablesewerte Gas'!C18) -> 750.86 | D16: =SUM('Ablesewerte Gas'!E18-'Ablesewerte Gas'!D18) -> 868.19 | E16: =SUM('Ablesewerte Gas'!F18-'Ablesewerte Gas'!E18) -> 775.93 | F16: =SUM('Ablesewerte Gas'!G18-'Ablesewerte Gas'!F18) -> 247.89 | G16: =SUM('Ablesewerte Gas'!H18-'Ablesewerte Gas'!G18) -> 67.51 | H16: =SUM('Ablesewerte Gas'!I18-'Ablesewerte Gas'!H18) -> 3 | I16: =SUM('Ablesewerte Gas'!J18-'Ablesewerte Gas'!I18) -> 0 | J16: =SUM('Ablesewerte Gas'!K18-'Ablesewerte Gas'!J18) -> 0 | ... N16: =SUM('Ablesewerte Gas'!O18-'Ablesewerte Gas'!N18) -> 794.42 | P16: =SUM(C16:O16) -> 4396.1
A17: Lichtenstern 13 | C17: =SUM('Ablesewerte Gas'!D19-'Ablesewerte Gas'!C19) -> 433.803 | D17: =SUM('Ablesewerte Gas'!E19-'Ablesewerte Gas'!D19) -> 510.855 | E17: =SUM('Ablesewerte Gas'!F19-'Ablesewerte Gas'!E19) -> 456.575 | F17: =SUM('Ablesewerte Gas'!G19-'Ablesewerte Gas'!F19) -> 231.27 | G17: =SUM('Ablesewerte Gas'!H19-'Ablesewerte Gas'!G19) -> 186.63 | H17: =SUM('Ablesewerte Gas'!I19-'Ablesewerte Gas'!H19) -> 95.5 | I17: =SUM('Ablesewerte Gas'!J19-'Ablesewerte Gas'!I19) -> 84.38 | J17: =SUM('Ablesewerte Gas'!K19-'Ablesewerte Gas'!J19) -> 63.39 | ... N17: =SUM('Ablesewerte Gas'!O19-'Ablesewerte Gas'!N19) -> 522.13 | P17: =SUM(C17:O17) -> 3266.803
A21: 2014 | B21: ='Ablesewerte Gas'!B23 -> m³ | C21: Jan | D21: Feb | E21: Mrz | F21: Apr | G21: Mai | H21: Jun | I21: Jul | J21: Aug | K21: Sep | L21: Okt | M21: Nov | N21: Dez
A23: Hauptzähler Internat | C23: =SUM('Ablesewerte Gas'!D25-'Ablesewerte Gas'!C25) -> 7372.1 | D23: =SUM('Ablesewerte Gas'!E25-'Ablesewerte Gas'!D25) -> 8619.1 | E23: =SUM('Ablesewerte Gas'!F25-'Ablesewerte Gas'!E25) -> 4899 | F23: =SUM('Ablesewerte Gas'!G25-'Ablesewerte Gas'!F25) -> 3730.2 | G23: =SUM('Ablesewerte Gas'!H25-'Ablesewerte Gas'!G25) -> 2671.7 | H23: =SUM('Ablesewerte Gas'!I25-'Ablesewerte Gas'!H25) -> 1171 | I23: =SUM('Ablesewerte Gas'!J25-'Ablesewerte Gas'!I25) -> 1856.5 | J23: =SUM('Ablesewerte Gas'!K25-'Ablesewerte Gas'!J25) -> 2292.1 | ... N23: =SUM('Ablesewerte Gas'!O25-'Ablesewerte Gas'!N25) -> 14678.4 | P23: =SUM(C23:O23) -> 64594.7
A24: Zwischenzähler Küche | C24: =SUM('Ablesewerte Gas'!D26-'Ablesewerte Gas'!C26) -> 53.37 | D24: =SUM('Ablesewerte Gas'!E26-'Ablesewerte Gas'!D26) -> 56.57 | E24: =SUM('Ablesewerte Gas'!F26-'Ablesewerte Gas'!E26) -> 41.64 | F24: =SUM('Ablesewerte Gas'!G26-'Ablesewerte Gas'!F26) -> 30.9 | G24: =SUM('Ablesewerte Gas'!H26-'Ablesewerte Gas'!G26) -> 48.33 | H24: =SUM('Ablesewerte Gas'!I26-'Ablesewerte Gas'!H26) -> 17.76 | I24: =SUM('Ablesewerte Gas'!J26-'Ablesewerte Gas'!I26) -> 29.27 | J24: =SUM('Ablesewerte Gas'!K26-'Ablesewerte Gas'!J26) -> 20.3 | ... N24: =SUM('Ablesewerte Gas'!O26-'Ablesewerte Gas'!N26) -> 37.44 | P24: =SUM(C24:O24) -> 487.29
A25: alte Aula | C25: =SUM('Ablesewerte Gas'!D27-'Ablesewerte Gas'!C27) -> 633.24 | D25: =SUM('Ablesewerte Gas'!E27-'Ablesewerte Gas'!D27) -> 593.64 | E25: =SUM('Ablesewerte Gas'!F27-'Ablesewerte Gas'!E27) -> 304.68 | F25: =SUM('Ablesewerte Gas'!G27-'Ablesewerte Gas'!F27) -> 150.12 | G25: =SUM('Ablesewerte Gas'!H27-'Ablesewerte Gas'!G27) -> 57.84 | H25: =SUM('Ablesewerte Gas'!I27-'Ablesewerte Gas'!H27) -> 0 | I25: =SUM('Ablesewerte Gas'!J27-'Ablesewerte Gas'!I27) -> 0 | J25: =SUM('Ablesewerte Gas'!K27-'Ablesewerte Gas'!J27) -> 0 | ... N25: =SUM('Ablesewerte Gas'!O27-'Ablesewerte Gas'!N27) -> 938.09 | P25: =SUM(C25:O25) -> 3282.52
A26: Lichtenstern 13 | C26: =SUM('Ablesewerte Gas'!D28-'Ablesewerte Gas'!C28) -> 332.33 | D26: =SUM('Ablesewerte Gas'!E28-'Ablesewerte Gas'!D28) -> 403.55 | E26: =SUM('Ablesewerte Gas'!F28-'Ablesewerte Gas'!E28) -> 231.97 | F26: =SUM('Ablesewerte Gas'!G28-'Ablesewerte Gas'!F28) -> 181.77 | G26: =SUM('Ablesewerte Gas'!H28-'Ablesewerte Gas'!G28) -> 120.044 | H26: =SUM('Ablesewerte Gas'!I28-'Ablesewerte Gas'!H28) -> 6.856 | I26: =SUM('Ablesewerte Gas'!J28-'Ablesewerte Gas'!I28) -> 0.002 | J26: =SUM('Ablesewerte Gas'!K28-'Ablesewerte Gas'!J28) -> 0.005 | ... N26: =SUM('Ablesewerte Gas'!O28-'Ablesewerte Gas'!N28) -> 0 | P26: =SUM(C26:O26) -> 1276.53
A30: 2015 | B30: m³ | C30: Jan | D30: Feb | E30: Mrz | F30: Apr | G30: Mai | H30: Jun | I30: Jul | J30: Aug | K30: Sep | L30: Okt | M30: Nov | N30: Dez
A32: Hauptzähler Internat | C32: =SUM('Ablesewerte Gas'!D35-'Ablesewerte Gas'!C35) -> 11458.1 | D32: =SUM('Ablesewerte Gas'!E35-'Ablesewerte Gas'!D35) -> 13011.8 | E32: =SUM('Ablesewerte Gas'!F35-'Ablesewerte Gas'!E35) -> 9693.4 | F32: =SUM('Ablesewerte Gas'!G35-'Ablesewerte Gas'!F35) -> 6391.5 | G32: =SUM('Ablesewerte Gas'!H35-'Ablesewerte Gas'!G35) -> 3051.4 | H32: =SUM('Ablesewerte Gas'!I35-'Ablesewerte Gas'!H35) -> 2872.7 | I32: =SUM('Ablesewerte Gas'!J35-'Ablesewerte Gas'!I35) -> 2289.4 | J32: =SUM('Ablesewerte Gas'!K35-'Ablesewerte Gas'!J35) -> 1540.1 | ... N32: =SUM('Ablesewerte Gas'!O35-'Ablesewerte Gas'!N35) -> 13749.1 | P32: =SUM(C32:O32) -> 85729.9
A33: Zwischenzähler Küche | C33: =SUM('Ablesewerte Gas'!D36-'Ablesewerte Gas'!C36) -> 52.88 | D33: =SUM('Ablesewerte Gas'!E36-'Ablesewerte Gas'!D36) -> 39.6 | E33: =SUM('Ablesewerte Gas'!F36-'Ablesewerte Gas'!E36) -> 58.34 | F33: =SUM('Ablesewerte Gas'!G36-'Ablesewerte Gas'!F36) -> 33.26 | G33: =SUM('Ablesewerte Gas'!H36-'Ablesewerte Gas'!G36) -> 30.2 | H33: =SUM('Ablesewerte Gas'!I36-'Ablesewerte Gas'!H36) -> 56.63 | I33: =SUM('Ablesewerte Gas'!J36-'Ablesewerte Gas'!I36) -> 32.52 | J33: =SUM('Ablesewerte Gas'!K36-'Ablesewerte Gas'!J36) -> 27 | ... N33: =SUM('Ablesewerte Gas'!O36-'Ablesewerte Gas'!N36) -> 38.56 | P33: =SUM(C33:O33) -> 538
A34: alte Aula | C34: =SUM('Ablesewerte Gas'!D37-'Ablesewerte Gas'!C37) -> 709.04 | D34: =SUM('Ablesewerte Gas'!E37-'Ablesewerte Gas'!D37) -> 809.92 | E34: =SUM('Ablesewerte Gas'!F37-'Ablesewerte Gas'!E37) -> 471 | F34: =SUM('Ablesewerte Gas'!G37-'Ablesewerte Gas'!F37) -> 227.69 | G34: =SUM('Ablesewerte Gas'!H37-'Ablesewerte Gas'!G37) -> 1.31 | H34: =SUM('Ablesewerte Gas'!I37-'Ablesewerte Gas'!H37) -> 0 | I34: =SUM('Ablesewerte Gas'!J37-'Ablesewerte Gas'!I37) -> 0.07 | J34: =SUM('Ablesewerte Gas'!K37-'Ablesewerte Gas'!J37) -> 0 | ... N34: =SUM('Ablesewerte Gas'!O37-'Ablesewerte Gas'!N37) -> 712.09 | P34: =SUM(C34:O34) -> 3707.46
A35: Lichtenstern 13
A38: 2016 | B38: m³ | C38: Jan | D38: Feb | E38: Mrz | F38: Apr | G38: Mai | H38: Jun | I38: Jul | J38: Aug | K38: Sep | L38: Okt | M38: Nov | N38: Dez
A40: Hauptzähler Internat | C40: =SUM('Ablesewerte Gas'!D44-'Ablesewerte Gas'!C44) -> 9833.2 | D40: =SUM('Ablesewerte Gas'!E44-'Ablesewerte Gas'!D44) -> 11282.9 | E40: =SUM('Ablesewerte Gas'!F44-'Ablesewerte Gas'!E44) -> 10987.8 | F40: =SUM('Ablesewerte Gas'!G44-'Ablesewerte Gas'!F44) -> 8104.6 | G40: =SUM('Ablesewerte Gas'!H44-'Ablesewerte Gas'!G44) -> 4972.5 | H40: =SUM('Ablesewerte Gas'!I44-'Ablesewerte Gas'!H44) -> 3155.3 | I40: =SUM('Ablesewerte Gas'!J44-'Ablesewerte Gas'!I44) -> 3726.1 | J40: =SUM('Ablesewerte Gas'!K44-'Ablesewerte Gas'!J44) -> 1535.3 | ... N40: =SUM('Ablesewerte Gas'!O44-'Ablesewerte Gas'!N44) -> 18293.7 | P40: =SUM(C40:O40) -> 94970.1
A41: Zwischenzähler Küche | C41: =SUM('Ablesewerte Gas'!D45-'Ablesewerte Gas'!C45) -> 48.18 | D41: =SUM('Ablesewerte Gas'!E45-'Ablesewerte Gas'!D45) -> 39.52 | E41: =SUM('Ablesewerte Gas'!F45-'Ablesewerte Gas'!E45) -> 31.6 | F41: =SUM('Ablesewerte Gas'!G45-'Ablesewerte Gas'!F45) -> 55.15 | G41: =SUM('Ablesewerte Gas'!H45-'Ablesewerte Gas'!G45) -> 28.11 | H41: =SUM('Ablesewerte Gas'!I45-'Ablesewerte Gas'!H45) -> 67.72 | I41: =SUM('Ablesewerte Gas'!J45-'Ablesewerte Gas'!I45) -> 61.92 | J41: =SUM('Ablesewerte Gas'!K45-'Ablesewerte Gas'!J45) -> 0 | ... N41: =SUM('Ablesewerte Gas'!O45-'Ablesewerte Gas'!N45) -> 44.52 | P41: =SUM(C41:O41) -> 522.48
A42: alte Aula | C42: =SUM('Ablesewerte Gas'!D46-'Ablesewerte Gas'!C46) -> 559.7 | D42: =SUM('Ablesewerte Gas'!E46-'Ablesewerte Gas'!D46) -> 710.9 | E42: =SUM('Ablesewerte Gas'!F46-'Ablesewerte Gas'!E46) -> 560.38 | F42: =SUM('Ablesewerte Gas'!G46-'Ablesewerte Gas'!F46) -> 284.82 | G42: =SUM('Ablesewerte Gas'!H46-'Ablesewerte Gas'!G46) -> 50.5 | H42: =SUM('Ablesewerte Gas'!I46-'Ablesewerte Gas'!H46) -> 0 | I42: =SUM('Ablesewerte Gas'!J46-'Ablesewerte Gas'!I46) -> 0 | J42: =SUM('Ablesewerte Gas'!K46-'Ablesewerte Gas'!J46) -> 0.08 | ... N42: =SUM('Ablesewerte Gas'!O46-'Ablesewerte Gas'!N46) -> 1090.72 | P42: =SUM(C42:O42) -> 4151.02
A46: 2017 | B46: m³ | C46: Jan | D46: Feb | E46: Mrz | F46: Apr | G46: Mai | H46: Jun | I46: Jul | J46: Aug | K46: Sep | L46: Okt | M46: Nov | N46: Dez
A48: Hauptzähler Internat | C48: =SUM('Ablesewerte Gas'!D52-'Ablesewerte Gas'!C52) -> 12051.2 | D48: =SUM('Ablesewerte Gas'!E52-'Ablesewerte Gas'!D52) -> 12452.5 | E48: =SUM('Ablesewerte Gas'!F52-'Ablesewerte Gas'!E52) -> 7632.5 | F48: =SUM('Ablesewerte Gas'!G52-'Ablesewerte Gas'!F52) -> 6905.4 | G48: =SUM('Ablesewerte Gas'!H52-'Ablesewerte Gas'!G52) -> 4510.4 | H48: =SUM('Ablesewerte Gas'!I52-'Ablesewerte Gas'!H52) -> 2678.7 | I48: =SUM('Ablesewerte Gas'!J52-'Ablesewerte Gas'!I52) -> 1674.5 | J48: =SUM('Ablesewerte Gas'!K52-'Ablesewerte Gas'!J52) -> 2563.5 | ... N48: =SUM('Ablesewerte Gas'!O52-'Ablesewerte Gas'!N52) -> 15839.1 | P48: =SUM(C48:O48) -> 88497.7
A49: Zwischenzähler Küche | C49: =SUM('Ablesewerte Gas'!D53-'Ablesewerte Gas'!C53) -> 35.7 | D49: =SUM('Ablesewerte Gas'!E53-'Ablesewerte Gas'!D53) -> 46.7 | E49: =SUM('Ablesewerte Gas'!F53-'Ablesewerte Gas'!E53) -> 48.3 | F49: =SUM('Ablesewerte Gas'!G53-'Ablesewerte Gas'!F53) -> 26.07 | G49: =SUM('Ablesewerte Gas'!H53-'Ablesewerte Gas'!G53) -> 45.23 | H49: =SUM('Ablesewerte Gas'!I53-'Ablesewerte Gas'!H53) -> 35.89 | I49: =SUM('Ablesewerte Gas'!J53-'Ablesewerte Gas'!I53) -> 17.71 | J49: =SUM('Ablesewerte Gas'!K53-'Ablesewerte Gas'!J53) -> 23.9 | ... N49: =SUM('Ablesewerte Gas'!O53-'Ablesewerte Gas'!N53) -> 47.08 | P49: =SUM(C49:O49) -> 470.78
A50: alte Aula | C50: =SUM('Ablesewerte Gas'!D54-'Ablesewerte Gas'!C54) -> 842.48 | D50: =SUM('Ablesewerte Gas'!E54-'Ablesewerte Gas'!D54) -> 721.01 | E50: =SUM('Ablesewerte Gas'!F54-'Ablesewerte Gas'!E54) -> 315.09 | F50: =SUM('Ablesewerte Gas'!G54-'Ablesewerte Gas'!F54) -> 233.4 | G50: =SUM('Ablesewerte Gas'!H54-'Ablesewerte Gas'!G54) -> 81.1 | H50: =SUM('Ablesewerte Gas'!I54-'Ablesewerte Gas'!H54) -> 0.2 | I50: =SUM('Ablesewerte Gas'!J54-'Ablesewerte Gas'!I54) -> 0.2 | J50: =SUM('Ablesewerte Gas'!K54-'Ablesewerte Gas'!J54) -> 0 | ... N50: =SUM('Ablesewerte Gas'!O54-'Ablesewerte Gas'!N54) -> 810.4 | P50: =SUM(C50:O50) -> 3781.38
A55: 2018 | B55: m³ | C55: Jan | D55: Feb | E55: Mrz | F55: Apr | G55: Mai | H55: Jun | I55: Jul | J55: Aug | K55: Sep | L55: Okt | M55: Nov | N55: Dez
A57: Hauptzähler Internat | C57: =SUM('Ablesewerte Gas'!D60-'Ablesewerte Gas'!C60) -> 9592 | D57: =SUM('Ablesewerte Gas'!E60-'Ablesewerte Gas'!D60) -> 13317.3 | E57: =SUM('Ablesewerte Gas'!F60-'Ablesewerte Gas'!E60) -> 11307.3 | F57: =SUM('Ablesewerte Gas'!G60-'Ablesewerte Gas'!F60) -> 3122.7 | G57: =SUM('Ablesewerte Gas'!H60-'Ablesewerte Gas'!G60) -> 3132 | H57: =SUM('Ablesewerte Gas'!I60-'Ablesewerte Gas'!H60) -> 2248.7 | I57: =SUM('Ablesewerte Gas'!J60-'Ablesewerte Gas'!I60) -> 2716.2 | J57: =SUM('Ablesewerte Gas'!K60-'Ablesewerte Gas'!J60) -> 1974.3 | ... N57: =SUM('Ablesewerte Gas'!O60-'Ablesewerte Gas'!N60) -> 14215.1 | P57: =SUM(C57:O57) -> 79248.2
A58: Zwischenzähler Küche | C58: =SUM('Ablesewerte Gas'!D61-'Ablesewerte Gas'!C61) -> 43.48 | D58: =SUM('Ablesewerte Gas'!E61-'Ablesewerte Gas'!D61) -> 27.91 | E58: =SUM('Ablesewerte Gas'!F61-'Ablesewerte Gas'!E61) -> 40.43 | F58: =SUM('Ablesewerte Gas'!G61-'Ablesewerte Gas'!F61) -> 38.6 | G58: =SUM('Ablesewerte Gas'!H61-'Ablesewerte Gas'!G61) -> 36.4 | H58: =SUM('Ablesewerte Gas'!I61-'Ablesewerte Gas'!H61) -> 62 | I58: =SUM('Ablesewerte Gas'!J61-'Ablesewerte Gas'!I61) -> 23.22 | J58: =SUM('Ablesewerte Gas'!K61-'Ablesewerte Gas'!J61) -> 0 | ... N58: =SUM('Ablesewerte Gas'!O61-'Ablesewerte Gas'!N61) -> 32.6 | P58: =SUM(C58:O58) -> 444.82
A59: alte Aula | C59: =SUM('Ablesewerte Gas'!D62-'Ablesewerte Gas'!C62) -> 558.5 | D59: =SUM('Ablesewerte Gas'!E62-'Ablesewerte Gas'!D62) -> 949.16 | E59: =SUM('Ablesewerte Gas'!F62-'Ablesewerte Gas'!E62) -> 563.76 | F59: =SUM('Ablesewerte Gas'!G62-'Ablesewerte Gas'!F62) -> 105.1 | G59: =SUM('Ablesewerte Gas'!H62-'Ablesewerte Gas'!G62) -> 21.08 | H59: =SUM('Ablesewerte Gas'!I62-'Ablesewerte Gas'!H62) -> 0 | I59: =SUM('Ablesewerte Gas'!J62-'Ablesewerte Gas'!I62) -> 0 | J59: =SUM('Ablesewerte Gas'!K62-'Ablesewerte Gas'!J62) -> 0 | ... N59: =SUM('Ablesewerte Gas'!O62-'Ablesewerte Gas'!N62) -> 906.06 | P59: =SUM(C59:O59) -> 3796.96
A65: 2019 | B65: m³ | C65: Jan | D65: Feb | E65: Mrz | F65: Apr | G65: Mai | H65: Jun | I65: Jul | J65: Aug | K65: Sep | L65: Okt | M65: Nov | N65: Dez
A67: Hauptzähler Internat | C67: =SUM('Ablesewerte Gas'!D68-'Ablesewerte Gas'!C68) -> 12076 | D67: =SUM('Ablesewerte Gas'!E68-'Ablesewerte Gas'!D68) -> 11341.2 | E67: =SUM('Ablesewerte Gas'!F68-'Ablesewerte Gas'!E68) -> 9672.8 | F67: =SUM('Ablesewerte Gas'!G68-'Ablesewerte Gas'!F68) -> 6954.1 | G67: =SUM('Ablesewerte Gas'!H68-'Ablesewerte Gas'!G68) -> 6134.7 | H67: =SUM('Ablesewerte Gas'!I68-'Ablesewerte Gas'!H68) -> 2325.2 | I67: =SUM('Ablesewerte Gas'!J68-'Ablesewerte Gas'!I68) -> 3682 | J67: =SUM('Ablesewerte Gas'!K68-'Ablesewerte Gas'!J68) -> 2542.8 | ... N67: =SUM('Ablesewerte Gas'!O68-'Ablesewerte Gas'!N68) -> 5496.1 | P67: =SUM(C67:O67) -> 82933.9
A68: Zwischenzähler Küche | C68: =SUM('Ablesewerte Gas'!D69-'Ablesewerte Gas'!C69) -> 41.62 | D68: =SUM('Ablesewerte Gas'!E69-'Ablesewerte Gas'!D69) -> 48.12 | E68: =SUM('Ablesewerte Gas'!F69-'Ablesewerte Gas'!E69) -> 34.43 | F68: =SUM('Ablesewerte Gas'!G69-'Ablesewerte Gas'!F69) -> 31.26 | G68: =SUM('Ablesewerte Gas'!H69-'Ablesewerte Gas'!G69) -> 37.84 | H68: =SUM('Ablesewerte Gas'!I69-'Ablesewerte Gas'!H69) -> 13.22 | I68: =SUM('Ablesewerte Gas'!J69-'Ablesewerte Gas'!I69) -> 40.9 | J68: =SUM('Ablesewerte Gas'!K69-'Ablesewerte Gas'!J69) -> 1.79 | ... N68: =SUM('Ablesewerte Gas'!O69-'Ablesewerte Gas'!N69) -> 15.83 | P68: =SUM(C68:O68) -> 415.53
A69: alte Aula | C69: =SUM('Ablesewerte Gas'!D70-'Ablesewerte Gas'!C70) -> 793.41 | D69: =SUM('Ablesewerte Gas'!E70-'Ablesewerte Gas'!D70) -> 621.33 | E69: =SUM('Ablesewerte Gas'!F70-'Ablesewerte Gas'!E70) -> 356.7 | F69: =SUM('Ablesewerte Gas'!G70-'Ablesewerte Gas'!F70) -> 158.5 | G69: =SUM('Ablesewerte Gas'!H70-'Ablesewerte Gas'!G70) -> 132.46 | H69: =SUM('Ablesewerte Gas'!I70-'Ablesewerte Gas'!H70) -> 0 | I69: =SUM('Ablesewerte Gas'!J70-'Ablesewerte Gas'!I70) -> 0 | J69: =SUM('Ablesewerte Gas'!K70-'Ablesewerte Gas'!J70) -> 92.8 | ... N69: =SUM('Ablesewerte Gas'!O70-'Ablesewerte Gas'!N70) -> 263.66 | P69: =SUM(C69:N69) -> 3342.81
G70: =SUM('Ablesewerte Gas'!H71-'Ablesewerte Gas'!G71) -> 0
A72: 2020 | B72: m³ | C72: Jan | D72: Feb | E72: Mrz | F72: Apr | G72: Mai | H72: Jun | I72: Jul | J72: Aug | K72: Sep | L72: Okt | M72: Nov | N72: Dez
A74: Hauptzähler Internat | C74: =SUM('Ablesewerte Gas'!D76-'Ablesewerte Gas'!C76) -> 18133.1 | D74: =SUM('Ablesewerte Gas'!E76-'Ablesewerte Gas'!D76) -> 9960 | E74: =SUM('Ablesewerte Gas'!F76-'Ablesewerte Gas'!E76) -> 9138.2 | F74: =SUM('Ablesewerte Gas'!G76-'Ablesewerte Gas'!F76) -> 5291.1 | G74: =SUM('Ablesewerte Gas'!H76-'Ablesewerte Gas'!G76) -> 4813.3 | H74: =SUM('Ablesewerte Gas'!I76-'Ablesewerte Gas'!H76) -> 2868.2 | I74: =SUM('Ablesewerte Gas'!J76-'Ablesewerte Gas'!I76) -> 2451.2 | J74: =SUM('Ablesewerte Gas'!K76-'Ablesewerte Gas'!J76) -> 2251.6 | ... N74: =SUM('Ablesewerte Gas'!O76-'Ablesewerte Gas'!N76) -> 17319.3 | P74: =SUM(C74:O74) -> 97711.4
A75: Zwischenzähler Küche | C75: =SUM('Ablesewerte Gas'!D77-'Ablesewerte Gas'!C77) -> 51.88 | D75: =SUM('Ablesewerte Gas'!E77-'Ablesewerte Gas'!D77) -> 28.31 | E75: =SUM('Ablesewerte Gas'!F77-'Ablesewerte Gas'!E77) -> 28.71 | F75: =SUM('Ablesewerte Gas'!G77-'Ablesewerte Gas'!F77) -> 0.57 | G75: =SUM('Ablesewerte Gas'!H77-'Ablesewerte Gas'!G77) -> 14 | H75: =SUM('Ablesewerte Gas'!I77-'Ablesewerte Gas'!H77) -> 0.67 | I75: =SUM('Ablesewerte Gas'!J77-'Ablesewerte Gas'!I77) -> 0.94 | J75: =SUM('Ablesewerte Gas'!K77-'Ablesewerte Gas'!J77) -> 0.01 | ... N75: =SUM('Ablesewerte Gas'!O77-'Ablesewerte Gas'!N77) -> 29.94 | P75: =SUM(C75:O75) -> 314.82
A76: alte Aula | C76: =SUM('Ablesewerte Gas'!D78-'Ablesewerte Gas'!C78) -> 862.75 | D76: =SUM('Ablesewerte Gas'!E78-'Ablesewerte Gas'!D78) -> 557.66 | E76: =SUM('Ablesewerte Gas'!F78-'Ablesewerte Gas'!E78) -> 249.52 | F76: =SUM('Ablesewerte Gas'!G78-'Ablesewerte Gas'!F78) -> 0.19 | G76: =SUM('Ablesewerte Gas'!H78-'Ablesewerte Gas'!G78) -> 50.81 | H76: =SUM('Ablesewerte Gas'!I78-'Ablesewerte Gas'!H78) -> 0.38 | I76: =SUM('Ablesewerte Gas'!J78-'Ablesewerte Gas'!I78) -> 0 | J76: =SUM('Ablesewerte Gas'!K78-'Ablesewerte Gas'!J78) -> 0 | ... N76: =SUM('Ablesewerte Gas'!O78-'Ablesewerte Gas'!N78) -> 849.65 | P76: =SUM(C76:N76) -> 3430.27
G77: =SUM('Ablesewerte Gas'!H79-'Ablesewerte Gas'!G79) -> 0
A79: 2021 | B79: m³ | C79: Jan | D79: Feb | E79: Mrz | F79: Apr | G79: Mai | H79: Jun | I79: Jul | J79: Aug | K79: Sep | L79: Okt | M79: Nov | N79: Dez
A81: Hauptzähler Internat | C81: =SUM('Ablesewerte Gas'!D84-'Ablesewerte Gas'!C84) -> 12007.3 | D81: =SUM('Ablesewerte Gas'!E84-'Ablesewerte Gas'!D84) -> 12683.2 | E81: =SUM('Ablesewerte Gas'!F84-'Ablesewerte Gas'!E84) -> 12232 | F81: =SUM('Ablesewerte Gas'!G84-'Ablesewerte Gas'!F84) -> 7246.9 | G81: =SUM('Ablesewerte Gas'!H84-'Ablesewerte Gas'!G84) -> 7730.5 | H81: =SUM('Ablesewerte Gas'!I84-'Ablesewerte Gas'!H84) -> 3621.9 | I81: =SUM('Ablesewerte Gas'!J84-'Ablesewerte Gas'!I84) -> 2754.5 | J81: =SUM('Ablesewerte Gas'!K84-'Ablesewerte Gas'!J84) -> 4321.1 | ... N81: =SUM('Ablesewerte Gas'!O84-'Ablesewerte Gas'!N84) -> 9574 | P81: =SUM(C81:O81) -> 101543
A82: Zwischenzähler Küche | C82: =SUM('Ablesewerte Gas'!D85-'Ablesewerte Gas'!C85) -> 0.71 | D82: =SUM('Ablesewerte Gas'!E85-'Ablesewerte Gas'!D85) -> 11.09 | E82: =SUM('Ablesewerte Gas'!F85-'Ablesewerte Gas'!E85) -> 27.17 | F82: =SUM('Ablesewerte Gas'!G85-'Ablesewerte Gas'!F85) -> 22.97 | G82: =SUM('Ablesewerte Gas'!H85-'Ablesewerte Gas'!G85) -> 25.62 | H82: =SUM('Ablesewerte Gas'!I85-'Ablesewerte Gas'!H85) -> 50.16 | I82: =SUM('Ablesewerte Gas'!J85-'Ablesewerte Gas'!I85) -> 42.07 | J82: =SUM('Ablesewerte Gas'!K85-'Ablesewerte Gas'!J85) -> 0 | ... N82: =SUM('Ablesewerte Gas'!O85-'Ablesewerte Gas'!N85) -> 36.19 | P82: =SUM(C82:O82) -> 360.64
A83: Haus der Musik | C83: =SUM('Ablesewerte Gas'!D86-'Ablesewerte Gas'!C86) -> 642.86 | D83: =SUM('Ablesewerte Gas'!E86-'Ablesewerte Gas'!D86) -> 569.1 | E83: =SUM('Ablesewerte Gas'!F86-'Ablesewerte Gas'!E86) -> 512.32 | F83: =SUM('Ablesewerte Gas'!G86-'Ablesewerte Gas'!F86) -> 272.9 | G83: =SUM('Ablesewerte Gas'!H86-'Ablesewerte Gas'!G86) -> 136.81 | H83: =SUM('Ablesewerte Gas'!I86-'Ablesewerte Gas'!H86) -> 0.71 | I83: =SUM('Ablesewerte Gas'!J86-'Ablesewerte Gas'!I86) -> 0 | J83: =SUM('Ablesewerte Gas'!K86-'Ablesewerte Gas'!J86) -> 0 | ... N83: =SUM('Ablesewerte Gas'!O86-'Ablesewerte Gas'!N86) -> 522.68 | P83: =SUM(C83:N83) -> 3610.26
A87: 2022 | B87: m³ | C87: Jan | D87: Feb | E87: Mrz | F87: Apr | G87: Mai | H87: Jun | I87: Jul | J87: Aug | K87: Sep | L87: Okt | M87: Nov | N87: Dez
A89: Hauptzähler Internat | C89: =SUM('Ablesewerte Gas'!D91-'Ablesewerte Gas'!C91) -> 10475.9 | D89: =SUM('Ablesewerte Gas'!E91-'Ablesewerte Gas'!D91) -> 10137.6 | E89: =SUM('Ablesewerte Gas'!F91-'Ablesewerte Gas'!E91) -> 12012 | F89: =SUM('Ablesewerte Gas'!G91-'Ablesewerte Gas'!F91) -> 6670.5 | G89: =SUM('Ablesewerte Gas'!H91-'Ablesewerte Gas'!G91) -> 3966.5 | H89: =SUM('Ablesewerte Gas'!I91-'Ablesewerte Gas'!H91) -> 2950.3 | I89: =SUM('Ablesewerte Gas'!J91-'Ablesewerte Gas'!I91) -> 2525.5 | J89: =SUM('Ablesewerte Gas'!K91-'Ablesewerte Gas'!J91) -> 2467.4 | ... N89: =SUM('Ablesewerte Gas'!O91-'Ablesewerte Gas'!N91) -> 8949 | P89: =SUM(C89:O89) -> 78482
A90: Zwischenzähler Küche | C90: =SUM('Ablesewerte Gas'!D92-'Ablesewerte Gas'!C92) -> 33.9 | D90: =SUM('Ablesewerte Gas'!E92-'Ablesewerte Gas'!D92) -> 37.02 | E90: =SUM('Ablesewerte Gas'!F92-'Ablesewerte Gas'!E92) -> 54.7 | F90: =SUM('Ablesewerte Gas'!G92-'Ablesewerte Gas'!F92) -> 28.38 | G90: =SUM('Ablesewerte Gas'!H92-'Ablesewerte Gas'!G92) -> 52 | H90: =SUM('Ablesewerte Gas'!I92-'Ablesewerte Gas'!H92) -> 37 | I90: =SUM('Ablesewerte Gas'!J92-'Ablesewerte Gas'!I92) -> 28.2 | J90: =SUM('Ablesewerte Gas'!K92-'Ablesewerte Gas'!J92) -> 15.67 | ... N90: =SUM('Ablesewerte Gas'!O92-'Ablesewerte Gas'!N92) -> 38 | P90: =SUM(C90:O90) -> 457
A91: Haus der Musik | C91: =SUM('Ablesewerte Gas'!D93-'Ablesewerte Gas'!C93) -> 628.92 | D91: =SUM('Ablesewerte Gas'!E93-'Ablesewerte Gas'!D93) -> 457.38 | E91: =SUM('Ablesewerte Gas'!F93-'Ablesewerte Gas'!E93) -> 580.5 | F91: =SUM('Ablesewerte Gas'!G93-'Ablesewerte Gas'!F93) -> 212.2 | G91: =SUM('Ablesewerte Gas'!H93-'Ablesewerte Gas'!G93) -> 27 | H91: =SUM('Ablesewerte Gas'!I93-'Ablesewerte Gas'!H93) -> 0.1 | I91: =SUM('Ablesewerte Gas'!J93-'Ablesewerte Gas'!I93) -> 0.03 | J91: =SUM('Ablesewerte Gas'!K93-'Ablesewerte Gas'!J93) -> 0.01 | ... N91: =SUM('Ablesewerte Gas'!O93-'Ablesewerte Gas'!N93) -> 634 | P91: =SUM(C91:N91) -> 3059
A95: 2023 | B95: m³ | C95: Jan | D95: Feb | E95: Mrz | F95: Apr | G95: Mai | H95: Jun | I95: Jul | J95: Aug | K95: Sep | L95: Okt | M95: Nov | N95: Dez
A97: Hauptzähler Internat | C97: =SUM('Ablesewerte Gas'!D98-'Ablesewerte Gas'!C98) -> 14251 | D97: =SUM('Ablesewerte Gas'!E98-'Ablesewerte Gas'!D98) -> 10991 | E97: =SUM('Ablesewerte Gas'!F98-'Ablesewerte Gas'!E98) -> 8853 | F97: =SUM('Ablesewerte Gas'!G98-'Ablesewerte Gas'!F98) -> 5532 | G97: =SUM('Ablesewerte Gas'!H98-'Ablesewerte Gas'!G98) -> 3363 | H97: =SUM('Ablesewerte Gas'!I98-'Ablesewerte Gas'!H98) -> 2572 | I97: =SUM('Ablesewerte Gas'!J98-'Ablesewerte Gas'!I98) -> 1935 | J97: =SUM('Ablesewerte Gas'!K98-'Ablesewerte Gas'!J98) -> 2296 | ... N97: =SUM('Ablesewerte Gas'!O98-'Ablesewerte Gas'!N98) -> 13474 | P97: =SUM(C97:O97) -> 81733
A98: Zwischenzähler Küche | C98: =SUM('Ablesewerte Gas'!D99-'Ablesewerte Gas'!C99) -> 50 | D98: =SUM('Ablesewerte Gas'!E99-'Ablesewerte Gas'!D99) -> 32 | E98: =SUM('Ablesewerte Gas'!F99-'Ablesewerte Gas'!E99) -> 36 | F98: =SUM('Ablesewerte Gas'!G99-'Ablesewerte Gas'!F99) -> 21 | G98: =SUM('Ablesewerte Gas'!H99-'Ablesewerte Gas'!G99) -> 25.47 | H98: =SUM('Ablesewerte Gas'!I99-'Ablesewerte Gas'!H99) -> 21.83 | I98: =SUM('Ablesewerte Gas'!J99-'Ablesewerte Gas'!I99) -> 17.7 | J98: =SUM('Ablesewerte Gas'!K99-'Ablesewerte Gas'!J99) -> 0 | ... N98: =SUM('Ablesewerte Gas'!O99-'Ablesewerte Gas'!N99) -> 1.4 | P98: =SUM(C98:O98) -> 206.4
A99: Haus der Musik | C99: =SUM('Ablesewerte Gas'!D100-'Ablesewerte Gas'!C100) -> 831 | D99: =SUM('Ablesewerte Gas'!E100-'Ablesewerte Gas'!D100) -> 665 | E99: =SUM('Ablesewerte Gas'!F100-'Ablesewerte Gas'!E100) -> 386 | F99: =SUM('Ablesewerte Gas'!G100-'Ablesewerte Gas'!F100) -> 253 | G99: =SUM('Ablesewerte Gas'!H100-'Ablesewerte Gas'!G100) -> 61 | H99: =SUM('Ablesewerte Gas'!I100-'Ablesewerte Gas'!H100) -> 0 | I99: =SUM('Ablesewerte Gas'!J100-'Ablesewerte Gas'!I100) -> 1 | J99: =SUM('Ablesewerte Gas'!K100-'Ablesewerte Gas'!J100) -> 0 | ... N99: =SUM('Ablesewerte Gas'!O100-'Ablesewerte Gas'!N100) -> 660.8 | P99: =SUM(C99:N99) -> 3634.8
A102: 2024 | B102: m³ | C102: Jan | D102: Feb | E102: Mrz | F102: Apr | G102: Mai | H102: Jun | I102: Jul | J102: Aug | K102: Sep | L102: Okt | M102: Nov | N102: Dez
A104: Hauptzähler Internat | C104: =SUM('Ablesewerte Gas'!D105-'Ablesewerte Gas'!C105) -> 11172.8 | D104: =SUM('Ablesewerte Gas'!E105-'Ablesewerte Gas'!D105) -> 9121.7 | E104: =SUM('Ablesewerte Gas'!F105-'Ablesewerte Gas'!E105) -> 8828.5 | F104: =SUM('Ablesewerte Gas'!G105-'Ablesewerte Gas'!F105) -> 6141.9 | G104: =SUM('Ablesewerte Gas'!H105-'Ablesewerte Gas'!G105) -> 3107.8 | H104: =SUM('Ablesewerte Gas'!I105-'Ablesewerte Gas'!H105) -> 2266.3 | I104: =SUM('Ablesewerte Gas'!J105-'Ablesewerte Gas'!I105) -> 2180 | J104: =SUM('Ablesewerte Gas'!K105-'Ablesewerte Gas'!J105) -> 2100.4 | ... N104: =SUM('Ablesewerte Gas'!O105-'Ablesewerte Gas'!N105) -> 7001.7 | P104: =SUM(C104:O104) -> 70419.6
A105: Zwischenzähler Küche | C105: =SUM('Ablesewerte Gas'!D106-'Ablesewerte Gas'!C106) -> 1.03 | D105: =SUM('Ablesewerte Gas'!E106-'Ablesewerte Gas'!D106) -> 0.56 | E105: =SUM('Ablesewerte Gas'!F106-'Ablesewerte Gas'!E106) -> 0.01 | F105: =SUM('Ablesewerte Gas'!G106-'Ablesewerte Gas'!F106) -> 0.88 | G105: =SUM('Ablesewerte Gas'!H106-'Ablesewerte Gas'!G106) -> 0.12 | H105: =SUM('Ablesewerte Gas'!I106-'Ablesewerte Gas'!H106) -> 0.22 | I105: =SUM('Ablesewerte Gas'!J106-'Ablesewerte Gas'!I106) -> 0.25 | J105: =SUM('Ablesewerte Gas'!K106-'Ablesewerte Gas'!J106) -> 0 | ... N105: =SUM('Ablesewerte Gas'!O106-'Ablesewerte Gas'!N106) -> 1.26 | P105: =SUM(C105:O105) -> 6.27
A106: Haus der Musik | C106: =SUM('Ablesewerte Gas'!D107-'Ablesewerte Gas'!C107) -> 726.2 | D106: =SUM('Ablesewerte Gas'!E107-'Ablesewerte Gas'!D107) -> 383.19 | E106: =SUM('Ablesewerte Gas'!F107-'Ablesewerte Gas'!E107) -> 353.81 | F106: =SUM('Ablesewerte Gas'!G107-'Ablesewerte Gas'!F107) -> 241.86 | G106: =SUM('Ablesewerte Gas'!H107-'Ablesewerte Gas'!G107) -> 20.14 | H106: =SUM('Ablesewerte Gas'!I107-'Ablesewerte Gas'!H107) -> 7.33 | I106: =SUM('Ablesewerte Gas'!J107-'Ablesewerte Gas'!I107) -> 1.82 | J106: =SUM('Ablesewerte Gas'!K107-'Ablesewerte Gas'!J107) -> 3.32 | ... N106: =SUM('Ablesewerte Gas'!O107-'Ablesewerte Gas'!N107) -> 454.12 | P106: =SUM(C106:N106) -> 2983.27
A109: 2025 | B109: m³ | C109: Jan | D109: Feb | E109: Mrz | F109: Apr | G109: Mai | H109: Jun | I109: Jul | J109: Aug | K109: Sep | L109: Okt | M109: Nov | N109: Dez
A111: Hauptzähler Internat | C111: =SUM('Ablesewerte Gas'!D112-'Ablesewerte Gas'!C112) -> 18576.2 | D111: =SUM('Ablesewerte Gas'!E112-'Ablesewerte Gas'!D112) -> 11201.6 | E111: =SUM('Ablesewerte Gas'!F112-'Ablesewerte Gas'!E112) -> 10263.4 | F111: =SUM('Ablesewerte Gas'!G112-'Ablesewerte Gas'!F112) -> 6080.2 | G111: =SUM('Ablesewerte Gas'!H112-'Ablesewerte Gas'!G112) -> 3871.2 | H111: =SUM('Ablesewerte Gas'!I112-'Ablesewerte Gas'!H112) -> 2036 | I111: =SUM('Ablesewerte Gas'!J112-'Ablesewerte Gas'!I112) -> 2512.9 | J111: =SUM('Ablesewerte Gas'!K112-'Ablesewerte Gas'!J112) -> 2617.9 | ... N111: =SUM('Ablesewerte Gas'!O112-'Ablesewerte Gas'!N112) -> 6653.6 | P111: =SUM(C111:O111) -> 82358.2
A112: Zwischenzähler Küche | C112: =SUM('Ablesewerte Gas'!D113-'Ablesewerte Gas'!C113) -> 0.98 | D112: =SUM('Ablesewerte Gas'!E113-'Ablesewerte Gas'!D113) -> 0.6 | E112: =SUM('Ablesewerte Gas'!F113-'Ablesewerte Gas'!E113) -> 0.57 | F112: =SUM('Ablesewerte Gas'!G113-'Ablesewerte Gas'!F113) -> 0.21 | G112: =SUM('Ablesewerte Gas'!H113-'Ablesewerte Gas'!G113) -> 0.09 | H112: =SUM('Ablesewerte Gas'!I113-'Ablesewerte Gas'!H113) -> 0.1 | I112: =SUM('Ablesewerte Gas'!J113-'Ablesewerte Gas'!I113) -> 0.28 | J112: =SUM('Ablesewerte Gas'!K113-'Ablesewerte Gas'!J113) -> 0 | ... N112: =SUM('Ablesewerte Gas'!O113-'Ablesewerte Gas'!N113) -> 1.29 | P112: =SUM(C112:O112) -> 7.2
A113: Haus der Musik | C113: =SUM('Ablesewerte Gas'!D114-'Ablesewerte Gas'!C114) -> 1305.6 | D113: =SUM('Ablesewerte Gas'!E114-'Ablesewerte Gas'!D114) -> 727.74 | E113: =SUM('Ablesewerte Gas'!F114-'Ablesewerte Gas'!E114) -> 508.91 | F113: =SUM('Ablesewerte Gas'!G114-'Ablesewerte Gas'!F114) -> 222.14 | G113: =SUM('Ablesewerte Gas'!H114-'Ablesewerte Gas'!G114) -> 69.27 | H113: =SUM('Ablesewerte Gas'!I114-'Ablesewerte Gas'!H114) -> 0 | I113: =SUM('Ablesewerte Gas'!J114-'Ablesewerte Gas'!I114) -> 0 | J113: =SUM('Ablesewerte Gas'!K114-'Ablesewerte Gas'!J114) -> 0 | ... N113: =SUM('Ablesewerte Gas'!O114-'Ablesewerte Gas'!N114) -> 396.07 | P113: =SUM(C113:N113) -> 3831.85
A116: 2026 | B116: m³ | C116: Jan | D116: Feb | E116: Mrz | F116: Apr | G116: Mai | H116: Jun | I116: Jul | J116: Aug | K116: Sep | L116: Okt | M116: Nov | N116: Dez
A118: Hauptzähler Internat | C118: =SUM('Ablesewerte Gas'!D119-'Ablesewerte Gas'!C119) -> 22982.7 | D118: =SUM('Ablesewerte Gas'!E119-'Ablesewerte Gas'!D119) -> -3529964.5 | E118: =SUM('Ablesewerte Gas'!F119-'Ablesewerte Gas'!E119) -> 0 | F118: =SUM('Ablesewerte Gas'!G119-'Ablesewerte Gas'!F119) -> 0 | G118: =SUM('Ablesewerte Gas'!H119-'Ablesewerte Gas'!G119) -> 0 | H118: =SUM('Ablesewerte Gas'!I119-'Ablesewerte Gas'!H119) -> 0 | I118: =SUM('Ablesewerte Gas'!J119-'Ablesewerte Gas'!I119) -> 0 | J118: =SUM('Ablesewerte Gas'!K119-'Ablesewerte Gas'!J119) -> 0 | ... N118: =SUM('Ablesewerte Gas'!O119-'Ablesewerte Gas'!N119) -> 0 | P118: =SUM(C118:O118) -> -3506981.8
A119: Zwischenzähler Küche | C119: =SUM('Ablesewerte Gas'!D120-'Ablesewerte Gas'!C120) -> 0.8 | D119: =SUM('Ablesewerte Gas'!E120-'Ablesewerte Gas'!D120) -> -11168.67 | E119: =SUM('Ablesewerte Gas'!F120-'Ablesewerte Gas'!E120) -> 0 | F119: =SUM('Ablesewerte Gas'!G120-'Ablesewerte Gas'!F120) -> 0 | G119: =SUM('Ablesewerte Gas'!H120-'Ablesewerte Gas'!G120) -> 0 | H119: =SUM('Ablesewerte Gas'!I120-'Ablesewerte Gas'!H120) -> 0 | I119: =SUM('Ablesewerte Gas'!J120-'Ablesewerte Gas'!I120) -> 0 | J119: =SUM('Ablesewerte Gas'!K120-'Ablesewerte Gas'!J120) -> 0 | ... N119: =SUM('Ablesewerte Gas'!O120-'Ablesewerte Gas'!N120) -> 0 | P119: =SUM(C119:O119) -> -11167.87
A120: Haus der Musik | C120: =SUM('Ablesewerte Gas'!D121-'Ablesewerte Gas'!C121) -> 1438.71 | D120: =SUM('Ablesewerte Gas'!E121-'Ablesewerte Gas'!D121) -> -31102.63 | E120: =SUM('Ablesewerte Gas'!F121-'Ablesewerte Gas'!E121) -> 0 | F120: =SUM('Ablesewerte Gas'!G121-'Ablesewerte Gas'!F121) -> 0 | G120: =SUM('Ablesewerte Gas'!H121-'Ablesewerte Gas'!G121) -> 0 | H120: =SUM('Ablesewerte Gas'!I121-'Ablesewerte Gas'!H121) -> 0 | I120: =SUM('Ablesewerte Gas'!J121-'Ablesewerte Gas'!I121) -> 0 | J120: =SUM('Ablesewerte Gas'!K121-'Ablesewerte Gas'!J121) -> 0 | ... N120: =SUM('Ablesewerte Gas'!O121-'Ablesewerte Gas'!N121) -> 0 | P120: =SUM(C120:N120) -> -29663.92

Sheet Ablesewerte Strom
A2: 2012 | Q2: Verbrauch
A3: Strom | B3: kWh | C3: Jan | D3: Feb | E3: Mrz | F3: Apr | G3: Mai | H3: Jun | I3: Jul | J3: Aug | K3: Sep | L3: Okt | M3: Nov | N3: Dez | Q3: pro Messstelle
C4: 40908 | D4: 40940 | E4: 40969 | F4: 41000 | G4: 41031 | H4: 41061 | I4: 41092 | J4: 41117 | K4: 41153 | L4: 04.10.2012 | M4: 41218 | N4: 41247 | O4: 41274
A5: Internat | C5: 327383.8 | D5: 331826.8 | E5: 335501.6 | F5: 339532.3 | G5: 342183.9 | H5: 344905.3 | I5: 346980.3 | J5: 348875.2 | K5: 350516 | L5: 353171.3 | M5: 356948.9 | N5: 360682.2 | O5: 364580.7 | Q5: =SUM(O5-C5) -> 37196.9
A6: UZ Aula * | C6: 183317.3 | D6: 186544.5 | E6: 189105.5 | F6: 191949.9 | G6: 193766.4 | H6: 195468.4 | I6: 196623.5 | J6: 197738.3 | K6: 198856.4 | L6: 200671.8 | M6: 203318.7 | N6: 206038.1 | O6: 208914.2 | Q6: =SUM(O6-C6) -> 25596.9 | R6: =SUM(Q5-Q6) -> 11600
A7: L13 Internat | C7: 38142.5 | D7: 38222.5 | E7: 38286.5 | F7: 38343.5 | G7: 38367 | H7: 38399.5 | I7: 38499.4 | J7: 38502.2 | K7: 38502.2 | L7: 38560.7 | M7: 38622.3 | N7: 38664.7 | O7: 38690.7 | Q7: =SUM(O7-C7) -> 548.2
A8: L13 Gemeinschaft | C8: 49269.2 | D8: 49428 | E8: 49551.5 | F8: 49695.6 | G8: 49816.3 | H8: 49931.6 | I8: 50046.8 | J8: 50165.6 | K8: 50298.8 | L8: 50400 | M8: 50544.2 | N8: 50663.6 | O8: 50812.1 | Q8: =SUM(O8-C8) -> 1542.9
A9: Schule** | P9: keine Ablesung möglich
A10: UZ P002 | C10: 4714.8 | D10: 4784.07 | E10: 4848.45 | F10: 4929.19 | G10: 4980.8 | H10: 5056.18 | I10: 5122.06 | J10: 5182.24 | K10: 5246.44 | L10: 5304.09 | M10: 5382.36 | N10: 5451.51 | O10: 5512.46 | Q10: =SUM(O10-C10) -> 797.66
A11: UZ P003 | C11: 2094.61 | D11: 2122.3 | E11: 2147.61 | F11: 2176.93 | G11: 2195.04 | H11: 2220.14 | I11: 2242.86 | J11: 2263.39 | K11: 2279.52 | L11: 2302.32 | M11: 2336.57 | N11: 2371.23 | O11: 2401.09 | Q11: =SUM(O11-C11) -> 306.48
A12: UZ P004 | C12: 76204.8 | D12: 77316.7 | E12: 78249.6 | F12: 79261.9 | G12: 79889.7 | H12: 80598.2 | I12: 81351.9 | J12: 81871.7 | K12: 82438.3 | L12: 83104.1 | M12: 84119.2 | N12: 85276.7 | O12: 86290.7 | Q12: =SUM(O12-C12) -> 10085.9 | S12: Container
A13: UZ P9 | C13: 5128.1 | D13: 5380 | E13: 6382.9 | F13: 6618.2 | G13: 6678 | H13: 6678 | I13: 6678 | J13: 6678 | K13: 6678 | L13: 6678 | M13: 6678 | N13: 6678 | O13: 6678 | Q13: =SUM(O13-C13) -> 1549.9 | S13: =SUM(Q13:Q14) -> 1859.7
A14: UZ P10 | C14: 7409.3 | D14: 7444.8 | E14: 7541.6 | F14: 7641.3 | G14: 7699.8 | H14: 7714.5 | I14: 7715.2 | J14: 7715.5 | K14: 7715.9 | L14: 7716.5 | M14: 7717.6 | N14: 7718.3 | O14: 7719.1 | Q14: =SUM(O14-C14) -> 309.8
A15: Sporthalle** | P15: keine Ablesung möglich
A16: Sporthalle UZ P4 | C16: 93767.2 | D16: 94979 | E16: 96077.8 | F16: 97210.4 | G16: 98210.9 | H16: 99138.8 | I16: 100062.6 | J16: 100801.2 | K16: 101143.3 | L16: 101965.1 | M16: 103135.9 | N16: 104163.6 | O16: 105579.6 | Q16: =SUM(O16-C16) -> 11812.4
A21: 2013
A22: Strom | B22: kWh | C22: Jan | D22: Feb | E22: Mrz | F22: Apr | G22: Mai | H22: Jun | I22: Jul | J22: Aug | K22: Sep | L22: Okt | M22: Nov | N22: Dez
C23: 41274 | D23: 41306 | E23: 41334 | F23: 41366 | G23: 41397 | H23: 41429 | I23: 41456 | J23: 41487 | K23: 41519 | L23: 41548 | M23: 41582 | N23: 41610 | O23: 41639
A24: Internat | C24: 364580.7 | D24: 367942.7 | E24: 371233.9 | F24: 374692.2 | G24: 377757.1 | H24: 380477.9 | I24: 382451.8 | J24: 383952.2 | K24: 385102.2 | L24: 387240 | M24: 390221.8 | N24: 393847.1 | O24: 397816.7
A25: UZ Aula * | C25: 208914.2 | D25: 211374.3 | E25: 213778.4 | F25: 216319.7 | G25: 218416.4 | H25: 220403.7 | I25: 221631.9 | J25: 222502.5 | K25: 223226.9 | L25: 224622.6 | M25: 226738.8 | N25: 229495 | O25: 232489.1
A26: L13 Internat | C26: 38690.7 | D26: 38718.8 | E26: 38749.4 | F26: 38766.2 | G26: 38802.8 | H26: 38826 | I26: 38834.9 | J26: 38843.8 | K26: 38843.8 | L26: 38909.2 | M26: 38962.4 | N26: 39058.7 | O26: 39110.3
A27: L13 Gemeinschaft | C27: 50812.1 | D27: 50923.4 | E27: 51045.1 | F27: 51180.9 | G27: 51317.4 | H27: 51455.8 | I27: 51555.4 | J27: 51665.6 | K27: 51779 | L27: 51887.6 | M27: 52027.2 | N27: 52148.2 | O27: 52301.6
A28: Schule** | P28: keine Ablesung möglich
A29: UZ P002 | C29: 5512.46 | D29: 5573.65 | E29: 5630.62 | F29: 5694.42 | G29: 5765.3 | H29: 5813.9 | I29: 5885.82 | J29: 5959.3 | K29: 6002.78 | L29: 6065.34 | M29: 6135.13 | N29: 6209.9 | O29: 6277.25
A30: UZ P003 | C30: 2401.09 | D30: 2430.19 | E30: 2458.26 | F30: 2487.06 | G30: 2514.9 | H30: 2535.25 | I30: 2561.56 | J30: 2582.5 | K30: 2594.27 | L30: 2619.32 | M30: 2650.56 | N30: 2684.98 | O30: 2714.73
A31: UZ P004 | C31: 86290.7 | D31: 87229.6 | E31: 88171.6 | F31: 89000.1 | G31: 89768.7 | H31: 90333.5 | I31: 90953.7 | J31: 91432.7 | K31: 91801.8 | L31: 92499.7 | M31: 93408.7 | N31: 94529.9 | O31: 95567.3
A32: UZ P9 | C32: 6678 | D32: 6678 | E32: 6678 | F32: 6678 | G32: 6678 | H32: 6678 | I32: 6678 | J32: 6678 | K32: 6678 | L32: 6678 | M32: 6678 | N32: 6678 | O32: 6678
A33: UZ P10 | C33: 7719.1 | D33: 7719.4 | E33: 7719.8 | F33: 7720.1 | G33: 7720.7 | H33: 7720.9 | I33: 7721.3 | J33: 7811 | K33: 7811.1 | L33: 7811.4 | M33: 7811.4 | N33: 7811.4 | O33: 7811.4
A34: Sporthalle** | P34: keine Ablesung möglich
A35: Sporthalle UZ P4 | C35: 105579.6 | D35: 106537.4 | E35: 107594.9 | F35: 108771.3 | G35: 109805.2 | H35: 110723.2 | I35: 111475.8 | J35: 112177.2 | K35: 112376.1 | L35: 113159.7 | M35: 114187.1 | N35: 115107.1 | O35: 116089.6
A40: 2014
A41: Strom | B41: kWh | C41: Jan | D41: Feb | E41: Mrz | F41: Apr | G41: Mai | H41: Jun | I41: Jul | J41: Aug | K41: Sep | L41: Okt | M41: Nov | N41: Dez
C42: 41639 | D42: 41671 | E42: 41699 | F42: 41730 | G42: 41764 | H42: 41792 | I42: 41821 | J42: 41852 | K42: 41886 | L42: 41920 | M42: 41947 | N42: 41974 | O42: 42004
A43: Internat | C43: 397816.7 | D43: 400929.3 | E43: 404619.6 | F43: 407523 | G43: 410361.8 | H43: 412882.3 | I43: 414557.2 | J43: 416612.3 | K43: 418086.8 | L43: 420119.2 | M43: 422027.4 | N43: 424498.3 | O43: 427634.1
A44: UZ Aula * | C44: 232489.1 | D44: 234809 | E44: 237535.6 | F44: 239682.6 | G44: 241789.9 | H44: 243546.2 | I44: 244568.4 | J44: 245730.9 | K44: 246591.4 | L44: 247823.3 | M44: 249042.2 | N44: 250706.2 | O44: 252916.7
A45: L13 Internat | C45: 39110.3 | D45: 39174.8 | E45: 39223.7 | F45: 39244.4 | G45: 39263.1 | H45: 39293.4 | I45: 39298.4 | J45: 39315.9 | K45: 39317.9 | L45: 39393.8 | M45: 39439.5 | N45: 39500.5 | O45: 39544.3
A46: L13 Gemeinschaft | C46: 52301.6 | D46: 52403 | E46: 52537.7 | F46: 52650.9 | G46: 52790.3 | H46: 52898.3 | I46: 53177.7 | J46: 53542.3 | K46: 53929.3 | L46: 54122.5 | M46: 54169.5 | N46: 54215.9 | O46: 54277.7
A47: Schule** | P47: keine Ablesung möglich
A48: UZ P002 | C48: 6277.25 | D48: 6337.09 | E48: 6411.26 | F48: 6470.15 | G48: 6525.01 | H48: 6596.6 | I48: 6645.27 | J48: 6712.38 | K48: 6773.26 | L48: 6843.75 | M48: 6900.6 | N48: 6968.95 | O48: 7032.58
A49: UZ P003 | C49: 2714.73 | D49: 2740.72 | E49: 2773.8 | F49: 2797.84 | G49: 2818.86 | H49: 2844 | I49: 2860.72 | J49: 2884.96 | K49: 2901.32 | L49: 2930.56 | M49: 2955.8 | N49: 2988.41 | O49: 3021.68
A50: UZ P004 | C50: 95567.3 | D50: 96504.8 | E50: 97617.6 | F50: 98438.4 | G50: 99136.5 | H50: 99811 | I50: 100271.5 | J50: 100881.7 | K50: 101383.6 | L50: 102183.2 | M50: 102183.2 | N50: 102183.2 | O50: 102215.9
A51: UZ P9 | C51: 6678 | D51: 6678 | E51: 6714 | F51: 6714 | G51: 6714 | H51: 6714 | I51: 6714 | J51: 6714 | K51: 6714 | L51: 6714 | M51: 6678 | N51: 6678 | O51: 6678
A52: UZ P10 | C52: 7811.4 | D52: 7811.4 | E52: 7884.3 | F52: 8355.3 | G52: 8563.8 | H52: 8784.6 | I52: 8891.7 | J52: 9156.5 | K52: 9479.9 | L52: 9578 | M52: 7811.4 | N52: 7811.4 | O52: 7811.4
A53: Sporthalle** | P53: keine Ablesung möglich
A54: Sporthalle UZ P4 | C54: 116089.6 | D54: 116863.2 | E54: 117904.6 | F54: 118759.6 | G54: 119681.4 | H54: 120398.7 | I54: 120914 | J54: 121596.6 | K54: 122338.5 | L54: 123119.2 | M54: 123660.3 | N54: 124237.6 | O54: 125112.5
A59: 2015
A60: Strom | B60: kWh | C60: Jan | D60: Feb | E60: Mrz | F60: Apr | G60: Mai | H60: Jun | I60: Jul | J60: Aug | K60: Sep | L60: Okt | M60: Nov | N60: Dez
C61: 42011 | D61: 42036 | E61: 42065 | F61: 42095 | G61: 42128 | H61: 42156 | I61: 42186 | J61: 42217 | K61: 42248 | L61: 42278 | M61: 42310 | N61: 41974 | O61: 42004
A62: Internat | C62: 427634.1 | D62: 430179.2 | E62: 432747.3 | F62: 435118.2 | G62: 437139.6 | H62: 438722.5 | I62: 440433.7 | J62: 442187.7 | K62: 443524.8 | L62: 445318.1 | M62: 447762.3 | N62: 450233.9 | O62: 453336.1
A63: UZ Aula * | C63: 252916.7 | D63: 254620.8 | E63: 256426 | F63: 258017 | G63: 259351.2 | H63: 260387.2 | I63: 261446.4 | J63: 262558.5 | K63: 263471.9 | L63: 264640.9 | M63: 266306.5 | N63: 268132.9 | O63: 270469.9
A64: L13 Internat | C64: 39544.3 | D64: 39586.9 | E64: 39629.9 | F64: 39655.8 | G64: 39662.8 | H64: 39673.5 | I64: 39692.5 | J64: 39701.3 | K64: 39701.3 | L64: 39702.4 | M64: 39767.4 | N64: 39789.3 | O64: 40286.4
A65: L13 Gemeinschaft | C65: 54277.7 | D65: 54324.2 | E65: 54374.6 | F65: 54423.8 | G65: 54486.4 | H65: 54526.7 | I65: 54568.1 | J65: 54603 | K65: 54642.4 | L65: 54684.1 | M65: 54764.2 | N65: 54813.8 | O65: 54871.7
A66: Schule** | P66: keine Ablesung möglich
A67: UZ P002 | C67: 7032.58 | D67: 7093.6 | E67: 7150.96 | F67: 7219.9 | G67: 7282.7 | H67: 7330.6 | I67: 7394.88 | J67: 7459.12 | K67: 7518.42 | L67: 7574.62 | M67: 7655.69 | N67: 7724.54 | O67: 7796.45
A68: UZ P003 | C68: 3021.68 | D68: 3051.37 | E68: 3078.1 | F68: 3106.2 | G68: 3131.1 | H68: 3152.5 | I68: 3178.1 | J68: 3204.11 | K68: 3219.43 | L68: 3247.58 | M68: 3282.03 | N68: 3313.48 | O68: 3345.05
A69: UZ P004 | C69: 32.7 | D69: 965.4 | E69: 1837.3 | F69: 2680 | G69: 3352.8 | H69: 3902.3 | I69: 4582.1 | J69: 5098.1 | K69: 5491.8 | L69: 6215.2 | M69: 7258.6 | N69: 8234 | O69: 9355.9
A70: UZ P9 | C70: 6678 | D70: 6678 | E70: 6678 | F70: 6678 | G70: 6678 | H70: 6729.8 | I70: 6731.7 | J70: 6731.7 | K70: 6731.7 | L70: 6731.7 | M70: 6731.7 | N70: 6731.7 | O70: 6731.7
A71: UZ P10 | C71: 0 | D71: 855 | E71: 1296 | F71: 1296 | G71: 1296 | H71: 1296 | I71: 1296 | J71: 1296 | K71: 1296 | L71: 1296 | M71: 1296 | N71: 1296 | O71: 1296
A72: Sporthalle** | P72: keine Ablesung möglich
A73: Sporthalle UZ P4 | C73: 125112.5 | D73: 125819 | E73: 126626.6 | F73: 127503.6 | G73: 128428.7 | H73: 129039.3 | I73: 129667.9 | J73: 130293.1 | K73: 130534.5 | L73: 131160 | M73: 131889.7 | N73: 132668 | O73: 133487
A74: Strom BHKW 89117711 | C74: 67983 | D74: 93756 | E74: 116444 | F74: 137129 | G74: 150523 | H74: 157375 | I74: 165124 | J74: 170490 | K74: 172269 | L74: 186093 | M74: 207520 | N74: 227056 | O74: 256123
A75: BHKWNetzeinspeisung 21309589: | C75: 313.3 | D75: 381 | E75: 465.9 | F75: 516 | G75: 567 | H75: 599.6 | I75: 633 | J75: 657.9 | K75: 669.2 | L75: 726.2 | M75: 789.8 | N75: 842.9 | O75: 965
A76: Einspeisung Photovoltaik | C76: 88134 | D76: 88673 | E76: 90211 | F76: 93265 | G76: 97788 | H76: 101482 | I76: 105438 | J76: 109773 | K76: 113880 | L76: 116581 | M76: 118301 | N76: 119377 | O76: 120758
A80: 2016
A81: Strom | B81: kWh | C81: Jan | D81: Feb | E81: Mrz | F81: Apr | G81: Mai | H81: Jun | I81: Jul | J81: Aug | K81: Sep | L81: Okt | M81: Nov | N81: Dez
C82: 42380 | D82: 42401 | E82: 42430 | F82: 42461 | G82: 42492 | H82: 42156 | I82: 42552 | J82: 42594 | K82: 42614 | L82: 42644 | M82: 42676 | N82: 42705 | O82: 42735
A83: Internat | C83: 453336.1 | D83: 455370.2 | E83: 457652.8 | F83: 459883.7 | G83: 462027.2 | H83: 463725.5 | I83: 465604.1 | J83: 467905.2 | K83: 468692.2 | L83: 470843.5 | M83: 472800.9 | N83: 475373 | O83: 478833
A84: UZ Aula * | C84: 270469.9 | D84: 271992.5 | E84: 273674.9 | F84: 275269.6 | G84: 276885.1 | H84: 277977.1 | I84: 279200.2 | J84: 280794.8 | K84: 281358 | L84: 282733.3 | M84: 284061.5 | N84: 285925.7 | O84: 288548.5
A85: L13 Internat | C85: 40286.4 | D85: 40622.2 | E85: 41071.5 | F85: 41550.8 | G85: 41994.7 | H85: 42387.5 | I85: 42823.4 | J85: 43622 | K85: 43622 | L85: =AVERAGE(K85,M85) -> 44116.725 | M85: =AVERAGE(K85,O85) -> 44611.45 | N85: =AVERAGE(M85,O85) -> 45106.175 | O85: 45600.9
A86: L13 Gemeinschaft | C86: 54871.7 | D86: 54903.9 | E86: 54942.1 | F86: 54982.2 | G86: 55020.3 | H86: 55048.4 | I86: 55071 | J86: 55104 | K86: 55104 | L86: =AVERAGE(K86,M86) -> 55149.35 | M86: =AVERAGE(K86,O86) -> 55194.7 | N86: =AVERAGE(M86,O86) -> 55240.05 | O86: 55285.4
A87: Schule** | P87: keine Ablesung möglich
A88: UZ P002 | C88: 7796.45 | D88: 7854.83 | E88: 7914.64 | F88: 7979.66 | G88: 8060.55 | H88: 8107.39 | I88: 8188.37 | J88: 8300.68 | K88: 8315.39 | L88: 8384.53 | M88: 8445.99 | N88: 8513.75 | O88: 8581.86
A89: UZ P003 | C89: 3345.05 | D89: 3368 | E89: 3391.95 | F89: 3414.67 | G89: 3440.09 | H89: 3455.34 | I89: 3479.84 | J89: 3507.32 | K89: 3512.72 | L89: 3539.99 | M89: 3562.11 | N89: 3591.4 | O89: 3622.1
A90: UZ P004 | C90: 9355.9 | D90: 10226 | E90: 11186.3 | F90: 11998.5 | G90: 12919.7 | H90: 13446.4 | I90: 14217.2 | J90: 14962.7 | K90: 15171.9 | L90: 16005.2 | M90: 16802.4 | N90: 17819.8 | O90: 18957.3
A91: Sporthalle** | P91: keine Ablesung möglich
A92: Sporthalle UZ P4 | C92: 133487 | D92: 134945.5 | E92: 136955.5 | F92: 139218.4 | G92: 141440.4 | H92: 142991.5 | I92: 144882.4 | J92: 146679.7 | K92: 146837 | L92: 148612.1 | M92: 150335.5 | N92: 152267.1 | O92: 155102.4
A93: Strom BHKW 89117711 | C93: 256123 | D93: 273880 | E93: 296514 | F93: 321376 | G93: 342701 | H93: 353987 | I93: 361925 | J93: 372250 | K93: 376572 | L93: 389600 | M93: 409373 | N93: 432226 | O93: 463790
A94: BHKWNetzeinspeisung 21309589: | C94: 965 | D94: 1009.5 | E94: 1072.5 | F94: 1156.1 | G94: 1218.5 | H94: 1262.7 | I94: 1286.4 | J94: 1325.2 | K94: 1351.8 | L94: 1399 | M94: 1460 | N94: 1520 | O94: 1635.8
A95: Einspeisung Photovoltaik | C95: 120758 | D95: 121501 | E95: 122576 | F95: 125010 | G95: 128200 | H95: 131791 | I95: 135414 | J95: 141111 | K95: 143901 | L95: 147470 | M95: 148992 | N95: 149991 | O95: 151087
A99: 2017
A100: Strom | B100: kWh | C100: Jan | D100: Feb | E100: Mrz | F100: Apr | G100: Mai | H100: Jun | I100: Jul | J100: Aug | K100: Sep | L100: Okt | M100: Nov | N100: Dez
C101: 42744 | D101: 42767 | E101: 42800 | F101: 42826 | G101: 42857 | H101: 42887 | I101: 42917 | J101: 42948 | K101: 42979 | L101: 43012 | M101: 43041 | N101: 43070 | O101: 43100
A102: Schloss | C102: 478833 | D102: 480973.6 | E102: 483962 | F102: 486188.7 | G102: 487977.2 | H102: 490003 | I102: 491737.3 | J102: 493114 | K102: 494709 | L102: 497254.2 | M102: 499155.4 | N102: 501743.9 | O102: 505013.1
A103: UZ Aula * | C103: 288548.5 | D103: 290141.2 | E103: 292307.3 | F103: 293846.9 | G103: 295073.8 | H103: 296412.4 | I103: 297531 | J103: 298450.4 | K103: 299518 | L103: 301189.1 | M103: 302446.1 | N103: 304241.1 | O103: 306568
A104: L13 Internat | C104: 45600.9 | D104: 45980.9 | E104: 45980.9 | F104: 45980.9 | G104: 45980.9 | H104: 45980.9 | I104: 45980.9 | J104: 45980.9 | K104: 45980.9 | L104: 45980.9 | M104: 45980.9 | N104: 45980.9 | O104: 45980.9
A105: L13 Gemeinschaft | C105: 55285.4 | D105: 55323.7 | E105: 55323.7 | F105: 55323.7 | G105: 55323.7 | H105: 55323.7 | I105: 55323.7 | J105: 55323.7 | K105: 55323.7 | L105: 55323.7 | M105: 55323.7 | N105: 55323.7 | O105: 55323.7
A106: Schule** | P106: keine Ablesung möglich
A107: UZ P002 | C107: 8581.86 | D107: 8633.3 | E107: 8708.95 | F107: 8782.23 | G107: 8831.75 | H107: 8907 | I107: 8962.99 | J107: 9011.51 | K107: 9070.75 | L107: 9144.5 | M107: 9200.22 | N107: 9268.11 | O107: 9336.33
A108: UZ P003 | C108: 3622.1 | D108: 3645.5 | E108: 3675.7 | F108: 3701.98 | G108: 3718.84 | H108: 3744.9 | I108: 3764.55 | J108: 3782.52 | K108: 3801.42 | L108: 3830.97 | M108: 3852.03 | N108: 3878.55 | O108: 3907.42
A109: UZ P004 | C109: 18957.3 | D109: 19764.4 | E109: 20892.4 | F109: 21786.5 | G109: 22403.8 | H109: 23207.3 | I109: 23771.7 | J109: 24179.5 | K109: 24693.5 | L109: 25610.2 | M109: 26429.1 | N109: 27430.5 | O109: 28556.8
A110: Sporthalle** | P110: keine Ablesung möglich
A111: Sporthalle UZ P4 | C111: 155102.4 | D111: 156630.5 | E111: 158942.1 | F111: 160775 | G111: 162830.6 | H111: 164561.1 | I111: 166100.5 | J111: 167417.6 | K111: 168714.5 | L111: 170806.5 | M111: 172428.3 | N111: 174316 | O111: 176200.9
A112: Strom BHKW 89117711 | C112: 463790 | D112: 481520 | E112: 503217 | F112: 522577 | G112: 541399 | H112: 554237 | I112: 561826 | J112: 566234 | K112: 571853 | L112: 589160 | M112: 603798 | N112: 626297 | O112: 657804
A113: BHKWNetzeinspeisung 21309589: | C113: 1635.8 | D113: 1680.1 | E113: 1750.2 | F113: 1802.6 | G113: 1879.8 | H113: 1921.3 | I113: 1956.2 | J113: 1971.7 | K113: 1998.7 | L113: 2055.4 | M113: 2098.8 | N113: 2160.2 | O113: 2280.6
A114: Einspeisung Photovoltaik | C114: 151087 | D114: 152047 | E114: 153993 | F114: 156815 | G114: 160202 | H114: 164231 | I114: 168987 | J114: 171900 | K114: 176087 | L114: 179385 | M114: 181151 | N114: 181754 | O114: 182383
A118: 2018
A119: Strom | B119: kWh | C119: Jan | D119: Feb | E119: Mrz | F119: Apr | G119: Mai | H119: Jun | I119: Jul | J119: Aug | K119: Sep | L119: Okt | M119: Nov | N119: Dez
C120: 43109 | D120: 43132 | E120: 43160 | F120: 43193 | G120: 43222 | H120: 43255 | I120: 43282 | J120: 43319 | K120: 43346 | L120: 43374 | M120: 43409 | N120: 43437 | O120: 43465
A121: Schloss | C121: 505013.1 | D121: 507305.3 | E121: 510054.8 | F121: 512738.9 | G121: 514437.7 | H121: 516326.5 | I121: 518116 | J121: 520037.6 | K121: 521170.1 | L121: 522749 | M121: 525122.2 | N121: 527532.9 | O121: 530248.3
A122: UZ Aula * | C122: 306568 | D122: 308166.9 | E122: 310240.9 | F122: 312113.9 | G122: 313217.6 | H122: 314428 | I122: 315555 | J122: 316772.5 | K122: 317479.4 | L122: 318440.9 | M122: 320036.3 | N122: 321726 | O122: 323719.7
...

Sheet Verbrauch Strom
A2: 2012
A3: Strom | D3: Jan | E3: Feb | F3: Mrz | G3: Apr | H3: Mai | I3: Jun | J3: Jul | K3: Aug | L3: Sep | M3: Okt | N3: Nov | O3: Dez
A5: Internat | D5: =SUM('Ablesewerte Strom'!D5-'Ablesewerte Strom'!C5) -> 4443 | E5: =SUM('Ablesewerte Strom'!E5-'Ablesewerte Strom'!D5) -> 3674.8 | F5: =SUM('Ablesewerte Strom'!F5-'Ablesewerte Strom'!E5) -> 4030.7 | G5: =SUM('Ablesewerte Strom'!G5-'Ablesewerte Strom'!F5) -> 2651.6 | H5: =SUM('Ablesewerte Strom'!H5-'Ablesewerte Strom'!G5) -> 2721.4 | I5: =SUM('Ablesewerte Strom'!I5-'Ablesewerte Strom'!H5) -> 2075 | J5: =SUM('Ablesewerte Strom'!J5-'Ablesewerte Strom'!I5) -> 1894.9 | K5: =SUM('Ablesewerte Strom'!K5-'Ablesewerte Strom'!J5) -> 1640.8 | ... O5: =SUM('Ablesewerte Strom'!O5-'Ablesewerte Strom'!N5) -> 3898.5 | Q5: =SUM(D5:O5) -> 37196.9
A6: UZ Aula * | D6: =SUM('Ablesewerte Strom'!D6-'Ablesewerte Strom'!C6) -> 3227.2 | E6: =SUM('Ablesewerte Strom'!E6-'Ablesewerte Strom'!D6) -> 2561 | F6: =SUM('Ablesewerte Strom'!F6-'Ablesewerte Strom'!E6) -> 2844.4 | G6: =SUM('Ablesewerte Strom'!G6-'Ablesewerte Strom'!F6) -> 1816.5 | H6: =SUM('Ablesewerte Strom'!H6-'Ablesewerte Strom'!G6) -> 1702 | I6: =SUM('Ablesewerte Strom'!I6-'Ablesewerte Strom'!H6) -> 1155.1 | J6: =SUM('Ablesewerte Strom'!J6-'Ablesewerte Strom'!I6) -> 1114.8 | K6: =SUM('Ablesewerte Strom'!K6-'Ablesewerte Strom'!J6) -> 1118.1 | ... O6: =SUM('Ablesewerte Strom'!O6-'Ablesewerte Strom'!N6) -> 2876.1 | Q6: =SUM(D6:O6) -> 25596.9
A7: L13 Internat | D7: =SUM('Ablesewerte Strom'!D7-'Ablesewerte Strom'!C7) -> 80 | E7: =SUM('Ablesewerte Strom'!E7-'Ablesewerte Strom'!D7) -> 64 | F7: =SUM('Ablesewerte Strom'!F7-'Ablesewerte Strom'!E7) -> 57 | G7: =SUM('Ablesewerte Strom'!G7-'Ablesewerte Strom'!F7) -> 23.5 | H7: =SUM('Ablesewerte Strom'!H7-'Ablesewerte Strom'!G7) -> 32.5 | I7: =SUM('Ablesewerte Strom'!I7-'Ablesewerte Strom'!H7) -> 99.9 | J7: =SUM('Ablesewerte Strom'!J7-'Ablesewerte Strom'!I7) -> 2.8 | K7: =SUM('Ablesewerte Strom'!K7-'Ablesewerte Strom'!J7) -> 0 | ... O7: =SUM('Ablesewerte Strom'!O7-'Ablesewerte Strom'!N7) -> 26 | Q7: =SUM(D7:O7) -> 548.2
A8: L13 Gemeinschaft | D8: =SUM('Ablesewerte Strom'!D8-'Ablesewerte Strom'!C8) -> 158.8 | E8: =SUM('Ablesewerte Strom'!E8-'Ablesewerte Strom'!D8) -> 123.5 | F8: =SUM('Ablesewerte Strom'!F8-'Ablesewerte Strom'!E8) -> 144.1 | G8: =SUM('Ablesewerte Strom'!G8-'Ablesewerte Strom'!F8) -> 120.7 | H8: =SUM('Ablesewerte Strom'!H8-'Ablesewerte Strom'!G8) -> 115.3 | I8: =SUM('Ablesewerte Strom'!I8-'Ablesewerte Strom'!H8) -> 115.2 | J8: =SUM('Ablesewerte Strom'!J8-'Ablesewerte Strom'!I8) -> 118.8 | K8: =SUM('Ablesewerte Strom'!K8-'Ablesewerte Strom'!J8) -> 133.2 | ... O8: =SUM('Ablesewerte Strom'!O8-'Ablesewerte Strom'!N8) -> 148.5 | Q8: =SUM(D8:O8) -> 1542.9
A9: Schule**
Q10: =SUM(D9:O10) -> 0
A11: UZ P002*** | D11: =SUM('Ablesewerte Strom'!D10-'Ablesewerte Strom'!C10) -> 69.27 | E11: =SUM('Ablesewerte Strom'!E10-'Ablesewerte Strom'!D10) -> 64.38 | F11: =SUM('Ablesewerte Strom'!F10-'Ablesewerte Strom'!E10) -> 80.74 | G11: =SUM('Ablesewerte Strom'!G10-'Ablesewerte Strom'!F10) -> 51.61 | H11: =SUM('Ablesewerte Strom'!H10-'Ablesewerte Strom'!G10) -> 75.38 | I11: =SUM('Ablesewerte Strom'!I10-'Ablesewerte Strom'!H10) -> 65.88 | J11: =SUM('Ablesewerte Strom'!J10-'Ablesewerte Strom'!I10) -> 60.18 | K11: =SUM('Ablesewerte Strom'!K10-'Ablesewerte Strom'!J10) -> 64.2 | ... O11: =SUM('Ablesewerte Strom'!O10-'Ablesewerte Strom'!N10) -> 60.95 | P11: =SUM(D11:O11) -> 797.66 | T11: =SUM('Ablesewerte Strom'!T11-'Ablesewerte Strom'!S11) -> 0
A12: UZ P003*** | D12: =SUM('Ablesewerte Strom'!D11-'Ablesewerte Strom'!C11) -> 27.69 | E12: =SUM('Ablesewerte Strom'!E11-'Ablesewerte Strom'!D11) -> 25.31 | F12: =SUM('Ablesewerte Strom'!F11-'Ablesewerte Strom'!E11) -> 29.32 | G12: =SUM('Ablesewerte Strom'!G11-'Ablesewerte Strom'!F11) -> 18.11 | H12: =SUM('Ablesewerte Strom'!H11-'Ablesewerte Strom'!G11) -> 25.1 | I12: =SUM('Ablesewerte Strom'!I11-'Ablesewerte Strom'!H11) -> 22.72 | J12: =SUM('Ablesewerte Strom'!J11-'Ablesewerte Strom'!I11) -> 20.53 | K12: =SUM('Ablesewerte Strom'!K11-'Ablesewerte Strom'!J11) -> 16.13 | ... O12: =SUM('Ablesewerte Strom'!O11-'Ablesewerte Strom'!N11) -> 29.86 | P12: =SUM(D12:O12) -> 306.48
A13: UZ P004*** | D13: =SUM('Ablesewerte Strom'!D12-'Ablesewerte Strom'!C12) -> 1111.9 | E13: =SUM('Ablesewerte Strom'!E12-'Ablesewerte Strom'!D12) -> 932.9 | F13: =SUM('Ablesewerte Strom'!F12-'Ablesewerte Strom'!E12) -> 1012.3 | G13: =SUM('Ablesewerte Strom'!G12-'Ablesewerte Strom'!F12) -> 627.8 | H13: =SUM('Ablesewerte Strom'!H12-'Ablesewerte Strom'!G12) -> 708.5 | I13: =SUM('Ablesewerte Strom'!I12-'Ablesewerte Strom'!H12) -> 753.7 | J13: =SUM('Ablesewerte Strom'!J12-'Ablesewerte Strom'!I12) -> 519.8 | K13: =SUM('Ablesewerte Strom'!K12-'Ablesewerte Strom'!J12) -> 566.6 | ... O13: =SUM('Ablesewerte Strom'!O12-'Ablesewerte Strom'!N12) -> 1014 | P13: =SUM(D13:O13) -> 10085.9
A14: UZ P9*** | D14: =SUM('Ablesewerte Strom'!D13-'Ablesewerte Strom'!C13) -> 251.9 | E14: =SUM('Ablesewerte Strom'!E13-'Ablesewerte Strom'!D13) -> 1002.9 | F14: =SUM('Ablesewerte Strom'!F13-'Ablesewerte Strom'!E13) -> 235.3 | G14: =SUM('Ablesewerte Strom'!G13-'Ablesewerte Strom'!F13) -> 59.8 | H14: =SUM('Ablesewerte Strom'!H13-'Ablesewerte Strom'!G13) -> 0 | I14: =SUM('Ablesewerte Strom'!I13-'Ablesewerte Strom'!H13) -> 0 | J14: =SUM('Ablesewerte Strom'!J13-'Ablesewerte Strom'!I13) -> 0 | K14: =SUM('Ablesewerte Strom'!K13-'Ablesewerte Strom'!J13) -> 0 | ... O14: =SUM('Ablesewerte Strom'!O13-'Ablesewerte Strom'!N13) -> 0 | P14: =SUM(D14:O14) -> 1549.9
A15: UZ P10*** | D15: =SUM('Ablesewerte Strom'!D14-'Ablesewerte Strom'!C14) -> 35.5 | E15: =SUM('Ablesewerte Strom'!E14-'Ablesewerte Strom'!D14) -> 96.8 | F15: =SUM('Ablesewerte Strom'!F14-'Ablesewerte Strom'!E14) -> 99.7 | G15: =SUM('Ablesewerte Strom'!G14-'Ablesewerte Strom'!F14) -> 58.5 | H15: =SUM('Ablesewerte Strom'!H14-'Ablesewerte Strom'!G14) -> 14.7 | I15: =SUM('Ablesewerte Strom'!I14-'Ablesewerte Strom'!H14) -> 0.7 | J15: =SUM('Ablesewerte Strom'!J14-'Ablesewerte Strom'!I14) -> 0.3 | K15: =SUM('Ablesewerte Strom'!K14-'Ablesewerte Strom'!J14) -> 0.4 | ... O15: =SUM('Ablesewerte Strom'!O14-'Ablesewerte Strom'!N14) -> 0.8 | P15: =SUM(D15:O15) -> 309.8
A16: Sporthalle**
Q17: =SUM(D16:O17) -> 0
A18: Sporthalle UZ P4*** | D18: =SUM('Ablesewerte Strom'!D16-'Ablesewerte Strom'!C16) -> 1211.8 | E18: =SUM('Ablesewerte Strom'!E16-'Ablesewerte Strom'!D16) -> 1098.8 | F18: =SUM('Ablesewerte Strom'!F16-'Ablesewerte Strom'!E16) -> 1132.6 | G18: =SUM('Ablesewerte Strom'!G16-'Ablesewerte Strom'!F16) -> 1000.5 | H18: =SUM('Ablesewerte Strom'!H16-'Ablesewerte Strom'!G16) -> 927.9 | I18: =SUM('Ablesewerte Strom'!I16-'Ablesewerte Strom'!H16) -> 923.8 | J18: =SUM('Ablesewerte Strom'!J16-'Ablesewerte Strom'!I16) -> 738.6 | K18: =SUM('Ablesewerte Strom'!K16-'Ablesewerte Strom'!J16) -> 342.1 | ... O18: =SUM('Ablesewerte Strom'!O16-'Ablesewerte Strom'!N16) -> 1416 | P18: =SUM(D18:O18) -> 11812.4 | Q18: KWH | R18: =SUM(Q5:Q17) -> 64884.9
A21: 2013
A22: Strom | D22: Jan | E22: Feb | F22: Mrz | G22: Apr | H22: Mai | I22: Jun | J22: Jul | K22: Aug | L22: Sep | M22: Okt | N22: Nov | O22: Dez
A24: Internat | D24: =SUM('Ablesewerte Strom'!D24-'Ablesewerte Strom'!C24) -> 3362 | E24: =SUM('Ablesewerte Strom'!E24-'Ablesewerte Strom'!D24) -> 3291.2 | F24: =SUM('Ablesewerte Strom'!F24-'Ablesewerte Strom'!E24) -> 3458.3 | G24: =SUM('Ablesewerte Strom'!G24-'Ablesewerte Strom'!F24) -> 3064.9 | H24: =SUM('Ablesewerte Strom'!H24-'Ablesewerte Strom'!G24) -> 2720.8 | I24: =SUM('Ablesewerte Strom'!I24-'Ablesewerte Strom'!H24) -> 1973.9 | J24: =SUM('Ablesewerte Strom'!J24-'Ablesewerte Strom'!I24) -> 1500.4 | K24: =SUM('Ablesewerte Strom'!K24-'Ablesewerte Strom'!J24) -> 1150 | ... O24: =SUM('Ablesewerte Strom'!O24-'Ablesewerte Strom'!N24) -> 3969.6 | Q24: =SUM(D24:O24) -> 33236
A25: UZ Aula * | D25: =SUM('Ablesewerte Strom'!D25-'Ablesewerte Strom'!C25) -> 2460.1 | E25: =SUM('Ablesewerte Strom'!E25-'Ablesewerte Strom'!D25) -> 2404.1 | F25: =SUM('Ablesewerte Strom'!F25-'Ablesewerte Strom'!E25) -> 2541.3 | G25: =SUM('Ablesewerte Strom'!G25-'Ablesewerte Strom'!F25) -> 2096.7 | H25: =SUM('Ablesewerte Strom'!H25-'Ablesewerte Strom'!G25) -> 1987.3 | I25: =SUM('Ablesewerte Strom'!I25-'Ablesewerte Strom'!H25) -> 1228.2 | J25: =SUM('Ablesewerte Strom'!J25-'Ablesewerte Strom'!I25) -> 870.6 | K25: =SUM('Ablesewerte Strom'!K25-'Ablesewerte Strom'!J25) -> 724.4 | ... O25: =SUM('Ablesewerte Strom'!O25-'Ablesewerte Strom'!N25) -> 2994.1 | Q25: =SUM(D25:O25) -> 23574.9
A26: L13 Internat | D26: =SUM('Ablesewerte Strom'!D26-'Ablesewerte Strom'!C26) -> 28.1 | E26: =SUM('Ablesewerte Strom'!E26-'Ablesewerte Strom'!D26) -> 30.6 | F26: =SUM('Ablesewerte Strom'!F26-'Ablesewerte Strom'!E26) -> 16.8 | G26: =SUM('Ablesewerte Strom'!G26-'Ablesewerte Strom'!F26) -> 36.6 | H26: =SUM('Ablesewerte Strom'!H26-'Ablesewerte Strom'!G26) -> 23.2 | I26: =SUM('Ablesewerte Strom'!I26-'Ablesewerte Strom'!H26) -> 8.9 | J26: =SUM('Ablesewerte Strom'!J26-'Ablesewerte Strom'!I26) -> 8.9 | K26: =SUM('Ablesewerte Strom'!K26-'Ablesewerte Strom'!J26) -> 0 | ... O26: =SUM('Ablesewerte Strom'!O26-'Ablesewerte Strom'!N26) -> 51.6 | Q26: =SUM(D26:O26) -> 419.6
A27: L13 Gemeinschaft | D27: =SUM('Ablesewerte Strom'!D27-'Ablesewerte Strom'!C27) -> 111.3 | E27: =SUM('Ablesewerte Strom'!E27-'Ablesewerte Strom'!D27) -> 121.7 | F27: =SUM('Ablesewerte Strom'!F27-'Ablesewerte Strom'!E27) -> 135.8 | G27: =SUM('Ablesewerte Strom'!G27-'Ablesewerte Strom'!F27) -> 136.5 | H27: =SUM('Ablesewerte Strom'!H27-'Ablesewerte Strom'!G27) -> 138.4 | I27: =SUM('Ablesewerte Strom'!I27-'Ablesewerte Strom'!H27) -> 99.6 | J27: =SUM('Ablesewerte Strom'!J27-'Ablesewerte Strom'!I27) -> 110.2 | K27: =SUM('Ablesewerte Strom'!K27-'Ablesewerte Strom'!J27) -> 113.4 | ... O27: =SUM('Ablesewerte Strom'!O27-'Ablesewerte Strom'!N27) -> 153.4 | Q27: =SUM(D27:O27) -> 1489.5
A28: Schule**
Q29: =SUM(D28:O29) -> 0
A30: UZ P002*** | D30: =SUM('Ablesewerte Strom'!D29-'Ablesewerte Strom'!C29) -> 61.19 | E30: =SUM('Ablesewerte Strom'!E29-'Ablesewerte Strom'!D29) -> 56.97 | F30: =SUM('Ablesewerte Strom'!F29-'Ablesewerte Strom'!E29) -> 63.8 | G30: =SUM('Ablesewerte Strom'!G29-'Ablesewerte Strom'!F29) -> 70.88 | H30: =SUM('Ablesewerte Strom'!H29-'Ablesewerte Strom'!G29) -> 48.6 | I30: =SUM('Ablesewerte Strom'!I29-'Ablesewerte Strom'!H29) -> 71.92 | J30: =SUM('Ablesewerte Strom'!J29-'Ablesewerte Strom'!I29) -> 73.48 | K30: =SUM('Ablesewerte Strom'!K29-'Ablesewerte Strom'!J29) -> 43.48 | ... O30: =SUM('Ablesewerte Strom'!O29-'Ablesewerte Strom'!N29) -> 67.35 | P30: =SUM(D30:O30) -> 764.79
A31: UZ P003*** | D31: =SUM('Ablesewerte Strom'!D30-'Ablesewerte Strom'!C30) -> 29.1 | E31: =SUM('Ablesewerte Strom'!E30-'Ablesewerte Strom'!D30) -> 28.07 | F31: =SUM('Ablesewerte Strom'!F30-'Ablesewerte Strom'!E30) -> 28.8 | G31: =SUM('Ablesewerte Strom'!G30-'Ablesewerte Strom'!F30) -> 27.84 | H31: =SUM('Ablesewerte Strom'!H30-'Ablesewerte Strom'!G30) -> 20.35 | I31: =SUM('Ablesewerte Strom'!I30-'Ablesewerte Strom'!H30) -> 26.31 | J31: =SUM('Ablesewerte Strom'!J30-'Ablesewerte Strom'!I30) -> 20.94 | K31: =SUM('Ablesewerte Strom'!K30-'Ablesewerte Strom'!J30) -> 11.77 | ... O31: =SUM('Ablesewerte Strom'!O30-'Ablesewerte Strom'!N30) -> 29.75 | P31: =SUM(D31:O31) -> 313.64
A32: UZ P004*** | D32: =SUM('Ablesewerte Strom'!D31-'Ablesewerte Strom'!C31) -> 938.9 | E32: =SUM('Ablesewerte Strom'!E31-'Ablesewerte Strom'!D31) -> 942 | F32: =SUM('Ablesewerte Strom'!F31-'Ablesewerte Strom'!E31) -> 828.5 | G32: =SUM('Ablesewerte Strom'!G31-'Ablesewerte Strom'!F31) -> 768.6 | H32: =SUM('Ablesewerte Strom'!H31-'Ablesewerte Strom'!G31) -> 564.8 | I32: =SUM('Ablesewerte Strom'!I31-'Ablesewerte Strom'!H31) -> 620.2 | J32: =SUM('Ablesewerte Strom'!J31-'Ablesewerte Strom'!I31) -> 479 | K32: =SUM('Ablesewerte Strom'!K31-'Ablesewerte Strom'!J31) -> 369.1 | ... O32: =SUM('Ablesewerte Strom'!O31-'Ablesewerte Strom'!N31) -> 1037.4 | P32: =SUM(D32:O32) -> 9276.6
A33: UZ P9*** | D33: =SUM('Ablesewerte Strom'!D32-'Ablesewerte Strom'!C32) -> 0 | E33: =SUM('Ablesewerte Strom'!E32-'Ablesewerte Strom'!D32) -> 0 | F33: =SUM('Ablesewerte Strom'!F32-'Ablesewerte Strom'!E32) -> 0 | G33: =SUM('Ablesewerte Strom'!G32-'Ablesewerte Strom'!F32) -> 0 | H33: =SUM('Ablesewerte Strom'!H32-'Ablesewerte Strom'!G32) -> 0 | I33: =SUM('Ablesewerte Strom'!I32-'Ablesewerte Strom'!H32) -> 0 | J33: =SUM('Ablesewerte Strom'!J32-'Ablesewerte Strom'!I32) -> 0 | K33: =SUM('Ablesewerte Strom'!K32-'Ablesewerte Strom'!J32) -> 0 | ... O33: =SUM('Ablesewerte Strom'!O32-'Ablesewerte Strom'!N32) -> 0 | P33: =SUM(D33:O33) -> 0
A34: UZ P10*** | D34: =SUM('Ablesewerte Strom'!D33-'Ablesewerte Strom'!C33) -> 0.3 | E34: =SUM('Ablesewerte Strom'!E33-'Ablesewerte Strom'!D33) -> 0.4 | F34: =SUM('Ablesewerte Strom'!F33-'Ablesewerte Strom'!E33) -> 0.3 | G34: =SUM('Ablesewerte Strom'!G33-'Ablesewerte Strom'!F33) -> 0.6 | H34: =SUM('Ablesewerte Strom'!H33-'Ablesewerte Strom'!G33) -> 0.2 | I34: =SUM('Ablesewerte Strom'!I33-'Ablesewerte Strom'!H33) -> 0.4 | J34: =SUM('Ablesewerte Strom'!J33-'Ablesewerte Strom'!I33) -> 89.7 | K34: =SUM('Ablesewerte Strom'!K33-'Ablesewerte Strom'!J33) -> 0.1 | ... O34: =SUM('Ablesewerte Strom'!O33-'Ablesewerte Strom'!N33) -> 0 | P34: =SUM(D34:O34) -> 92.3
A35: Sporthalle**
Q36: =SUM(D35:O36) -> 0
A37: Sporthalle UZ P4*** | D37: =SUM('Ablesewerte Strom'!D35-'Ablesewerte Strom'!C35) -> 957.8 | E37: =SUM('Ablesewerte Strom'!E35-'Ablesewerte Strom'!D35) -> 1057.5 | F37: =SUM('Ablesewerte Strom'!F35-'Ablesewerte Strom'!E35) -> 1176.4 | G37: =SUM('Ablesewerte Strom'!G35-'Ablesewerte Strom'!F35) -> 1033.9 | H37: =SUM('Ablesewerte Strom'!H35-'Ablesewerte Strom'!G35) -> 918 | I37: =SUM('Ablesewerte Strom'!I35-'Ablesewerte Strom'!H35) -> 752.6 | J37: =SUM('Ablesewerte Strom'!J35-'Ablesewerte Strom'!I35) -> 701.4 | K37: =SUM('Ablesewerte Strom'!K35-'Ablesewerte Strom'!J35) -> 198.9 | ... O37: =SUM('Ablesewerte Strom'!O35-'Ablesewerte Strom'!N35) -> 982.5 | P37: =SUM(D37:O37) -> 10510 | Q37: KWH | R37: =SUM(Q24:Q36) -> 58720
A44: 2014
A45: Strom | D45: Jan | E45: Feb | F45: Mrz | G45: Apr | H45: Mai | I45: Jun | J45: Jul | K45: Aug | L45: Sep | M45: Okt | N45: Nov | O45: Dez
A47: Internat | D47: =SUM('Ablesewerte Strom'!D43-'Ablesewerte Strom'!C43) -> 3112.6 | E47: =SUM('Ablesewerte Strom'!E43-'Ablesewerte Strom'!D43) -> 3690.3 | F47: =SUM('Ablesewerte Strom'!F43-'Ablesewerte Strom'!E43) -> 2903.4 | G47: =SUM('Ablesewerte Strom'!G43-'Ablesewerte Strom'!F43) -> 2838.8 | H47: =SUM('Ablesewerte Strom'!H43-'Ablesewerte Strom'!G43) -> 2520.5 | I47: =SUM('Ablesewerte Strom'!I43-'Ablesewerte Strom'!H43) -> 1674.9 | J47: =SUM('Ablesewerte Strom'!J43-'Ablesewerte Strom'!I43) -> 2055.1 | K47: =SUM('Ablesewerte Strom'!K43-'Ablesewerte Strom'!J43) -> 1474.5 | ... O47: =SUM('Ablesewerte Strom'!O43-'Ablesewerte Strom'!N43) -> 3135.8 | Q47: =SUM(D47:O47) -> 29817.4
A48: UZ Aula * | D48: =SUM('Ablesewerte Strom'!D44-'Ablesewerte Strom'!C44) -> 2319.9 | E48: =SUM('Ablesewerte Strom'!E44-'Ablesewerte Strom'!D44) -> 2726.6 | F48: =SUM('Ablesewerte Strom'!F44-'Ablesewerte Strom'!E44) -> 2147 | G48: =SUM('Ablesewerte Strom'!G44-'Ablesewerte Strom'!F44) -> 2107.3 | H48: =SUM('Ablesewerte Strom'!H44-'Ablesewerte Strom'!G44) -> 1756.3 | I48: =SUM('Ablesewerte Strom'!I44-'Ablesewerte Strom'!H44) -> 1022.2 | J48: =SUM('Ablesewerte Strom'!J44-'Ablesewerte Strom'!I44) -> 1162.5 | K48: =SUM('Ablesewerte Strom'!K48-'Ablesewerte Strom'!J48) -> 60.88 | L48: =SUM('Ablesewerte Strom'!L44-'Ablesewerte Strom'!K44) -> 1231.9 | M48: =SUM('Ablesewerte Strom'!M44-'Ablesewerte Strom'!L44) -> 1218.9 | N48: =SUM('Ablesewerte Strom'!N44-'Ablesewerte Strom'!M44) -> 1664 | O48: =SUM('Ablesewerte Strom'!O44-'Ablesewerte Strom'!N44) -> 2210.5 | Q48: =SUM(D48:O48) -> 19627.98
A49: L13 Internat | D49: =SUM('Ablesewerte Strom'!D45-'Ablesewerte Strom'!C45) -> 64.5 | E49: =SUM('Ablesewerte Strom'!E45-'Ablesewerte Strom'!D45) -> 48.9 | F49: =SUM('Ablesewerte Strom'!F45-'Ablesewerte Strom'!E45) -> 20.7 | G49: =SUM('Ablesewerte Strom'!G45-'Ablesewerte Strom'!F45) -> 18.7 | H49: =SUM('Ablesewerte Strom'!H45-'Ablesewerte Strom'!G45) -> 30.3 | I49: =SUM('Ablesewerte Strom'!I45-'Ablesewerte Strom'!H45) -> 5 | J49: =SUM('Ablesewerte Strom'!J45-'Ablesewerte Strom'!I45) -> 17.5 | K49: =SUM('Ablesewerte Strom'!K45-'Ablesewerte Strom'!J45) -> 2 | ... O49: =SUM('Ablesewerte Strom'!O45-'Ablesewerte Strom'!N45) -> 43.8 | Q49: =SUM(D49:O49) -> 434
A50: L13 Gemeinschaft | D50: =SUM('Ablesewerte Strom'!D46-'Ablesewerte Strom'!C46) -> 101.4 | E50: =SUM('Ablesewerte Strom'!E46-'Ablesewerte Strom'!D46) -> 134.7 | F50: =SUM('Ablesewerte Strom'!F46-'Ablesewerte Strom'!E46) -> 113.2 | G50: =SUM('Ablesewerte Strom'!G46-'Ablesewerte Strom'!F46) -> 139.4 | H50: =SUM('Ablesewerte Strom'!H46-'Ablesewerte Strom'!G46) -> 108 | I50: =SUM('Ablesewerte Strom'!I46-'Ablesewerte Strom'!H46) -> 279.4 | J50: =SUM('Ablesewerte Strom'!J46-'Ablesewerte Strom'!I46) -> 364.6 | K50: =SUM('Ablesewerte Strom'!K46-'Ablesewerte Strom'!J46) -> 387 | ... O50: =SUM('Ablesewerte Strom'!O46-'Ablesewerte Strom'!N46) -> 61.8 | Q50: =SUM(D50:O50) -> 1976.1
A51: Schule**
Q52: =SUM(D51:O52) -> 0
A53: UZ P002*** | D53: =SUM('Ablesewerte Strom'!D48-'Ablesewerte Strom'!C48) -> 59.84 | E53: =SUM('Ablesewerte Strom'!E48-'Ablesewerte Strom'!D48) -> 74.17 | F53: =SUM('Ablesewerte Strom'!F48-'Ablesewerte Strom'!E48) -> 58.89 | G53: =SUM('Ablesewerte Strom'!G48-'Ablesewerte Strom'!F48) -> 54.86 | H53: =SUM('Ablesewerte Strom'!H48-'Ablesewerte Strom'!G48) -> 71.59 | I53: =SUM('Ablesewerte Strom'!I48-'Ablesewerte Strom'!H48) -> 48.67 | J53: =SUM('Ablesewerte Strom'!J48-'Ablesewerte Strom'!I48) -> 67.11 | K53: =SUM('Ablesewerte Strom'!K48-'Ablesewerte Strom'!J48) -> 60.88 | ... O53: =SUM('Ablesewerte Strom'!O48-'Ablesewerte Strom'!N48) -> 63.63 | P53: =SUM(D53:O53) -> 755.33
A54: UZ P003*** | D54: =SUM('Ablesewerte Strom'!D49-'Ablesewerte Strom'!C49) -> 25.99 | E54: =SUM('Ablesewerte Strom'!E49-'Ablesewerte Strom'!D49) -> 33.08 | F54: =SUM('Ablesewerte Strom'!F49-'Ablesewerte Strom'!E49) -> 24.04 | G54: =SUM('Ablesewerte Strom'!G49-'Ablesewerte Strom'!F49) -> 21.02 | H54: =SUM('Ablesewerte Strom'!H49-'Ablesewerte Strom'!G49) -> 25.14 | I54: =SUM('Ablesewerte Strom'!I49-'Ablesewerte Strom'!H49) -> 16.72 | J54: =SUM('Ablesewerte Strom'!J49-'Ablesewerte Strom'!I49) -> 24.24 | K54: =SUM('Ablesewerte Strom'!K49-'Ablesewerte Strom'!J49) -> 16.36 | ... O54: =SUM('Ablesewerte Strom'!O49-'Ablesewerte Strom'!N49) -> 33.27 | P54: =SUM(D54:O54) -> 306.95
A55: UZ P004*** | D55: =SUM('Ablesewerte Strom'!D50-'Ablesewerte Strom'!C50) -> 937.5 | E55: =SUM('Ablesewerte Strom'!E50-'Ablesewerte Strom'!D50) -> 1112.8 | F55: =SUM('Ablesewerte Strom'!F50-'Ablesewerte Strom'!E50) -> 820.8 | G55: =SUM('Ablesewerte Strom'!G50-'Ablesewerte Strom'!F50) -> 698.1 | H55: =SUM('Ablesewerte Strom'!H50-'Ablesewerte Strom'!G50) -> 674.5 | I55: =SUM('Ablesewerte Strom'!I50-'Ablesewerte Strom'!H50) -> 460.5 | J55: =SUM('Ablesewerte Strom'!J50-'Ablesewerte Strom'!I50) -> 610.2 | K55: =SUM('Ablesewerte Strom'!K50-'Ablesewerte Strom'!J50) -> 501.9 | ... O55: =SUM('Ablesewerte Strom'!O50-'Ablesewerte Strom'!N50) -> 32.7 | P55: =SUM(D55:O55) -> 6648.6
A56: UZ P9*** | D56: =SUM('Ablesewerte Strom'!D51-'Ablesewerte Strom'!C51) -> 0 | E56: =SUM('Ablesewerte Strom'!E51-'Ablesewerte Strom'!D51) -> 36 | F56: =SUM('Ablesewerte Strom'!F51-'Ablesewerte Strom'!E51) -> 0 | G56: =SUM('Ablesewerte Strom'!G51-'Ablesewerte Strom'!F51) -> 0 | H56: =SUM('Ablesewerte Strom'!H51-'Ablesewerte Strom'!G51) -> 0 | I56: =SUM('Ablesewerte Strom'!I51-'Ablesewerte Strom'!H51) -> 0 | J56: =SUM('Ablesewerte Strom'!J51-'Ablesewerte Strom'!I51) -> 0 | K56: =SUM('Ablesewerte Strom'!K51-'Ablesewerte Strom'!J51) -> 0 | ... O56: =SUM('Ablesewerte Strom'!O51-'Ablesewerte Strom'!N51) -> 0 | P56: =SUM(D56:O56) -> 0
A57: UZ P10*** | D57: =SUM('Ablesewerte Strom'!D52-'Ablesewerte Strom'!C52) -> 0 | E57: =SUM('Ablesewerte Strom'!E52-'Ablesewerte Strom'!D52) -> 72.9 | F57: =SUM('Ablesewerte Strom'!F52-'Ablesewerte Strom'!E52) -> 471 | G57: =SUM('Ablesewerte Strom'!G52-'Ablesewerte Strom'!F52) -> 208.5 | H57: =SUM('Ablesewerte Strom'!H52-'Ablesewerte Strom'!G52) -> 220.8 | I57: =SUM('Ablesewerte Strom'!I52-'Ablesewerte Strom'!H52) -> 107.1 | J57: =SUM('Ablesewerte Strom'!J52-'Ablesewerte Strom'!I52) -> 264.8 | K57: =SUM('Ablesewerte Strom'!K52-'Ablesewerte Strom'!J52) -> 323.4 | ... O57: =SUM('Ablesewerte Strom'!O52-'Ablesewerte Strom'!N52) -> 0 | P57: =SUM(D57:O57) -> 0
A58: Sporthalle**
Q59: =SUM(D58:O59) -> 0
A60: Sporthalle UZ P4*** | D60: =SUM('Ablesewerte Strom'!D54-'Ablesewerte Strom'!C54) -> 773.6 | E60: =SUM('Ablesewerte Strom'!E54-'Ablesewerte Strom'!D54) -> 1041.4 | F60: =SUM('Ablesewerte Strom'!F54-'Ablesewerte Strom'!E54) -> 855 | G60: =SUM('Ablesewerte Strom'!G54-'Ablesewerte Strom'!F54) -> 921.8 | H60: =SUM('Ablesewerte Strom'!H54-'Ablesewerte Strom'!G54) -> 717.3 | I60: =SUM('Ablesewerte Strom'!I54-'Ablesewerte Strom'!H54) -> 515.3 | J60: =SUM('Ablesewerte Strom'!J54-'Ablesewerte Strom'!I54) -> 682.6 | K60: =SUM('Ablesewerte Strom'!K54-'Ablesewerte Strom'!J54) -> 741.9 | ... O60: =SUM('Ablesewerte Strom'!O54-'Ablesewerte Strom'!N54) -> 874.9 | P60: =SUM(D60:O60) -> 9022.9 | Q60: KWH | R60: =SUM(Q47:Q59) -> 51855.48
A63: 2015
A64: Strom | D64: Jan | E64: Feb | F64: Mrz | G64: Apr | H64: Mai | I64: Jun | J64: Jul | K64: Aug | L64: Sep | M64: Okt | N64: Nov | O64: Dez
A66: Internat | D66: =SUM('Ablesewerte Strom'!D62-'Ablesewerte Strom'!C62) -> 2545.1 | E66: =SUM('Ablesewerte Strom'!E62-'Ablesewerte Strom'!D62) -> 2568.1 | F66: =SUM('Ablesewerte Strom'!F62-'Ablesewerte Strom'!E62) -> 2370.9 | G66: =SUM('Ablesewerte Strom'!G62-'Ablesewerte Strom'!F62) -> 2021.4 | H66: =SUM('Ablesewerte Strom'!H62-'Ablesewerte Strom'!G62) -> 1582.9 | I66: =SUM('Ablesewerte Strom'!I62-'Ablesewerte Strom'!H62) -> 1711.2 | J66: =SUM('Ablesewerte Strom'!J62-'Ablesewerte Strom'!I62) -> 1754 | K66: =SUM('Ablesewerte Strom'!K62-'Ablesewerte Strom'!J62) -> 1337.1 | ... O66: =SUM('Ablesewerte Strom'!O62-'Ablesewerte Strom'!N62) -> 3102.2 | Q66: =SUM(D66:O66) -> 25702
A67: UZ Aula * | D67: =SUM('Ablesewerte Strom'!D63-'Ablesewerte Strom'!C63) -> 1704.1 | E67: =SUM('Ablesewerte Strom'!E63-'Ablesewerte Strom'!D63) -> 1805.2 | F67: =SUM('Ablesewerte Strom'!F63-'Ablesewerte Strom'!E63) -> 1591 | G67: =SUM('Ablesewerte Strom'!G63-'Ablesewerte Strom'!F63) -> 1334.2 | H67: =SUM('Ablesewerte Strom'!H63-'Ablesewerte Strom'!G63) -> 1036 | I67: =SUM('Ablesewerte Strom'!I63-'Ablesewerte Strom'!H63) -> 1059.2 | J67: =SUM('Ablesewerte Strom'!J63-'Ablesewerte Strom'!I63) -> 1112.1 | K67: =SUM('Ablesewerte Strom'!K63-'Ablesewerte Strom'!J63) -> 913.4 | ... O67: =SUM('Ablesewerte Strom'!O63-'Ablesewerte Strom'!N63) -> 2337 | Q67: =SUM(D67:O67) -> 17553.2
A68: L13 Internat | D68: =SUM('Ablesewerte Strom'!D64-'Ablesewerte Strom'!C64) -> 42.6 | E68: =SUM('Ablesewerte Strom'!E64-'Ablesewerte Strom'!D64) -> 43 | F68: =SUM('Ablesewerte Strom'!F64-'Ablesewerte Strom'!E64) -> 25.9 | G68: =SUM('Ablesewerte Strom'!G64-'Ablesewerte Strom'!F64) -> 7 | H68: =SUM('Ablesewerte Strom'!H64-'Ablesewerte Strom'!G64) -> 10.7 | I68: =SUM('Ablesewerte Strom'!I64-'Ablesewerte Strom'!H64) -> 19 | J68: =SUM('Ablesewerte Strom'!J64-'Ablesewerte Strom'!I64) -> 8.8 | K68: =SUM('Ablesewerte Strom'!K64-'Ablesewerte Strom'!J64) -> 0 | ... O68: =SUM('Ablesewerte Strom'!O64-'Ablesewerte Strom'!N64) -> 497.1 | Q68: =SUM(D68:O68) -> 742.1
A69: L13 Gemeinschaft | D69: =SUM('Ablesewerte Strom'!D65-'Ablesewerte Strom'!C65) -> 46.5 | E69: =SUM('Ablesewerte Strom'!E65-'Ablesewerte Strom'!D65) -> 50.4 | F69: =SUM('Ablesewerte Strom'!F65-'Ablesewerte Strom'!E65) -> 49.2 | G69: =SUM('Ablesewerte Strom'!G65-'Ablesewerte Strom'!F65) -> 62.6 | H69: =SUM('Ablesewerte Strom'!H65-'Ablesewerte Strom'!G65) -> 40.3 | I69: =SUM('Ablesewerte Strom'!I65-'Ablesewerte Strom'!H65) -> 41.4 | J69: =SUM('Ablesewerte Strom'!J65-'Ablesewerte Strom'!I65) -> 34.9 | K69: =SUM('Ablesewerte Strom'!K65-'Ablesewerte Strom'!J65) -> 39.4 | ... O69: =SUM('Ablesewerte Strom'!O65-'Ablesewerte Strom'!N65) -> 57.9 | Q69: =SUM(D69:O69) -> 594
A70: Schule**
Q71: =SUM(D70:O71) -> 0
A72: UZ P002*** | D72: =SUM('Ablesewerte Strom'!D67-'Ablesewerte Strom'!C67) -> 61.02 | E72: =SUM('Ablesewerte Strom'!E67-'Ablesewerte Strom'!D67) -> 57.36 | F72: =SUM('Ablesewerte Strom'!F67-'Ablesewerte Strom'!E67) -> 68.94 | G72: =SUM('Ablesewerte Strom'!G67-'Ablesewerte Strom'!F67) -> 62.8 | H72: =SUM('Ablesewerte Strom'!H67-'Ablesewerte Strom'!G67) -> 47.9 | I72: =SUM('Ablesewerte Strom'!I67-'Ablesewerte Strom'!H67) -> 64.28 | J72: =SUM('Ablesewerte Strom'!J67-'Ablesewerte Strom'!I67) -> 64.24 | K72: =SUM('Ablesewerte Strom'!K67-'Ablesewerte Strom'!J67) -> 59.3 | ... O72: =SUM('Ablesewerte Strom'!O67-'Ablesewerte Strom'!N67) -> 71.91 | P72: =SUM(D72:O72) -> 763.87
A73: UZ P003*** | D73: =SUM('Ablesewerte Strom'!D68-'Ablesewerte Strom'!C68) -> 29.69 | E73: =SUM('Ablesewerte Strom'!E68-'Ablesewerte Strom'!D68) -> 26.73 | F73: =SUM('Ablesewerte Strom'!F68-'Ablesewerte Strom'!E68) -> 28.1 | G73: =SUM('Ablesewerte Strom'!G68-'Ablesewerte Strom'!F68) -> 24.9 | H73: =SUM('Ablesewerte Strom'!H68-'Ablesewerte Strom'!G68) -> 21.4 | I73: =SUM('Ablesewerte Strom'!I68-'Ablesewerte Strom'!H68) -> 25.6 | J73: =SUM('Ablesewerte Strom'!J68-'Ablesewerte Strom'!I68) -> 26.01 | K73: =SUM('Ablesewerte Strom'!K68-'Ablesewerte Strom'!J68) -> 15.32 | ... O73: =SUM('Ablesewerte Strom'!O68-'Ablesewerte Strom'!N68) -> 31.57 | P73: =SUM(D73:O73) -> 323.37
A74: UZ P004*** | D74: =SUM('Ablesewerte Strom'!D69-'Ablesewerte Strom'!C69) -> 932.7 | E74: =SUM('Ablesewerte Strom'!E69-'Ablesewerte Strom'!D69) -> 871.9 | F74: =SUM('Ablesewerte Strom'!F69-'Ablesewerte Strom'!E69) -> 842.7 | G74: =SUM('Ablesewerte Strom'!G69-'Ablesewerte Strom'!F69) -> 672.8 | H74: =SUM('Ablesewerte Strom'!H69-'Ablesewerte Strom'!G69) -> 549.5 | I74: =SUM('Ablesewerte Strom'!I69-'Ablesewerte Strom'!H69) -> 679.8 | J74: =SUM('Ablesewerte Strom'!J69-'Ablesewerte Strom'!I69) -> 516 | K74: =SUM('Ablesewerte Strom'!K69-'Ablesewerte Strom'!J69) -> 393.7 | ... O74: =SUM('Ablesewerte Strom'!O69-'Ablesewerte Strom'!N69) -> 1121.9 | P74: =SUM(D74:O74) -> 9323.2
A75: Sporthalle**
Q76: =SUM(D75:O76) -> 0
A77: Sporthalle UZ P4*** | D77: =SUM('Ablesewerte Strom'!D73-'Ablesewerte Strom'!C73) -> 706.5 | E77: =SUM('Ablesewerte Strom'!E73-'Ablesewerte Strom'!D73) -> 807.6 | F77: =SUM('Ablesewerte Strom'!F73-'Ablesewerte Strom'!E73) -> 877 | G77: =SUM('Ablesewerte Strom'!G73-'Ablesewerte Strom'!F73) -> 925.1 | H77: =SUM('Ablesewerte Strom'!H73-'Ablesewerte Strom'!G73) -> 610.6 | I77: =SUM('Ablesewerte Strom'!I73-'Ablesewerte Strom'!H73) -> 628.6 | J77: =SUM('Ablesewerte Strom'!J73-'Ablesewerte Strom'!I73) -> 625.2 | K77: =SUM('Ablesewerte Strom'!K73-'Ablesewerte Strom'!J73) -> 241.4 | ... O77: =SUM('Ablesewerte Strom'!O73-'Ablesewerte Strom'!N73) -> 819 | P77: =SUM(D77:O77) -> 8374.5 | Q77: KWH | R77: =SUM(Q66:Q76) -> 44591.3
A78: Strom BHKW 89117711 | D78: =SUM('Ablesewerte Strom'!D74-'Ablesewerte Strom'!C74) -> 25773 | E78: =SUM('Ablesewerte Strom'!E74-'Ablesewerte Strom'!D74) -> 22688 | F78: =SUM('Ablesewerte Strom'!F74-'Ablesewerte Strom'!E74) -> 20685 | G78: =SUM('Ablesewerte Strom'!G74-'Ablesewerte Strom'!F74) -> 13394 | H78: =SUM('Ablesewerte Strom'!H74-'Ablesewerte Strom'!G74) -> 6852 | I78: =SUM('Ablesewerte Strom'!I74-'Ablesewerte Strom'!H74) -> 7749 | J78: =SUM('Ablesewerte Strom'!J74-'Ablesewerte Strom'!I74) -> 5366 | K78: =SUM('Ablesewerte Strom'!K74-'Ablesewerte Strom'!J74) -> 1779 | ... O78: =SUM('Ablesewerte Strom'!O74-'Ablesewerte Strom'!N74) -> 29067
A79: BHKWNetzeinspeisung 21309589: | D79: =SUM('Ablesewerte Strom'!D75-'Ablesewerte Strom'!C75) -> 67.7 | E79: =SUM('Ablesewerte Strom'!E75-'Ablesewerte Strom'!D75) -> 84.9 | F79: =SUM('Ablesewerte Strom'!F75-'Ablesewerte Strom'!E75) -> 50.1 | G79: =SUM('Ablesewerte Strom'!G75-'Ablesewerte Strom'!F75) -> 51 | H79: =SUM('Ablesewerte Strom'!H75-'Ablesewerte Strom'!G75) -> 32.6 | I79: =SUM('Ablesewerte Strom'!I75-'Ablesewerte Strom'!H75) -> 33.4 | J79: =SUM('Ablesewerte Strom'!J75-'Ablesewerte Strom'!I75) -> 24.9 | K79: =SUM('Ablesewerte Strom'!K75-'Ablesewerte Strom'!J75) -> 11.3 | ... O79: =SUM('Ablesewerte Strom'!O75-'Ablesewerte Strom'!N75) -> 122.1
A80: Einspeisung Photovoltaik | D80: =SUM('Ablesewerte Strom'!D76-'Ablesewerte Strom'!C76) -> 539 | E80: =SUM('Ablesewerte Strom'!E76-'Ablesewerte Strom'!D76) -> 1538 | F80: =SUM('Ablesewerte Strom'!F76-'Ablesewerte Strom'!E76) -> 3054 | G80: =SUM('Ablesewerte Strom'!G76-'Ablesewerte Strom'!F76) -> 4523 | H80: =SUM('Ablesewerte Strom'!H76-'Ablesewerte Strom'!G76) -> 3694 | I80: =SUM('Ablesewerte Strom'!I76-'Ablesewerte Strom'!H76) -> 3956 | J80: =SUM('Ablesewerte Strom'!J76-'Ablesewerte Strom'!I76) -> 4335 | K80: =SUM('Ablesewerte Strom'!K76-'Ablesewerte Strom'!J76) -> 4107 | ... O80: =SUM('Ablesewerte Strom'!O76-'Ablesewerte Strom'!N76) -> 1381
A82: 2016
A83: Strom | D83: Jan | E83: Feb | F83: Mrz | G83: Apr | H83: Mai | I83: Jun | J83: Jul | K83: Aug | L83: Sep | M83: Okt | N83: Nov | O83: Dez
A85: Internat | D85: =SUM('Ablesewerte Strom'!D83-'Ablesewerte Strom'!C83) -> 2034.1 | E85: =SUM('Ablesewerte Strom'!E83-'Ablesewerte Strom'!D83) -> 2282.6 | F85: =SUM('Ablesewerte Strom'!F83-'Ablesewerte Strom'!E83) -> 2230.9 | G85: =SUM('Ablesewerte Strom'!G83-'Ablesewerte Strom'!F83) -> 2143.5 | H85: =SUM('Ablesewerte Strom'!H83-'Ablesewerte Strom'!G83) -> 1698.3 | I85: =SUM('Ablesewerte Strom'!I83-'Ablesewerte Strom'!H83) -> 1878.6 | J85: =SUM('Ablesewerte Strom'!J83-'Ablesewerte Strom'!I83) -> 2301.1 | K85: =SUM('Ablesewerte Strom'!K83-'Ablesewerte Strom'!J83) -> 787 | ... O85: =SUM('Ablesewerte Strom'!O83-'Ablesewerte Strom'!N83) -> 3460 | Q85: =SUM(D85:O85) -> 25496.9
A86: UZ Aula * | D86: =SUM('Ablesewerte Strom'!D84-'Ablesewerte Strom'!C84) -> 1522.6 | E86: =SUM('Ablesewerte Strom'!E84-'Ablesewerte Strom'!D84) -> 1682.4 | F86: =SUM('Ablesewerte Strom'!F84-'Ablesewerte Strom'!E84) -> 1594.7 | G86: =SUM('Ablesewerte Strom'!G84-'Ablesewerte Strom'!F84) -> 1615.5 | H86: =SUM('Ablesewerte Strom'!H84-'Ablesewerte Strom'!G84) -> 1092 | I86: =SUM('Ablesewerte Strom'!I84-'Ablesewerte Strom'!H84) -> 1223.1 | J86: =SUM('Ablesewerte Strom'!J84-'Ablesewerte Strom'!I84) -> 1594.6 | K86: =SUM('Ablesewerte Strom'!K84-'Ablesewerte Strom'!J84) -> 563.2 | ... O86: =SUM('Ablesewerte Strom'!O84-'Ablesewerte Strom'!N84) -> 2622.8 | Q86: =SUM(D86:O86) -> 18078.6
A87: L13 Internat | D87: =SUM('Ablesewerte Strom'!D85-'Ablesewerte Strom'!C85) -> 335.8 | E87: =SUM('Ablesewerte Strom'!E85-'Ablesewerte Strom'!D85) -> 449.3 | F87: =SUM('Ablesewerte Strom'!F85-'Ablesewerte Strom'!E85) -> 479.3 | G87: =SUM('Ablesewerte Strom'!G85-'Ablesewerte Strom'!F85) -> 443.9 | H87: =SUM('Ablesewerte Strom'!H85-'Ablesewerte Strom'!G85) -> 392.8 | I87: =SUM('Ablesewerte Strom'!I85-'Ablesewerte Strom'!H85) -> 435.9 | J87: =SUM('Ablesewerte Strom'!J85-'Ablesewerte Strom'!I85) -> 798.6 | K87: =SUM('Ablesewerte Strom'!K85-'Ablesewerte Strom'!J85) -> 0 | ... O87: =SUM('Ablesewerte Strom'!O85-'Ablesewerte Strom'!N85) -> 494.725 | Q87: =SUM(D87:O87) -> 5314.5
A88: L13 Gemeinschaft | D88: =SUM('Ablesewerte Strom'!D86-'Ablesewerte Strom'!C86) -> 32.2 | E88: =SUM('Ablesewerte Strom'!E86-'Ablesewerte Strom'!D86) -> 38.2 | F88: =SUM('Ablesewerte Strom'!F86-'Ablesewerte Strom'!E86) -> 40.1 | G88: =SUM('Ablesewerte Strom'!G86-'Ablesewerte Strom'!F86) -> 38.1 | H88: =SUM('Ablesewerte Strom'!H86-'Ablesewerte Strom'!G86) -> 28.1 | I88: =SUM('Ablesewerte Strom'!I86-'Ablesewerte Strom'!H86) -> 22.6 | J88: =SUM('Ablesewerte Strom'!J86-'Ablesewerte Strom'!I86) -> 33 | K88: =SUM('Ablesewerte Strom'!K86-'Ablesewerte Strom'!J86) -> 0 | ... O88: =SUM('Ablesewerte Strom'!O86-'Ablesewerte Strom'!N86) -> 45.35 | Q88: =SUM(D88:O88) -> 413.7
A89: Schule**
Q90: =SUM(D89:O90) -> 0
A91: UZ P002*** | D91: =SUM('Ablesewerte Strom'!D88-'Ablesewerte Strom'!C88) -> 58.38 | E91: =SUM('Ablesewerte Strom'!E88-'Ablesewerte Strom'!D88) -> 59.81 | F91: =SUM('Ablesewerte Strom'!F89-'Ablesewerte Strom'!E89) -> 22.72 | G91: =SUM('Ablesewerte Strom'!G88-'Ablesewerte Strom'!F88) -> 80.89 | H91: =SUM('Ablesewerte Strom'!H88-'Ablesewerte Strom'!G88) -> 46.84 | I91: =SUM('Ablesewerte Strom'!I88-'Ablesewerte Strom'!H88) -> 80.98 | J91: =SUM('Ablesewerte Strom'!J88-'Ablesewerte Strom'!I88) -> 112.31 | K91: =SUM('Ablesewerte Strom'!K88-'Ablesewerte Strom'!J88) -> 14.71 | L91: =SUM('Ablesewerte Strom'!L88-'Ablesewerte Strom'!K88) -> 69.14 | M91: =SUM('Ablesewerte Strom'!M88-'Ablesewerte Strom'!L88) -> 61.46 | N91: =SUM('Ablesewerte Strom'!N88-'Ablesewerte Strom'!M88) -> 67.76 | O91: =SUM('Ablesewerte Strom'!O88-'Ablesewerte Strom'!N88) -> 68.11 | P91: =SUM(D91:O91) -> 743.11
A92: UZ P003*** | D92: =SUM('Ablesewerte Strom'!D89-'Ablesewerte Strom'!C89) -> 22.95 | E92: =SUM('Ablesewerte Strom'!E89-'Ablesewerte Strom'!D89) -> 23.95 | F92: =SUM('Ablesewerte Strom'!F90-'Ablesewerte Strom'!E90) -> 812.2 | G92: =SUM('Ablesewerte Strom'!G89-'Ablesewerte Strom'!F89) -> 25.42 | H92: =SUM('Ablesewerte Strom'!H89-'Ablesewerte Strom'!G89) -> 15.25 | I92: =SUM('Ablesewerte Strom'!I89-'Ablesewerte Strom'!H89) -> 24.5 | J92: =SUM('Ablesewerte Strom'!J89-'Ablesewerte Strom'!I89) -> 27.48 | K92: =SUM('Ablesewerte Strom'!K89-'Ablesewerte Strom'!J89) -> 5.4 | L92: =SUM('Ablesewerte Strom'!L89-'Ablesewerte Strom'!K89) -> 27.27 | M92: =SUM('Ablesewerte Strom'!M89-'Ablesewerte Strom'!L89) -> 22.12 | N92: =SUM('Ablesewerte Strom'!N89-'Ablesewerte Strom'!M89) -> 29.29 | O92: =SUM('Ablesewerte Strom'!O89-'Ablesewerte Strom'!N89) -> 30.7 | P92: =SUM(D92:O92) -> 1066.53
A93: UZ P004*** | D93: =SUM('Ablesewerte Strom'!D90-'Ablesewerte Strom'!C90) -> 870.1 | E93: =SUM('Ablesewerte Strom'!E90-'Ablesewerte Strom'!D90) -> 960.3 | F93: =SUM('Ablesewerte Strom'!F91-'Ablesewerte Strom'!E91) -> 0 | G93: =SUM('Ablesewerte Strom'!G90-'Ablesewerte Strom'!F90) -> 921.2 | H93: =SUM('Ablesewerte Strom'!H90-'Ablesewerte Strom'!G90) -> 526.7 | I93: =SUM('Ablesewerte Strom'!I90-'Ablesewerte Strom'!H90) -> 770.8 | J93: =SUM('Ablesewerte Strom'!J90-'Ablesewerte Strom'!I90) -> 745.5 | K93: =SUM('Ablesewerte Strom'!K90-'Ablesewerte Strom'!J90) -> 209.2 | L93: =SUM('Ablesewerte Strom'!L90-'Ablesewerte Strom'!K90) -> 833.3 | M93: =SUM('Ablesewerte Strom'!M90-'Ablesewerte Strom'!L90) -> 797.2 | N93: =SUM('Ablesewerte Strom'!N90-'Ablesewerte Strom'!M90) -> 1017.4 | O93: =SUM('Ablesewerte Strom'!O90-'Ablesewerte Strom'!N90) -> 1137.5 | P93: =SUM(D93:O93) -> 8789.2
A94: Sporthalle**
Q95: =SUM(D94:O95) -> 0
A96: Sporthalle UZ P4*** | D96: =SUM('Ablesewerte Strom'!D92-'Ablesewerte Strom'!C92) -> 1458.5 | E96: =SUM('Ablesewerte Strom'!E92-'Ablesewerte Strom'!D92) -> 2010 | F96: =SUM('Ablesewerte Strom'!F92-'Ablesewerte Strom'!E92) -> 2262.9 | G96: =SUM('Ablesewerte Strom'!G92-'Ablesewerte Strom'!F92) -> 2222 | H96: =SUM('Ablesewerte Strom'!H92-'Ablesewerte Strom'!G92) -> 1551.1 | I96: =SUM('Ablesewerte Strom'!I92-'Ablesewerte Strom'!H92) -> 1890.9 | J96: =SUM('Ablesewerte Strom'!J92-'Ablesewerte Strom'!I92) -> 1797.3 | K96: =SUM('Ablesewerte Strom'!K92-'Ablesewerte Strom'!J92) -> 157.3 | ... O96: =SUM('Ablesewerte Strom'!O92-'Ablesewerte Strom'!N92) -> 2835.3 | P96: =SUM(D96:O96) -> 21615.4 | Q96: KWH | R96: =SUM(Q85:Q95) -> 49303.7
A97: Strom BHKW 89117711 | D97: =SUM('Ablesewerte Strom'!D93-'Ablesewerte Strom'!C93) -> 17757 | E97: =SUM('Ablesewerte Strom'!E93-'Ablesewerte Strom'!D93) -> 22634 | F97: =SUM('Ablesewerte Strom'!F93-'Ablesewerte Strom'!E93) -> 24862 | G97: =SUM('Ablesewerte Strom'!G93-'Ablesewerte Strom'!F93) -> 21325 | H97: =SUM('Ablesewerte Strom'!H93-'Ablesewerte Strom'!G93) -> 11286 | I97: =SUM('Ablesewerte Strom'!I93-'Ablesewerte Strom'!H93) -> 7938 | J97: =SUM('Ablesewerte Strom'!J93-'Ablesewerte Strom'!I93) -> 10325 | K97: =SUM('Ablesewerte Strom'!K93-'Ablesewerte Strom'!J93) -> 4322 | ... O97: =SUM('Ablesewerte Strom'!O93-'Ablesewerte Strom'!N93) -> 31564
A98: BHKWNetzeinspeisung 21309589: | D98: =SUM('Ablesewerte Strom'!D94-'Ablesewerte Strom'!C94) -> 44.5 | E98: =SUM('Ablesewerte Strom'!E94-'Ablesewerte Strom'!D94) -> 63 | F98: =SUM('Ablesewerte Strom'!F94-'Ablesewerte Strom'!E94) -> 83.6 | G98: =SUM('Ablesewerte Strom'!G94-'Ablesewerte Strom'!F94) -> 62.4 | H98: =SUM('Ablesewerte Strom'!H94-'Ablesewerte Strom'!G94) -> 44.2 | I98: =SUM('Ablesewerte Strom'!I94-'Ablesewerte Strom'!H94) -> 23.7 | J98: =SUM('Ablesewerte Strom'!J94-'Ablesewerte Strom'!I94) -> 38.8 | K98: =SUM('Ablesewerte Strom'!K94-'Ablesewerte Strom'!J94) -> 26.6 | ... O98: =SUM('Ablesewerte Strom'!O94-'Ablesewerte Strom'!N94) -> 115.8
A99: Einspeisung Photovoltaik | D99: =SUM('Ablesewerte Strom'!D95-'Ablesewerte Strom'!C95) -> 743 | E99: =SUM('Ablesewerte Strom'!E95-'Ablesewerte Strom'!D95) -> 1075 | F99: =SUM('Ablesewerte Strom'!F95-'Ablesewerte Strom'!E95) -> 2434 | G99: =SUM('Ablesewerte Strom'!G95-'Ablesewerte Strom'!F95) -> 3190 | H99: =SUM('Ablesewerte Strom'!H95-'Ablesewerte Strom'!G95) -> 3591 | I99: =SUM('Ablesewerte Strom'!I95-'Ablesewerte Strom'!H95) -> 3623 | J99: =SUM('Ablesewerte Strom'!J95-'Ablesewerte Strom'!I95) -> 5697 | K99: =SUM('Ablesewerte Strom'!K95-'Ablesewerte Strom'!J95) -> 2790 | ... O99: =SUM('Ablesewerte Strom'!O95-'Ablesewerte Strom'!N95) -> 1096
F100: ,
A102: 2017
A103: Strom | D103: Jan | E103: Feb | F103: Mrz | G103: Apr | H103: Mai | I103: Jun | J103: Jul | K103: Aug | L103: Sep | M103: Okt | N103: Nov | O103: Dez
A105: Internat | D105: =SUM('Ablesewerte Strom'!D102-'Ablesewerte Strom'!C102) -> 2140.6 | E105: =SUM('Ablesewerte Strom'!E102-'Ablesewerte Strom'!D102) -> 2988.4 | F105: =SUM('Ablesewerte Strom'!F102-'Ablesewerte Strom'!E102) -> 2226.7 | G105: =SUM('Ablesewerte Strom'!G102-'Ablesewerte Strom'!F102) -> 1788.5 | H105: =SUM('Ablesewerte Strom'!H102-'Ablesewerte Strom'!G102) -> 2025.8 | I105: =SUM('Ablesewerte Strom'!I102-'Ablesewerte Strom'!H102) -> 1734.3 | J105: =SUM('Ablesewerte Strom'!J102-'Ablesewerte Strom'!I102) -> 1376.7 | K105: =SUM('Ablesewerte Strom'!K102-'Ablesewerte Strom'!J102) -> 1595 | ... O105: =SUM('Ablesewerte Strom'!O102-'Ablesewerte Strom'!N102) -> 3269.2 | Q105: =SUM(D105:O105) -> 26180.1
A106: UZ Aula * | D106: =SUM('Ablesewerte Strom'!D103-'Ablesewerte Strom'!C103) -> 1592.7 | E106: =SUM('Ablesewerte Strom'!E103-'Ablesewerte Strom'!D103) -> 2166.1 | F106: =SUM('Ablesewerte Strom'!F103-'Ablesewerte Strom'!E103) -> 1539.6 | G106: =SUM('Ablesewerte Strom'!G103-'Ablesewerte Strom'!F103) -> 1226.9 | H106: =SUM('Ablesewerte Strom'!H103-'Ablesewerte Strom'!G103) -> 1338.6 | I106: =SUM('Ablesewerte Strom'!I103-'Ablesewerte Strom'!H103) -> 1118.6 | J106: =SUM('Ablesewerte Strom'!J103-'Ablesewerte Strom'!I103) -> 919.4 | K106: =SUM('Ablesewerte Strom'!K103-'Ablesewerte Strom'!J103) -> 1067.6 | ... O106: =SUM('Ablesewerte Strom'!O103-'Ablesewerte Strom'!N103) -> 2326.9 | Q106: =SUM(D106:O106) -> 18019.5
A107: L13 Internat | D107: =SUM('Ablesewerte Strom'!D104-'Ablesewerte Strom'!C104) -> 380 | E107: =SUM('Ablesewerte Strom'!E104-'Ablesewerte Strom'!D104) -> 0 | F107: =SUM('Ablesewerte Strom'!F104-'Ablesewerte Strom'!E104) -> 0 | G107: =SUM('Ablesewerte Strom'!G104-'Ablesewerte Strom'!F104) -> 0 | H107: =SUM('Ablesewerte Strom'!H104-'Ablesewerte Strom'!G104) -> 0 | I107: =SUM('Ablesewerte Strom'!I104-'Ablesewerte Strom'!H104) -> 0 | J107: =SUM('Ablesewerte Strom'!J104-'Ablesewerte Strom'!I104) -> 0 | K107: =SUM('Ablesewerte Strom'!K104-'Ablesewerte Strom'!J104) -> 0 | ... O107: =SUM('Ablesewerte Strom'!O104-'Ablesewerte Strom'!N104) -> 0 | Q107: 380
A108: L13 Gemeinschaft | D108: =SUM('Ablesewerte Strom'!D105-'Ablesewerte Strom'!C105) -> 38.3 | E108: =SUM('Ablesewerte Strom'!E105-'Ablesewerte Strom'!D105) -> 0 | F108: =SUM('Ablesewerte Strom'!F105-'Ablesewerte Strom'!E105) -> 0 | G108: =SUM('Ablesewerte Strom'!G105-'Ablesewerte Strom'!F105) -> 0 | H108: =SUM('Ablesewerte Strom'!H105-'Ablesewerte Strom'!G105) -> 0 | I108: =SUM('Ablesewerte Strom'!I105-'Ablesewerte Strom'!H105) -> 0 | J108: =SUM('Ablesewerte Strom'!J105-'Ablesewerte Strom'!I105) -> 0 | K108: =SUM('Ablesewerte Strom'!K105-'Ablesewerte Strom'!J105) -> 0 | ... O108: =SUM('Ablesewerte Strom'!O105-'Ablesewerte Strom'!N105) -> 0 | Q108: 38.3
A109: Schule**
Q110: =SUM(D109:O110) -> 0
A111: UZ P002*** | D111: =SUM('Ablesewerte Strom'!D107-'Ablesewerte Strom'!C107) -> 51.44 | E111: =SUM('Ablesewerte Strom'!E107-'Ablesewerte Strom'!D107) -> 75.65 | F111: =SUM('Ablesewerte Strom'!F107-'Ablesewerte Strom'!E107) -> 73.28 | G111: =SUM('Ablesewerte Strom'!G107-'Ablesewerte Strom'!F107) -> 49.52 | H111: =SUM('Ablesewerte Strom'!H107-'Ablesewerte Strom'!G107) -> 75.25 | I111: =SUM('Ablesewerte Strom'!I107-'Ablesewerte Strom'!H107) -> 55.99 | J111: =SUM('Ablesewerte Strom'!J107-'Ablesewerte Strom'!I107) -> 48.52 | K111: =SUM('Ablesewerte Strom'!K107-'Ablesewerte Strom'!J107) -> 59.24 | ... O111: =SUM('Ablesewerte Strom'!O107-'Ablesewerte Strom'!N107) -> 68.22 | P111: =SUM(D111:O111) -> 754.47
A112: UZ P003*** | D112: =SUM('Ablesewerte Strom'!D108-'Ablesewerte Strom'!C108) -> 23.4 | E112: =SUM('Ablesewerte Strom'!E108-'Ablesewerte Strom'!D108) -> 30.2 | F112: =SUM('Ablesewerte Strom'!F108-'Ablesewerte Strom'!E108) -> 26.28 | G112: =SUM('Ablesewerte Strom'!G108-'Ablesewerte Strom'!F108) -> 16.86 | H112: =SUM('Ablesewerte Strom'!H108-'Ablesewerte Strom'!G108) -> 26.06 | I112: =SUM('Ablesewerte Strom'!I108-'Ablesewerte Strom'!H108) -> 19.65 | J112: =SUM('Ablesewerte Strom'!J108-'Ablesewerte Strom'!I108) -> 17.97 | K112: =SUM('Ablesewerte Strom'!K108-'Ablesewerte Strom'!J108) -> 18.9 | ... O112: =SUM('Ablesewerte Strom'!O108-'Ablesewerte Strom'!N108) -> 28.87 | P112: =SUM(D112:O112) -> 285.32
A113: UZ P004*** | D113: =SUM('Ablesewerte Strom'!D109-'Ablesewerte Strom'!C109) -> 807.1 | E113: =SUM('Ablesewerte Strom'!E109-'Ablesewerte Strom'!D109) -> 1128 | F113: =SUM('Ablesewerte Strom'!F109-'Ablesewerte Strom'!E109) -> 894.1 | G113: =SUM('Ablesewerte Strom'!G109-'Ablesewerte Strom'!F109) -> 617.3 | H113: =SUM('Ablesewerte Strom'!H109-'Ablesewerte Strom'!G109) -> 803.5 | I113: =SUM('Ablesewerte Strom'!I109-'Ablesewerte Strom'!H109) -> 564.4 | J113: =SUM('Ablesewerte Strom'!J109-'Ablesewerte Strom'!I109) -> 407.8 | K113: =SUM('Ablesewerte Strom'!K109-'Ablesewerte Strom'!J109) -> 514 | ... O113: =SUM('Ablesewerte Strom'!O109-'Ablesewerte Strom'!N109) -> 1126.3 | P113: =SUM(D113:O113) -> 9599.5
A114: Sporthalle**
Q115: =SUM(D114:O115) -> 0
A116: Sporthalle UZ P4*** | D116: =SUM('Ablesewerte Strom'!D111-'Ablesewerte Strom'!C111) -> 1528.1 | E116: =SUM('Ablesewerte Strom'!E111-'Ablesewerte Strom'!D111) -> 2311.6 | F116: =SUM('Ablesewerte Strom'!F111-'Ablesewerte Strom'!E111) -> 1832.9 | G116: =SUM('Ablesewerte Strom'!G111-'Ablesewerte Strom'!F111) -> 2055.6 | H116: =SUM('Ablesewerte Strom'!H111-'Ablesewerte Strom'!G111) -> 1730.5 | I116: =SUM('Ablesewerte Strom'!I111-'Ablesewerte Strom'!H111) -> 1539.4 | J116: =SUM('Ablesewerte Strom'!J111-'Ablesewerte Strom'!I111) -> 1317.1 | K116: =SUM('Ablesewerte Strom'!K111-'Ablesewerte Strom'!J111) -> 1296.9 | ... O116: =SUM('Ablesewerte Strom'!O111-'Ablesewerte Strom'!N111) -> 1884.9 | P116: =SUM(D116:O116) -> 21098.5 | Q116: KWH | R116: =SUM(Q105:Q115) -> 44617.9
A117: Strom BHKW 89117711 | D117: =SUM('Ablesewerte Strom'!D112-'Ablesewerte Strom'!C112) -> 17730 | E117: =SUM('Ablesewerte Strom'!E112-'Ablesewerte Strom'!D112) -> 21697 | F117: =SUM('Ablesewerte Strom'!F112-'Ablesewerte Strom'!E112) -> 19360 | G117: =SUM('Ablesewerte Strom'!G112-'Ablesewerte Strom'!F112) -> 18822 | H117: =SUM('Ablesewerte Strom'!H112-'Ablesewerte Strom'!G112) -> 12838 | I117: =SUM('Ablesewerte Strom'!I112-'Ablesewerte Strom'!H112) -> 7589 | J117: =SUM('Ablesewerte Strom'!J112-'Ablesewerte Strom'!I112) -> 4408 | K117: =SUM('Ablesewerte Strom'!K112-'Ablesewerte Strom'!J112) -> 5619 | ... O117: =SUM('Ablesewerte Strom'!O112-'Ablesewerte Strom'!N112) -> 31507
A118: BHKWNetzeinspeisung 21309589: | D118: =SUM('Ablesewerte Strom'!D113-'Ablesewerte Strom'!C113) -> 44.3 | E118: =SUM('Ablesewerte Strom'!E113-'Ablesewerte Strom'!D113) -> 70.1 | F118: =SUM('Ablesewerte Strom'!F113-'Ablesewerte Strom'!E113) -> 52.4 | G118: =SUM('Ablesewerte Strom'!G113-'Ablesewerte Strom'!F113) -> 77.2 | H118: =SUM('Ablesewerte Strom'!H113-'Ablesewerte Strom'!G113) -> 41.5 | I118: =SUM('Ablesewerte Strom'!I113-'Ablesewerte Strom'!H113) -> 34.9 | J118: =SUM('Ablesewerte Strom'!J113-'Ablesewerte Strom'!I113) -> 15.5 | K118: =SUM('Ablesewerte Strom'!K113-'Ablesewerte Strom'!J113) -> 27 | ... O118: =SUM('Ablesewerte Strom'!O113-'Ablesewerte Strom'!N113) -> 120.4
A119: Einspeisung Photovoltaik | D119: =SUM('Ablesewerte Strom'!D114-'Ablesewerte Strom'!C114) -> 960 | E119: =SUM('Ablesewerte Strom'!E114-'Ablesewerte Strom'!D114) -> 1946 | F119: =SUM('Ablesewerte Strom'!F114-'Ablesewerte Strom'!E114) -> 2822 | G119: =SUM('Ablesewerte Strom'!G114-'Ablesewerte Strom'!F114) -> 3387 | H119: =SUM('Ablesewerte Strom'!H114-'Ablesewerte Strom'!G114) -> 4029 | I119: =SUM('Ablesewerte Strom'!I114-'Ablesewerte Strom'!H114) -> 4756 | J119: =SUM('Ablesewerte Strom'!J114-'Ablesewerte Strom'!I114) -> 2913 | K119: =SUM('Ablesewerte Strom'!K114-'Ablesewerte Strom'!J114) -> 4187 | ... O119: =SUM('Ablesewerte Strom'!O114-'Ablesewerte Strom'!N114) -> 629
...

Sheet Ablesewerte Wasser
A3: 2012 | B3: m³ | C3: Jan | D3: Feb | E3: Mrz | F3: Apr | G3: Mai | H3: Jun | I3: Jul | J3: Aug | K3: Sep | L3: Okt | M3: Nov | N3: Dez | Q3: Verbrauch pro Messstelle
C4: 40908 | D4: 40940 | E4: 40969 | F4: 41000 | G4: 41031 | H4: 41061 | I4: 41092 | J4: 41117 | K4: 41153 | L4: 41186 | M4: 41218 | N4: 41247 | O4: 41274
A6: Zähler Schloss | C6: 5594 | D6: 5844 | E6: 6088 | F6: 6377 | G6: 6548 | H6: 6808 | I6: 7037 | J6: 7220 | K6: 7341 | L6: 7748 | M6: 8108 | N6: 8413 | O6: 8636 | Q6: =SUM(O6-C6) -> 3042
A7: davon Sporthalle | C7: 1861 | D7: 1886 | E7: 1924 | F7: 1952 | G7: 1970 | H7: 1986 | I7: 2003 | J7: 2021 | K7: 2025 | L7: 2048 | M7: 2119 | N7: 2150 | O7: 2173 | Q7: =SUM(O7-C7) -> 312
A8: Aula | C8: 66 | D8: 74 | E8: 80 | F8: 86 | G8: 91 | H8: 98 | I8: 103 | J8: 107 | K8: 112 | L8: 118 | M8: 125 | N8: 130 | O8: 134 | Q8: =SUM(O8-C8) -> 68
A9: Lichtenstern 13 | C9: 685 | D9: 708 | E9: 726 | F9: 750 | G9: 771 | H9: 792 | I9: 807 | J9: 819 | K9: 835 | L9: 850 | M9: 868 | N9: 881 | O9: 898 | Q9: =SUM(O9-C9) -> 213 | R9: gesamt
R10: =SUM(Q5:Q9) -> 3635 | S10: m³
A13: 2013 | B13: m³ | C13: Jan | D13: Feb | E13: Mrz | F13: Apr | G13: Mai | H13: Jun | I13: Jul | J13: Aug | K13: Sep | L13: Okt | M13: Nov | N13: Dez
C14: 41639 | D14: 41306 | E14: 41334 | F14: 41366 | G14: 41397 | H14: 41429 | I14: 41456 | J14: 41487 | K14: 41518 | L14: 41548 | M14: 41582 | N14: 41610 | O14: 41639
A16: Zähler Schloss | C16: 8636 | D16: 8884 | E16: 9103 | F16: 9322 | G16: 9599 | H16: 9747 | I16: 9998 | J16: 10466 | K16: 10733 | L16: 10943.09 | M16: 11185 | N16: 11442 | O16: 11665 | Q16: =SUM(O16-C16) -> 3029
A17: davon Sporthalle | C17: 2173 | D17: 2202 | E17: 2221 | F17: 2247 | G17: 2271 | H17: 2280 | I17: 2298 | J17: 2313 | K17: 2315 | L17: 2331 | M17: 2356 | N17: 2387 | O17: 2416 | Q17: =SUM(O17-C17) -> 243
A18: Aula | C18: 134 | D18: 141 | E18: 146 | F18: 151 | G18: 158 | H18: 160 | I18: 167 | J18: 172 | K18: 174 | L18: 179 | M18: 184 | N18: 192 | O18: 197 | Q18: =SUM(O18-C18) -> 63
A19: Lichtenstern 13 | C19: 898 | D19: 909 | E19: 922 | F19: 937 | G19: 951 | H19: 961 | I19: 974 | J19: 994 | K19: 1004 | L19: 1018 | M19: 1034 | N19: 1046 | O19: 1065 | Q19: =SUM(O19-C19) -> 167 | R19: gesamt
R20: =SUM(Q15:Q19) -> 3502 | S20: m³
A25: 2014 | B25: m³ | C25: Jan | D25: Feb | E25: Mrz | F25: Apr | G25: Mai | H25: Jun | I25: Jul | J25: Aug | K25: Sep | L25: Okt | M25: Nov | N25: Dez
C26: 41639 | D26: 41671 | E26: 41699 | F26: 41730 | G26: 41764 | H26: 41794 | I26: 41821 | J26: 41852 | K26: 41886 | L26: 41920 | M26: 41947 | N26: 41974 | O26: 42004
A28: Zähler Schloss | C28: 11665 | D28: 11873 | E28: 12133 | F28: 12345 | G28: 12518 | H28: 12746 | I28: 12886 | J28: 13093 | K28: 13194 | L28: 13394 | M28: 13573 | N28: 13784 | O28: 13967 | Q28: =SUM(O28-C28) -> 2302
A29: davon Sporthalle | C29: 2416 | D29: 2443 | E29: 2472 | F29: 2499 | G29: 2522 | H29: 2543 | I29: 2555 | J29: 2582 | K29: 2585 | L29: 2607 | M29: 2644 | N29: 2673 | O29: 2693 | Q29: =SUM(O29-C29) -> 277
A30: Aula | C30: 197 | D30: 203 | E30: 208 | F30: 214 | G30: 219 | H30: 225 | I30: 230 | J30: 234 | K30: 240 | L30: 245 | M30: 249 | N30: 260 | O30: 266 | Q30: =SUM(O30-C30) -> 69
A31: Lichtenstern 13 | C31: 1065 | D31: 1077 | E31: 1093 | F31: 1106 | G31: 1126 | H31: 1140 | I31: 1154 | J31: 14 | K31: 29 | L31: 43 | M31: 53 | N31: 64 | O31: 78 | Q31: =SUM(I31-C31)+(O31-J31) -> 153 | R31: gesamt
R32: =SUM(Q27:Q31) -> 2801 | S32: m³
A37: 2015 | B37: m³ | C37: Jan | D37: Feb | E37: Mrz | F37: Apr | G37: Mai | H37: Jun | I37: Jul | J37: Aug | K37: Sep | L37: Okt | M37: Nov | N37: Dez
C38: 42011 | D38: 42036 | E38: 42064 | F38: 42095 | G38: 42128 | H38: 42156 | I38: 42186 | J38: 42217 | K38: 42248 | L38: 42278 | M38: 42310 | N38: 42339 | O38: 42369
A40: Zähler Schloss | C40: 13967 | D40: 14158 | E40: 14333 | F40: 14564 | G40: 14784 | H40: 14942 | I40: 15177 | J40: 15592 | K40: 15677 | L40: 15875 | M40: 16165 | N40: 16415 | O40: 16598 | Q40: =SUM(O40-C40) -> 2631
A41: davon Sporthalle | C41: 2693 | D41: 2721 | E41: 2747 | F41: 2783 | G41: 2802 | H41: 2818 | I41: 2836 | J41: 2854 | K41: 2858 | L41: 2875 | M41: 2907 | N41: 2928 | O41: 2950 | Q41: =SUM(O41-C41) -> 257
A42: Aula | C42: 266 | D42: 271 | E42: 277 | F42: 281 | G42: 285 | H42: 291 | I42: 295 | J42: 299 | K42: 301 | L42: 305 | M42: 312 | N42: 317 | O42: 325 | Q42: =SUM(O42-C42) -> 59
A43: Lichtenstern 13 | C43: 78 | D43: 87 | E43: 97 | F43: 109 | G43: 117 | H43: 126 | I43: 135 | J43: 139 | K43: 152 | L43: 159 | M43: 168 | N43: 177 | O43: 192 | Q43: =SUM(I43-C43)+(O43-J43) -> 110 | R43: gesamt
R44: =SUM(Q39:Q43) -> 3057 | S44: m³
A49: 2016 | B49: m³ | C49: Jan | D49: Feb | E49: Mrz | F49: Apr | G49: Mai | H49: Jun | I49: Jul | J49: Aug | K49: Sep | L49: Okt | M49: Nov | N49: Dez
C50: 42380 | D50: 42401 | E50: 42430 | F50: 42461 | G50: 42492 | H50: 42522 | I50: 42552 | J50: 42594 | K50: 42614 | L50: 42644 | M50: 42676 | N50: 42705 | O50: 42735
A52: Zähler Schloss | C52: 1525 | D52: 1755 | E52: 1996 | F52: 2178 | G52: 2402 | H52: 2507 | I52: 2738 | J52: 3006 | K52: 3020 | L52: 3206 | M52: 3369 | N52: 3590 | O52: 3764 | Q52: =SUM(O52-C52) -> 2239
A53: davon Sporthalle | C53: 2950 | D53: 2973 | E53: 3004 | F53: 3033 | G53: 3069 | H53: 3078 | I53: 3105 | J53: 3133 | K53: 3135 | L53: 3155 | M53: 3179 | N53: 3207 | O53: 3226 | Q53: =SUM(O53-C53) -> 276
A54: Aula | C54: 325 | D54: 331 | E54: 336 | F54: 342 | G54: 347 | H54: 351 | I54: 362 | J54: 369 | K54: 369 | L54: 374 | M54: 378 | N54: 383 | O54: 387 | Q54: =SUM(O54-C54) -> 62
A55: Lichtenstern 13 | C55: 192 | D55: 202 | E55: 213 | F55: 225 | G55: 239 | H55: 249 | I55: 262 | J55: 289 | K55: 289 | L55: 289 | M55: 289 | N55: 289 | O55: 344 | Q55: =SUM(I55-C55)+(O55-J55) -> 125 | R55: gesamt
R56: =SUM(Q51:Q55) -> 2702 | S56: m³
A59: 2017 | B59: m³ | C59: Jan | D59: Feb | E59: Mrz | F59: Apr | G59: Mai | H59: Jun | I59: Jul | J59: Aug | K59: Sep | L59: Okt | M59: Nov | N59: Dez
C60: 42744 | D60: 42767 | E60: 42800 | F60: 42826 | G60: 42857 | H60: 42887 | I60: 42917 | J60: 42948 | K60: 42979 | L60: 43012 | M60: 43041 | N60: 43070 | O60: 43100
A62: Zähler Schloss | C62: 3764 | D62: 3910 | E62: 4120 | F62: 4325 | G62: 4438 | H62: 4650 | I62: 4805 | J62: 4925 | K62: 5025 | L62: 5197 | M62: 5344 | N62: 5538 | O62: 5711 | Q62: =SUM(O62-C62) -> 1947
A63: davon Sporthalle | C63: 3226 | D63: 3246 | E63: 3279 | F63: 3313 | G63: 3332 | H63: 3353 | I63: 3366 | J63: 3385 | K63: 3394 | L63: 3420 | M63: 3439 | N63: 3472 | O63: 3494 | Q63: =SUM(O63-C63) -> 268
A64: Aula | C64: 387 | D64: 392 | E64: 398 | F64: 404 | G64: 407 | H64: 413 | I64: 418 | J64: 418 | K64: 422 | L64: 474 | M64: 478 | N64: 482 | O64: 486 | Q64: =SUM(O64-C64) -> 99
A65: Lichtenstern 13 | C65: 344 | D65: 354 | E65: 364 | F65: 378 | G65: 392 | H65: 408 | I65: 408 | J65: 408 | K65: 408 | L65: 408 | M65: 408 | N65: 471 | O65: 485 | Q65: =SUM(I65-C65)+(O65-J65) -> 141 | R65: gesamt
R66: =SUM(Q61:Q65) -> 2455 | S66: m³
A69: 2018 | B69: m³ | C69: Jan | D69: Feb | E69: Mrz | F69: Apr | G69: Mai | H69: Jun | I69: Jul | J69: Aug | K69: Sep | L69: Okt | M69: Nov | N69: Dez
C70: 43109 | D70: 43132 | E70: 43160 | F70: 43193 | G70: 43222 | H70: 43255 | I70: 43282 | J70: 43319 | K70: 43346 | L70: 43374 | M70: 43409 | N70: 43437 | O70: 43465
A72: Zähler Schloss | C72: 5711 | D72: 5878 | E72: 6032 | F72: 6230 | G72: 6377 | H72: 6505 | I72: 6697 | J72: 6863 | K72: 6993 | L72: 7204 | M72: 7394 | N72: 7597 | O72: 7761 | Q72: =SUM(O72-C72) -> 2050
A73: davon Sporthalle | C73: 3494 | D73: 3517 | E73: 3538 | F73: 3565 | G73: 3581 | H73: 3595 | I73: 3618 | J73: 3642 | K73: 3664 | L73: 3689 | M73: 3713 | N73: 3737 | O73: 3758 | Q73: =SUM(O73-C73) -> 264
A74: Aula | C74: 68 | D74: 79 | E74: 83 | F74: 89 | G74: 95 | H74: 98 | I74: 102 | J74: 107 | K74: 107 | L74: 111 | M74: 188 | N74: 193 | O74: 198 | Q74: =SUM(O74-C74) -> 130
A75: Lichtenstern 13 | C75: 485 | D75: 485 | E75: 512 | F75: 526 | G75: 526 | H75: 526 | I75: 566 | J75: 566 | K75: 566 | L75: 566 | M75: 566 | N75: 628 | O75: 640 | Q75: =SUM(I75-C75)+(O75-J75) -> 155 | R75: gesamt
R76: =SUM(Q71:Q75) -> 2599 | S76: m³
A84: 2019 | B84: m³ | C84: Jan | D84: Feb | E84: Mrz | F84: Apr | G84: Mai | H84: Jun | I84: Jul | J84: Aug | K84: Sep | L84: Okt | M84: Nov | N84: Dez
C85: 43472 | D85: 43497 | E85: 43525 | F85: 43556 | G85: 43587 | H85: 43619 | I85: 43647 | J85: 43691 | K85: 43718 | L85: 43739 | M85: 43770 | N85: 43804 | O85: 43830
A87: Zähler Schloss | C87: 7761 | D87: 7964 | E87: 8225 | F87: 8388 | G87: 8527 | H87: 8739 | I87: 8831 | J87: 9072 | K87: 9104 | L87: 9248 | M87: 9418 | N87: 9670 | O87: 9763 | Q87: =SUM(O87-C87) -> 2002
A88: davon Sporthalle | C88: 3758 | D88: 3781 | E88: 3801 | F88: 3825 | G88: 3841 | H88: 3865 | I88: 3883 | J88: 3896 | K88: 3902 | L88: 3913 | M88: 3927 | N88: 3953 | O88: 3963 | Q88: =SUM(O88-C88) -> 205
A89: Aula | C89: 198 | D89: 203 | E89: 208 | F89: 245 | G89: 249 | H89: 256 | I89: 258 | J89: 265 | K89: 265 | L89: 280 | M89: 298 | N89: 307 | O89: 309 | Q89: =SUM(O89-C89) -> 111
A90: Lichtenstern 13 | C90: 640 | D90: 640 | E90: 640 | F90: 640 | G90: 640 | H90: 640 | I90: 711 | J90: 728 | K90: 736 | L90: 744 | M90: 744 | N90: 744 | O90: 774 | Q90: =SUM(I90-C90)+(O90-J90) -> 117 | R90: gesamt
R91: =SUM(Q86:Q90) -> 2435 | S91: m³
A100: 2020 | B100: m³ | C100: Jan | D100: Feb | E100: Mrz | F100: Apr | G100: Mai | H100: Jun | I100: Jul | J100: Aug | K100: Sep | L100: Okt | M100: Nov | N100: Dez
C101: 43831 | D101: 43864 | E101: 43892 | F101: 43922 | G101: 43955 | H101: 43984 | I101: 44013 | J101: 44046 | K101: 44075 | L101: 44105 | M101: 44138 | N101: 44166 | O101: 44196
A103: Zähler Schloss | C103: 9763 | D103: 9991 | E103: 10185 | F103: 10346 | G103: 10456 | H103: 10550 | I103: 10615 | J103: 10695 | K103: 10726 | L103: 10871 | M103: 11052 | N103: 11299 | O103: 11464 | Q103: =SUM(O103-C103) -> 1701
A104: davon Sporthalle | C104: 3963 | D104: 3983 | E104: 3993 | F104: 4001 | G104: 4006 | H104: 4015 | I104: 4021 | J104: 4030 | K104: 4038 | L104: 4053 | M104: 4077 | N104: 4077 | O104: 4084 | Q104: =SUM(O104-C104) -> 121
A105: Aula | C105: 309 | D105: 315 | E105: 321 | F105: 324 | G105: 324 | H105: 328 | I105: 330 | J105: 335 | K105: 338 | L105: 341 | M105: 344 | N105: 348 | O105: 350 | Q105: =SUM(O105-C105) -> 41
A106: Lichtenstern 13 | C106: 774 | D106: 774 | E106: 774 | F106: 815 | G106: 815 | H106: 838 | I106: 838 | J106: 838 | K106: 868 | L106: 868 | M106: 868 | N106: 868 | O106: 900 | Q106: =SUM(I106-C106)+(O106-J106) -> 126 | R106: gesamt
R107: =SUM(Q102:Q106) -> 1989 | S107: m³
A110: 2021 | B110: m³ | C110: Jan | D110: Feb | E110: Mrz | F110: Apr | G110: Mai | H110: Jun | I110: Jul | J110: Aug | K110: Sep | L110: Okt | M110: Nov | N110: Dez
C111: 44197 | D111: 44228 | E111: 44257 | F111: 44293 | G111: 44319 | H111: 44349 | I111: 44378 | J111: 44411 | K111: 44440 | L111: 44470 | M111: 44503 | N111: 44531 | O111: 44561
A113: Zähler Schloss | C113: 11464 | D113: 11504 | E113: 11570 | F113: 11687 | G113: 11780 | H113: 11887 | I113: 12075 | J113: 12235 | K113: 12246 | L113: 12412 | M113: 12617 | N113: 12993 | O113: 13157 | Q113: =SUM(O113-C113) -> 1693
A114: davon Sporthalle | C114: 4084 | D114: 4089 | E114: 4095 | F114: 4105 | G114: 4110 | H114: 4118 | I114: 4130 | J114: 4141 | K114: 4148 | L114: 4160 | M114: 4177 | N114: 4197 | O114: 4207 | Q114: =SUM(O114-C114) -> 123
A115: Haus der Musik | C115: 350 | D115: 350 | E115: 351 | F115: 354 | G115: 357 | H115: 359 | I115: 363 | J115: 367 | K115: 367 | L115: 369 | M115: 373 | N115: 376 | O115: 379 | Q115: =SUM(O115-C115) -> 29
A116: Lichtenstern 13 | C116: 900 | D116: 900 | E116: 929 | F116: 937 | G116: 960 | H116: 960 | I116: 960 | J116: 960 | K116: 960 | L116: 960 | M116: 960 | N116: 960 | O116: 1169 | Q116: =SUM(I116-C116)+(O116-J116) -> 269 | R116: gesamt
R117: =SUM(Q112:Q116) -> 2114 | S117: m³
A121: 2022 | B121: m³ | C121: Jan | D121: Feb | E121: Mrz | F121: Apr | G121: Mai | H121: Jun | I121: Jul | J121: Aug | K121: Sep | L121: Okt | M121: Nov | N121: Dez
C122: 44573 | D122: 44593 | E122: 44621 | F122: 44652 | G122: 44683 | H122: 44714 | I122: 44743 | J122: 44774 | K122: 44805 | L122: 44839 | M122: 44867 | N122: 44896 | O122: 44926
A124: Zähler Schloss | C124: 790 | D124: 947 | E124: 1150 | F124: 1375 | G124: 1506 | H124: 1739 | I124: 1871 | J124: 2037 | K124: 2178 | L124: 2362 | M124: 2543 | N124: 2738 | O124: 2888 | Q124: =SUM(O124-C124) -> 2098
A125: davon Sporthalle | C125: 4211 | D125: 4224 | E125: 4241 | F125: 4263 | G125: 4275 | H125: 4311 | I125: 4323 | J125: 4333 | K125: 4339 | L125: 4354 | M125: 4368 | N125: 4380 | O125: 4387 | Q125: =SUM(O125-C125) -> 176
A126: Haus der Musik | C126: 379 | D126: 395 | E126: 401 | F126: 404 | G126: 407 | H126: 412 | I126: 415 | J126: 419 | K126: 420 | L126: 423 | M126: 427 | N126: 433 | O126: 436 | Q126: =SUM(O126-C126) -> 57
A127: Lichtenstern 13 | C127: 0 | G127: 347 | H127: 371 | I127: 398 | J127: 415 | K127: 434 | L127: 450 | M127: 462 | N127: 475 | O127: 483 | Q127: =SUM(I127-C127)+(O127-J127) -> 466 | R127: gesamt
R128: =SUM(Q123:Q127) -> 2797 | S128: m³
A131: 2023 | B131: m³ | C131: Jan | D131: Feb | E131: Mrz | F131: Apr | G131: Mai | H131: Jun | I131: Jul | J131: Aug | K131: Sep | L131: Okt | M131: Nov | N131: Dez
C132: 44938 | D132: 44958 | E132: 44986 | F132: 45017 | G132: 45048 | H132: 45079 | I132: 45108 | J132: 45139 | K132: 45170 | L132: 45204 | M132: 45232 | N132: 45264 | O132: 45291
A134: Zähler Schloss | C134: 2888 | D134: 3108 | E134: 3299 | F134: 3540 | G134: 3687 | H134: 3876 | I134: 4044 | J134: 4176 | K134: 4278 | L134: 4450 | M134: 4646 | N134: 4859 | O134: 5005 | Q134: =SUM(O134-C134) -> 2117
A135: davon Sporthalle | C135: 4387 | D135: 4399 | E135: 4411 | F135: 4437 | G135: 4446 | H135: 4460 | I135: 4476 | J135: 4488 | K135: 4497 | L135: 4513 | M135: 4530 | N135: 4547 | O135: 4560 | Q135: =SUM(O135-C135) -> 173
A136: Haus der Musik | C136: 436 | D136: 441 | E136: 445 | F136: 449 | G136: 452 | H136: 456 | I136: 460 | J136: 464 | K136: 469 | L136: 474 | M136: 478 | N136: 482 | O136: 485 | Q136: =SUM(O136-C136) -> 49
A137: Lichtenstern 13 | C137: 483 | D137: 499 | E137: 572 | F137: 642 | G137: 708 | H137: 783 | I137: 866 | J137: 933 | K137: 1005 | L137: 1081 | M137: 1161 | N137: 1211 | O137: 1292 | Q137: =SUM(I137-C137)+(O137-J137) -> 742 | R137: gesamt
R138: =SUM(Q133:Q137) -> 3081 | S138: m³
A141: 2024 | B141: m³ | C141: Jan | D141: Feb | E141: Mrz | F141: Apr | G141: Mai | H141: Jun | I141: Jul | J141: Aug | K141: Sep | L141: Okt | M141: Nov | N141: Dez
C142: 45303 | D142: 45323 | E142: 45352 | F142: 45384 | G142: 45414 | H142: 45446 | I142: 45474 | J142: 45505 | K142: 45537 | L142: 45566 | M142: 45600 | N142: 45628 | O142: 45657
A144: Zähler Schloss | C144: 5005 | D144: 5159 | E144: 5310 | F144: 5478 | G144: 5670 | H144: 5796 | I144: 6028 | J144: 6220.1 | K144: 6381.5 | L144: 6566.8 | M144: 6792.16 | N144: 7028 | O144: 7175 | Q144: =SUM(O144-C144) -> 2170
A145: davon Sporthalle | C145: 4560 | D145: 4573 | E145: 4595 | F145: 4619 | G145: 4655 | H145: 4685 | I145: 4730 | J145: 4779.1 | K145: 4832 | L145: 4857.8 | M145: 4927.33 | N145: 4977 | O145: 5009.86 | Q145: =SUM(O145-C145) -> 449.86
A146: Haus der Musik | C146: 21 | D146: 25 | E146: 45 | F146: 57 | G146: 61 | H146: 63 | I146: 67 | J146: 71.2 | K146: 74.6 | L146: 77.2 | M146: 80.89 | N146: 89.4 | O146: 92.5 | Q146: =SUM(O146-C146) -> 71.5
A147: Lichtenstern 13 | C147: 1292 | D147: 1350 | E147: 1407 | F147: 1464 | G147: 1514 | H147: 1568 | I147: 1631 | J147: 1700.3 | K147: 1748.5 | L147: 1798.5 | M147: 1840.34 | N147: 1859.71 | O147: 1859.16 | Q147: =SUM(I147-C147)+(O147-J147) -> 497.86 | R147: gesamt
R148: =SUM(Q143:Q147) -> 3189.22 | S148: m³
A151: 2025 | B151: m³ | C151: Jan | D151: Feb | E151: Mrz | F151: Apr | G151: Mai | H151: Jun | I151: Jul | J151: Aug | K151: Sep | L151: Okt | M151: Nov | N151: Dez
C152: 45669 | D152: 45689 | E152: 45717 | F152: 45749 | G152: 45782 | H152: 45811 | I152: 45839 | J152: 45870 | K152: 45902 | L152: 45931 | M152: 45964 | N152: 45993 | O152: 46022
A154: Zähler Schloss | C154: 7175 | D154: 7391.2 | E154: 7595.8 | F154: 7793.3 | G154: 7945.6 | H154: 8183.4 | I154: 8330.9 | J154: 8539.9 | K154: 8696 | L154: 8849.3 | M154: 9036.3 | N154: 9242.2 | O154: 9384.6 | Q154: =SUM(O154-C154) -> 2209.6
A155: davon Sporthalle | C155: 5009.86 | D155: 5050.25 | E155: 5105.8 | F155: 5151.9 | G155: 5183.87 | H155: 5225.1 | I155: 5258.84 | J155: 5300.3 | K155: 5321 | L155: 5351.3 | M155: 5383.9 | N155: 5425.53 | O155: 5459.65 | Q155: =SUM(O155-C155) -> 449.79
A156: Haus der Musik | C156: 92.5 | D156: 96 | E156: 99.5 | F156: 102.87 | G156: 106.4 | H156: 129.7 | I156: 132.3 | J156: 139.4 | K156: 147 | L156: 150.2 | M156: 155.1 | N156: 159.8 | O156: 162 | Q156: =SUM(O156-C156) -> 69.5
A157: Lichtenstern 13 | C157: 1859.16 | D157: 1900.25 | E157: 1924.1 | F157: 1955.3 | G157: 1987.3 | H157: 2015.1 | I157: 2042.7 | J157: 2067.7 | K157: 2079 | L157: 2097 | M157: 2129.3 | N157: 2152.3 | O157: 2166.5 | Q157: =SUM((O157-C157)) -> 307.34 | R157: gesamt
R158: =SUM(Q153:Q157) -> 3036.23 | S158: m³
A161: 2026 | B161: m³ | C161: Jan | D161: Feb | E161: Mrz | F161: Apr | G161: Mai | H161: Jun | I161: Jul | J161: Aug | K161: Sep | L161: Okt | M161: Nov | N161: Dez
C162: 45669 | D162: 46055
...

Sheet Verbrauch Wasser
A1: WASSER
A3: 2012 | B3: m³ | C3: Jan | D3: Feb | E3: Mrz | F3: Apr | G3: Mai | H3: Jun | I3: Jul | J3: Aug | K3: Sep | L3: Okt | M3: Nov | N3: Dez
A5: Zähler Schloss | C5: =SUM('Ablesewerte Wasser'!D6-'Ablesewerte Wasser'!C6) -> 250 | D5: =SUM('Ablesewerte Wasser'!E6-'Ablesewerte Wasser'!D6) -> 244 | E5: =SUM('Ablesewerte Wasser'!F6-'Ablesewerte Wasser'!E6) -> 289 | F5: =SUM('Ablesewerte Wasser'!G6-'Ablesewerte Wasser'!F6) -> 171 | G5: =SUM('Ablesewerte Wasser'!H6-'Ablesewerte Wasser'!G6) -> 260 | H5: =SUM('Ablesewerte Wasser'!I6-'Ablesewerte Wasser'!H6) -> 229 | I5: =SUM('Ablesewerte Wasser'!J6-'Ablesewerte Wasser'!I6) -> 183 | J5: =SUM('Ablesewerte Wasser'!K6-'Ablesewerte Wasser'!J6) -> 121 | ... N5: =SUM('Ablesewerte Wasser'!O6-'Ablesewerte Wasser'!N6) -> 223 | P5: =SUM(C5:O5) -> 3042
A6: davon Sporthalle | C6: =SUM('Ablesewerte Wasser'!D7-'Ablesewerte Wasser'!C7) -> 25 | D6: =SUM('Ablesewerte Wasser'!E7-'Ablesewerte Wasser'!D7) -> 38 | E6: =SUM('Ablesewerte Wasser'!F7-'Ablesewerte Wasser'!E7) -> 28 | F6: =SUM('Ablesewerte Wasser'!G7-'Ablesewerte Wasser'!F7) -> 18 | G6: =SUM('Ablesewerte Wasser'!H7-'Ablesewerte Wasser'!G7) -> 16 | H6: =SUM('Ablesewerte Wasser'!I7-'Ablesewerte Wasser'!H7) -> 17 | I6: =SUM('Ablesewerte Wasser'!J7-'Ablesewerte Wasser'!I7) -> 18 | J6: =SUM('Ablesewerte Wasser'!K7-'Ablesewerte Wasser'!J7) -> 4 | ... N6: =SUM('Ablesewerte Wasser'!O7-'Ablesewerte Wasser'!N7) -> 23 | P6: =SUM(C6:O6) -> 312
A7: Aula | C7: =SUM('Ablesewerte Wasser'!D8-'Ablesewerte Wasser'!C8) -> 8 | D7: =SUM('Ablesewerte Wasser'!E8-'Ablesewerte Wasser'!D8) -> 6 | E7: =SUM('Ablesewerte Wasser'!F8-'Ablesewerte Wasser'!E8) -> 6 | F7: =SUM('Ablesewerte Wasser'!G8-'Ablesewerte Wasser'!F8) -> 5 | G7: =SUM('Ablesewerte Wasser'!H8-'Ablesewerte Wasser'!G8) -> 7 | H7: =SUM('Ablesewerte Wasser'!I8-'Ablesewerte Wasser'!H8) -> 5 | I7: =SUM('Ablesewerte Wasser'!J8-'Ablesewerte Wasser'!I8) -> 4 | J7: =SUM('Ablesewerte Wasser'!K8-'Ablesewerte Wasser'!J8) -> 5 | ... N7: =SUM('Ablesewerte Wasser'!O8-'Ablesewerte Wasser'!N8) -> 4 | P7: =SUM(C7:O7) -> 68
A8: Lichtenstern 13 | C8: =SUM('Ablesewerte Wasser'!D9-'Ablesewerte Wasser'!C9) -> 23 | D8: =SUM('Ablesewerte Wasser'!E9-'Ablesewerte Wasser'!D9) -> 18 | E8: =SUM('Ablesewerte Wasser'!F9-'Ablesewerte Wasser'!E9) -> 24 | F8: =SUM('Ablesewerte Wasser'!G9-'Ablesewerte Wasser'!F9) -> 21 | G8: =SUM('Ablesewerte Wasser'!H9-'Ablesewerte Wasser'!G9) -> 21 | H8: =SUM('Ablesewerte Wasser'!I9-'Ablesewerte Wasser'!H9) -> 15 | I8: =SUM('Ablesewerte Wasser'!J9-'Ablesewerte Wasser'!I9) -> 12 | J8: =SUM('Ablesewerte Wasser'!K9-'Ablesewerte Wasser'!J9) -> 16 | ... N8: =SUM('Ablesewerte Wasser'!O9-'Ablesewerte Wasser'!N9) -> 17 | P8: =SUM(C8:O8) -> 213
A12: 2013 | B12: m³ | C12: Jan | D12: Feb | E12: Mrz | F12: Apr | G12: Mai | H12: Jun | I12: Jul | J12: Aug | K12: Sep | L12: Okt | M12: Nov | N12: Dez
A14: Zähler Schloss | C14: =SUM('Ablesewerte Wasser'!D16-'Ablesewerte Wasser'!C16) -> 248 | D14: =SUM('Ablesewerte Wasser'!E16-'Ablesewerte Wasser'!D16) -> 219 | E14: =SUM('Ablesewerte Wasser'!F16-'Ablesewerte Wasser'!E16) -> 219 | F14: =SUM('Ablesewerte Wasser'!G16-'Ablesewerte Wasser'!F16) -> 277 | G14: =SUM('Ablesewerte Wasser'!H16-'Ablesewerte Wasser'!G16) -> 148 | H14: =SUM('Ablesewerte Wasser'!I16-'Ablesewerte Wasser'!H16) -> 251 | I14: =SUM('Ablesewerte Wasser'!J16-'Ablesewerte Wasser'!I16) -> 468 | J14: =SUM('Ablesewerte Wasser'!K16-'Ablesewerte Wasser'!J16) -> 267 | ... N14: =SUM('Ablesewerte Wasser'!O16-'Ablesewerte Wasser'!N16) -> 223 | P14: =SUM(C14:O14) -> 3029
A15: davon Sporthalle | C15: =SUM('Ablesewerte Wasser'!D17-'Ablesewerte Wasser'!C17) -> 29 | D15: =SUM('Ablesewerte Wasser'!E17-'Ablesewerte Wasser'!D17) -> 19 | E15: =SUM('Ablesewerte Wasser'!F17-'Ablesewerte Wasser'!E17) -> 26 | F15: =SUM('Ablesewerte Wasser'!G17-'Ablesewerte Wasser'!F17) -> 24 | G15: =SUM('Ablesewerte Wasser'!H17-'Ablesewerte Wasser'!G17) -> 9 | H15: =SUM('Ablesewerte Wasser'!I17-'Ablesewerte Wasser'!H17) -> 18 | I15: =SUM('Ablesewerte Wasser'!J17-'Ablesewerte Wasser'!I17) -> 15 | J15: =SUM('Ablesewerte Wasser'!K17-'Ablesewerte Wasser'!J17) -> 2 | ... N15: =SUM('Ablesewerte Wasser'!O17-'Ablesewerte Wasser'!N17) -> 29 | P15: =SUM(C15:O15) -> 243
A16: Aula | C16: =SUM('Ablesewerte Wasser'!D18-'Ablesewerte Wasser'!C18) -> 7 | D16: =SUM('Ablesewerte Wasser'!E18-'Ablesewerte Wasser'!D18) -> 5 | E16: =SUM('Ablesewerte Wasser'!F18-'Ablesewerte Wasser'!E18) -> 5 | F16: =SUM('Ablesewerte Wasser'!G18-'Ablesewerte Wasser'!F18) -> 7 | G16: =SUM('Ablesewerte Wasser'!H18-'Ablesewerte Wasser'!G18) -> 2 | H16: =SUM('Ablesewerte Wasser'!I18-'Ablesewerte Wasser'!H18) -> 7 | I16: =SUM('Ablesewerte Wasser'!J18-'Ablesewerte Wasser'!I18) -> 5 | J16: =SUM('Ablesewerte Wasser'!K18-'Ablesewerte Wasser'!J18) -> 2 | ... N16: =SUM('Ablesewerte Wasser'!O18-'Ablesewerte Wasser'!N18) -> 5 | P16: =SUM(C16:O16) -> 63
A17: Lichtenstern 13 | C17: =SUM('Ablesewerte Wasser'!D19-'Ablesewerte Wasser'!C19) -> 11 | D17: =SUM('Ablesewerte Wasser'!E19-'Ablesewerte Wasser'!D19) -> 13 | E17: =SUM('Ablesewerte Wasser'!F19-'Ablesewerte Wasser'!E19) -> 15 | F17: =SUM('Ablesewerte Wasser'!G19-'Ablesewerte Wasser'!F19) -> 14 | G17: =SUM('Ablesewerte Wasser'!H19-'Ablesewerte Wasser'!G19) -> 10 | H17: =SUM('Ablesewerte Wasser'!I19-'Ablesewerte Wasser'!H19) -> 13 | I17: =SUM('Ablesewerte Wasser'!J19-'Ablesewerte Wasser'!I19) -> 20 | J17: =SUM('Ablesewerte Wasser'!K19-'Ablesewerte Wasser'!J19) -> 10 | ... N17: =SUM('Ablesewerte Wasser'!O19-'Ablesewerte Wasser'!N19) -> 19 | P17: =SUM(C17:O17) -> 167
A21: 2014 | B21: m³ | C21: Jan | D21: Feb | E21: Mrz | F21: Apr | G21: Mai | H21: Jun | I21: Jul | J21: Aug | K21: Sep | L21: Okt | M21: Nov | N21: Dez
A23: Zähler Schloss | C23: =SUM('Ablesewerte Wasser'!D28-'Ablesewerte Wasser'!C28) -> 208 | D23: =SUM('Ablesewerte Wasser'!E28-'Ablesewerte Wasser'!D28) -> 260 | E23: =SUM('Ablesewerte Wasser'!F28-'Ablesewerte Wasser'!E28) -> 212 | F23: =SUM('Ablesewerte Wasser'!G28-'Ablesewerte Wasser'!F28) -> 173 | G23: =SUM('Ablesewerte Wasser'!H28-'Ablesewerte Wasser'!G28) -> 228 | H23: =SUM('Ablesewerte Wasser'!I28-'Ablesewerte Wasser'!H28) -> 140 | I23: =SUM('Ablesewerte Wasser'!J28-'Ablesewerte Wasser'!I28) -> 207 | J23: =SUM('Ablesewerte Wasser'!K28-'Ablesewerte Wasser'!J28) -> 101 | ... N23: =SUM('Ablesewerte Wasser'!O28-'Ablesewerte Wasser'!N28) -> 183 | P23: =SUM(C23:O23) -> 2302
A24: davon Sporthalle | C24: =SUM('Ablesewerte Wasser'!D29-'Ablesewerte Wasser'!C29) -> 27 | D24: =SUM('Ablesewerte Wasser'!E29-'Ablesewerte Wasser'!D29) -> 29 | E24: =SUM('Ablesewerte Wasser'!F29-'Ablesewerte Wasser'!E29) -> 27 | F24: =SUM('Ablesewerte Wasser'!G29-'Ablesewerte Wasser'!F29) -> 23 | G24: =SUM('Ablesewerte Wasser'!H29-'Ablesewerte Wasser'!G29) -> 21 | H24: =SUM('Ablesewerte Wasser'!I29-'Ablesewerte Wasser'!H29) -> 12 | I24: =SUM('Ablesewerte Wasser'!J29-'Ablesewerte Wasser'!I29) -> 27 | J24: =SUM('Ablesewerte Wasser'!K29-'Ablesewerte Wasser'!J29) -> 3 | ... N24: =SUM('Ablesewerte Wasser'!O29-'Ablesewerte Wasser'!N29) -> 20 | P24: =SUM(C24:O24) -> 277
A25: Aula | C25: =SUM('Ablesewerte Wasser'!D30-'Ablesewerte Wasser'!C30) -> 6 | D25: =SUM('Ablesewerte Wasser'!E30-'Ablesewerte Wasser'!D30) -> 5 | E25: =SUM('Ablesewerte Wasser'!F30-'Ablesewerte Wasser'!E30) -> 6 | F25: =SUM('Ablesewerte Wasser'!G30-'Ablesewerte Wasser'!F30) -> 5 | G25: =SUM('Ablesewerte Wasser'!H30-'Ablesewerte Wasser'!G30) -> 6 | H25: =SUM('Ablesewerte Wasser'!I30-'Ablesewerte Wasser'!H30) -> 5 | I25: =SUM('Ablesewerte Wasser'!J30-'Ablesewerte Wasser'!I30) -> 4 | J25: =SUM('Ablesewerte Wasser'!K30-'Ablesewerte Wasser'!J30) -> 6 | ... N25: =SUM('Ablesewerte Wasser'!O30-'Ablesewerte Wasser'!N30) -> 6 | P25: =SUM(C25:O25) -> 69
A26: Lichtenstern 13 | C26: =SUM('Ablesewerte Wasser'!D31-'Ablesewerte Wasser'!C31) -> 12 | D26: =SUM('Ablesewerte Wasser'!E31-'Ablesewerte Wasser'!D31) -> 16 | E26: =SUM('Ablesewerte Wasser'!F31-'Ablesewerte Wasser'!E31) -> 13 | F26: =SUM('Ablesewerte Wasser'!G31-'Ablesewerte Wasser'!F31) -> 20 | G26: =SUM('Ablesewerte Wasser'!H31-'Ablesewerte Wasser'!G31) -> 14 | H26: =SUM('Ablesewerte Wasser'!I31-'Ablesewerte Wasser'!H31) -> 14 | I26: 14 | J26: =SUM('Ablesewerte Wasser'!K31-'Ablesewerte Wasser'!J31) -> 15 | K26: =SUM('Ablesewerte Wasser'!L31-'Ablesewerte Wasser'!K31) -> 14 | L26: =SUM('Ablesewerte Wasser'!M31-'Ablesewerte Wasser'!L31) -> 10 | M26: =SUM('Ablesewerte Wasser'!N31-'Ablesewerte Wasser'!M31) -> 11 | N26: =SUM('Ablesewerte Wasser'!O31-'Ablesewerte Wasser'!N31) -> 14 | P26: =SUM(C26:N26) -> 167
A29: 2015 | B29: m³ | C29: Jan | D29: Feb | E29: Mrz | F29: Apr | G29: Mai | H29: Jun | I29: Jul | J29: Aug | K29: Sep | L29: Okt | M29: Nov | N29: Dez
A31: Zähler Schloss | C31: =SUM('Ablesewerte Wasser'!D40-'Ablesewerte Wasser'!C40) -> 191 | D31: =SUM('Ablesewerte Wasser'!E40-'Ablesewerte Wasser'!D40) -> 175 | E31: =SUM('Ablesewerte Wasser'!F40-'Ablesewerte Wasser'!E40) -> 231 | F31: =SUM('Ablesewerte Wasser'!G40-'Ablesewerte Wasser'!F40) -> 220 | G31: =SUM('Ablesewerte Wasser'!H40-'Ablesewerte Wasser'!G40) -> 158 | H31: =SUM('Ablesewerte Wasser'!I40-'Ablesewerte Wasser'!H40) -> 235 | I31: =SUM('Ablesewerte Wasser'!J40-'Ablesewerte Wasser'!I40) -> 415 | J31: =SUM('Ablesewerte Wasser'!K40-'Ablesewerte Wasser'!J40) -> 85 | ... N31: =SUM('Ablesewerte Wasser'!O40-'Ablesewerte Wasser'!N40) -> 183 | P31: =SUM(C31:O31) -> 2631
A32: davon Sporthalle | C32: =SUM('Ablesewerte Wasser'!D41-'Ablesewerte Wasser'!C41) -> 28 | D32: =SUM('Ablesewerte Wasser'!E41-'Ablesewerte Wasser'!D41) -> 26 | E32: =SUM('Ablesewerte Wasser'!F41-'Ablesewerte Wasser'!E41) -> 36 | F32: =SUM('Ablesewerte Wasser'!G41-'Ablesewerte Wasser'!F41) -> 19 | G32: =SUM('Ablesewerte Wasser'!H41-'Ablesewerte Wasser'!G41) -> 16 | H32: =SUM('Ablesewerte Wasser'!I41-'Ablesewerte Wasser'!H41) -> 18 | I32: =SUM('Ablesewerte Wasser'!J41-'Ablesewerte Wasser'!I41) -> 18 | J32: =SUM('Ablesewerte Wasser'!K41-'Ablesewerte Wasser'!J41) -> 4 | ... N32: =SUM('Ablesewerte Wasser'!O41-'Ablesewerte Wasser'!N41) -> 22 | P32: =SUM(C32:O32) -> 257
A33: Aula | C33: =SUM('Ablesewerte Wasser'!D42-'Ablesewerte Wasser'!C42) -> 5 | D33: =SUM('Ablesewerte Wasser'!E42-'Ablesewerte Wasser'!D42) -> 6 | E33: =SUM('Ablesewerte Wasser'!F42-'Ablesewerte Wasser'!E42) -> 4 | F33: =SUM('Ablesewerte Wasser'!G42-'Ablesewerte Wasser'!F42) -> 4 | G33: =SUM('Ablesewerte Wasser'!H42-'Ablesewerte Wasser'!G42) -> 6 | H33: =SUM('Ablesewerte Wasser'!I42-'Ablesewerte Wasser'!H42) -> 4 | I33: =SUM('Ablesewerte Wasser'!J42-'Ablesewerte Wasser'!I42) -> 4 | J33: =SUM('Ablesewerte Wasser'!K42-'Ablesewerte Wasser'!J42) -> 2 | ... N33: =SUM('Ablesewerte Wasser'!O42-'Ablesewerte Wasser'!N42) -> 8 | P33: =SUM(C33:O33) -> 59
A34: Lichtenstern 13 | C34: =SUM('Ablesewerte Wasser'!D43-'Ablesewerte Wasser'!C43) -> 9 | D34: =SUM('Ablesewerte Wasser'!E43-'Ablesewerte Wasser'!D43) -> 10 | E34: =SUM('Ablesewerte Wasser'!F43-'Ablesewerte Wasser'!E43) -> 12 | F34: =SUM('Ablesewerte Wasser'!G43-'Ablesewerte Wasser'!F43) -> 8 | G34: =SUM('Ablesewerte Wasser'!H43-'Ablesewerte Wasser'!G43) -> 9 | H34: =SUM('Ablesewerte Wasser'!I43-'Ablesewerte Wasser'!H43) -> 9 | I34: =SUM('Ablesewerte Wasser'!J43-'Ablesewerte Wasser'!I43) -> 4 | J34: =SUM('Ablesewerte Wasser'!K43-'Ablesewerte Wasser'!J43) -> 13 | ... N34: =SUM('Ablesewerte Wasser'!O43-'Ablesewerte Wasser'!N43) -> 15 | P34: =SUM(C34:N34) -> 114
I35: =SUM('Ablesewerte Wasser'!J44-'Ablesewerte Wasser'!I44) -> 0
A37: 2016 | B37: m³ | C37: Jan | D37: Feb | E37: Mrz | F37: Apr | G37: Mai | H37: Jun | I37: Jul | J37: Aug | K37: Sep | L37: Okt | M37: Nov | N37: Dez
A39: Zähler Schloss | C39: =SUM('Ablesewerte Wasser'!D52-'Ablesewerte Wasser'!C52) -> 230 | D39: =SUM('Ablesewerte Wasser'!E52-'Ablesewerte Wasser'!D52) -> 241 | E39: =SUM('Ablesewerte Wasser'!F52-'Ablesewerte Wasser'!E52) -> 182 | F39: =SUM('Ablesewerte Wasser'!G52-'Ablesewerte Wasser'!F52) -> 224 | G39: =SUM('Ablesewerte Wasser'!H52-'Ablesewerte Wasser'!G52) -> 105 | H39: =SUM('Ablesewerte Wasser'!I52-'Ablesewerte Wasser'!H52) -> 231 | I39: =SUM('Ablesewerte Wasser'!J52-'Ablesewerte Wasser'!I52) -> 268 | J39: =SUM('Ablesewerte Wasser'!K52-'Ablesewerte Wasser'!J52) -> 14 | ... N39: =SUM('Ablesewerte Wasser'!O52-'Ablesewerte Wasser'!N52) -> 174 | P39: =SUM(C39:O39) -> 2239
A40: davon Sporthalle | C40: =SUM('Ablesewerte Wasser'!D53-'Ablesewerte Wasser'!C53) -> 23 | D40: =SUM('Ablesewerte Wasser'!E53-'Ablesewerte Wasser'!D53) -> 31 | E40: =SUM('Ablesewerte Wasser'!F53-'Ablesewerte Wasser'!E53) -> 29 | F40: =SUM('Ablesewerte Wasser'!G53-'Ablesewerte Wasser'!F53) -> 36 | G40: =SUM('Ablesewerte Wasser'!H53-'Ablesewerte Wasser'!G53) -> 9 | H40: =SUM('Ablesewerte Wasser'!I53-'Ablesewerte Wasser'!H53) -> 27 | I40: =SUM('Ablesewerte Wasser'!J53-'Ablesewerte Wasser'!I53) -> 28 | J40: =SUM('Ablesewerte Wasser'!K53-'Ablesewerte Wasser'!J53) -> 2 | ... N40: =SUM('Ablesewerte Wasser'!O53-'Ablesewerte Wasser'!N53) -> 19 | P40: =SUM(C40:O40) -> 276
A41: Aula | C41: =SUM('Ablesewerte Wasser'!D54-'Ablesewerte Wasser'!C54) -> 6 | D41: =SUM('Ablesewerte Wasser'!E54-'Ablesewerte Wasser'!D54) -> 5 | E41: =SUM('Ablesewerte Wasser'!F54-'Ablesewerte Wasser'!E54) -> 6 | F41: =SUM('Ablesewerte Wasser'!G54-'Ablesewerte Wasser'!F54) -> 5 | G41: =SUM('Ablesewerte Wasser'!H54-'Ablesewerte Wasser'!G54) -> 4 | H41: =SUM('Ablesewerte Wasser'!I54-'Ablesewerte Wasser'!H54) -> 11 | I41: =SUM('Ablesewerte Wasser'!J54-'Ablesewerte Wasser'!I54) -> 7 | J41: =SUM('Ablesewerte Wasser'!K54-'Ablesewerte Wasser'!J54) -> 0 | ... N41: =SUM('Ablesewerte Wasser'!O54-'Ablesewerte Wasser'!N54) -> 4 | P41: =SUM(C41:O41) -> 62
A42: Lichtenstern 13 | C42: =SUM('Ablesewerte Wasser'!D55-'Ablesewerte Wasser'!C55) -> 10 | D42: =SUM('Ablesewerte Wasser'!E55-'Ablesewerte Wasser'!D55) -> 11 | E42: =SUM('Ablesewerte Wasser'!F55-'Ablesewerte Wasser'!E55) -> 12 | F42: =SUM('Ablesewerte Wasser'!G55-'Ablesewerte Wasser'!F55) -> 14 | G42: =SUM('Ablesewerte Wasser'!H55-'Ablesewerte Wasser'!G55) -> 10 | H42: =SUM('Ablesewerte Wasser'!I55-'Ablesewerte Wasser'!H55) -> 13 | I42: =SUM('Ablesewerte Wasser'!J55-'Ablesewerte Wasser'!I55) -> 27 | J42: =SUM('Ablesewerte Wasser'!K55-'Ablesewerte Wasser'!J55) -> 0 | ... N42: =SUM('Ablesewerte Wasser'!O55-'Ablesewerte Wasser'!N55) -> 55 | P42: =SUM(C42:N42) -> 152
A45: 2017 | B45: m³ | C45: Jan | D45: Feb | E45: Mrz | F45: Apr | G45: Mai | H45: Jun | I45: Jul | J45: Aug | K45: Sep | L45: Okt | M45: Nov | N45: Dez
A47: Zähler Schloss | C47: =SUM('Ablesewerte Wasser'!D62-'Ablesewerte Wasser'!C62) -> 146 | D47: =SUM('Ablesewerte Wasser'!E62-'Ablesewerte Wasser'!D62) -> 210 | E47: =SUM('Ablesewerte Wasser'!F62-'Ablesewerte Wasser'!E62) -> 205 | F47: =SUM('Ablesewerte Wasser'!G62-'Ablesewerte Wasser'!F62) -> 113 | G47: =SUM('Ablesewerte Wasser'!H62-'Ablesewerte Wasser'!G62) -> 212 | H47: =SUM('Ablesewerte Wasser'!I62-'Ablesewerte Wasser'!H62) -> 155 | I47: =SUM('Ablesewerte Wasser'!J62-'Ablesewerte Wasser'!I62) -> 120 | J47: =SUM('Ablesewerte Wasser'!K62-'Ablesewerte Wasser'!J62) -> 100 | ... N47: =SUM('Ablesewerte Wasser'!O62-'Ablesewerte Wasser'!N62) -> 173 | P47: =SUM(C47:O47) -> 1947
A48: davon Sporthalle | C48: =SUM('Ablesewerte Wasser'!D63-'Ablesewerte Wasser'!C63) -> 20 | D48: =SUM('Ablesewerte Wasser'!E63-'Ablesewerte Wasser'!D63) -> 33 | E48: =SUM('Ablesewerte Wasser'!F63-'Ablesewerte Wasser'!E63) -> 34 | F48: =SUM('Ablesewerte Wasser'!G63-'Ablesewerte Wasser'!F63) -> 19 | G48: =SUM('Ablesewerte Wasser'!H63-'Ablesewerte Wasser'!G63) -> 21 | H48: =SUM('Ablesewerte Wasser'!I63-'Ablesewerte Wasser'!H63) -> 13 | I48: =SUM('Ablesewerte Wasser'!J63-'Ablesewerte Wasser'!I63) -> 19 | J48: =SUM('Ablesewerte Wasser'!K63-'Ablesewerte Wasser'!J63) -> 9 | ... N48: =SUM('Ablesewerte Wasser'!O63-'Ablesewerte Wasser'!N63) -> 22 | P48: =SUM(C48:O48) -> 268
A49: Aula | C49: =SUM('Ablesewerte Wasser'!D64-'Ablesewerte Wasser'!C64) -> 5 | D49: =SUM('Ablesewerte Wasser'!E64-'Ablesewerte Wasser'!D64) -> 6 | E49: =SUM('Ablesewerte Wasser'!F64-'Ablesewerte Wasser'!E64) -> 6 | F49: =SUM('Ablesewerte Wasser'!G64-'Ablesewerte Wasser'!F64) -> 3 | G49: =SUM('Ablesewerte Wasser'!H64-'Ablesewerte Wasser'!G64) -> 6 | H49: =SUM('Ablesewerte Wasser'!I64-'Ablesewerte Wasser'!H64) -> 5 | I49: =SUM('Ablesewerte Wasser'!J64-'Ablesewerte Wasser'!I64) -> 0 | J49: =SUM('Ablesewerte Wasser'!K64-'Ablesewerte Wasser'!J64) -> 4 | ... N49: =SUM('Ablesewerte Wasser'!O64-'Ablesewerte Wasser'!N64) -> 4 | P49: =SUM(C49:O49) -> 99
A50: Lichtenstern 13 | C50: =SUM('Ablesewerte Wasser'!D65-'Ablesewerte Wasser'!C65) -> 10 | D50: =SUM('Ablesewerte Wasser'!E65-'Ablesewerte Wasser'!D65) -> 10 | E50: =SUM('Ablesewerte Wasser'!F65-'Ablesewerte Wasser'!E65) -> 14 | F50: =SUM('Ablesewerte Wasser'!G65-'Ablesewerte Wasser'!F65) -> 14 | G50: =SUM('Ablesewerte Wasser'!H65-'Ablesewerte Wasser'!G65) -> 16 | H50: =SUM('Ablesewerte Wasser'!I65-'Ablesewerte Wasser'!H65) -> 0 | I50: =SUM('Ablesewerte Wasser'!J65-'Ablesewerte Wasser'!I65) -> 0 | J50: =SUM('Ablesewerte Wasser'!K65-'Ablesewerte Wasser'!J65) -> 0 | ... N50: =SUM('Ablesewerte Wasser'!O65-'Ablesewerte Wasser'!N65) -> 14 | P50: =SUM(C50:N50) -> 141
A54: 2018 | B54: m³ | C54: Jan | D54: Feb | E54: Mrz | F54: Apr | G54: Mai | H54: Jun | I54: Jul | J54: Aug | K54: Sep | L54: Okt | M54: Nov | N54: Dez
A56: Zähler Schloss | C56: =SUM('Ablesewerte Wasser'!D72-'Ablesewerte Wasser'!C72) -> 167 | D56: =SUM('Ablesewerte Wasser'!E72-'Ablesewerte Wasser'!D72) -> 154 | E56: =SUM('Ablesewerte Wasser'!F72-'Ablesewerte Wasser'!E72) -> 198 | F56: =SUM('Ablesewerte Wasser'!G72-'Ablesewerte Wasser'!F72) -> 147 | G56: =SUM('Ablesewerte Wasser'!H72-'Ablesewerte Wasser'!G72) -> 128 | H56: =SUM('Ablesewerte Wasser'!I72-'Ablesewerte Wasser'!H72) -> 192 | I56: =SUM('Ablesewerte Wasser'!J72-'Ablesewerte Wasser'!I72) -> 166 | J56: =SUM('Ablesewerte Wasser'!K72-'Ablesewerte Wasser'!J72) -> 130 | ... M56: =SUM('Ablesewerte Wasser'!N72-'Ablesewerte Wasser'!M72) -> 203 | N56: =SUM('Ablesewerte Wasser'!O71-'Ablesewerte Wasser'!N71) -> 0 | P56: =SUM(C56:O56) -> 1886
A57: davon Sporthalle | C57: =SUM('Ablesewerte Wasser'!D73-'Ablesewerte Wasser'!C73) -> 23 | D57: =SUM('Ablesewerte Wasser'!E73-'Ablesewerte Wasser'!D73) -> 21 | E57: =SUM('Ablesewerte Wasser'!F73-'Ablesewerte Wasser'!E73) -> 27 | F57: =SUM('Ablesewerte Wasser'!G73-'Ablesewerte Wasser'!F73) -> 16 | G57: =SUM('Ablesewerte Wasser'!H73-'Ablesewerte Wasser'!G73) -> 14 | H57: =SUM('Ablesewerte Wasser'!I73-'Ablesewerte Wasser'!H73) -> 23 | I57: =SUM('Ablesewerte Wasser'!J73-'Ablesewerte Wasser'!I73) -> 24 | J57: =SUM('Ablesewerte Wasser'!K73-'Ablesewerte Wasser'!J73) -> 22 | ... N57: =SUM('Ablesewerte Wasser'!O73-'Ablesewerte Wasser'!N73) -> 21 | P57: =SUM(C57:O57) -> 264
A58: Aula | C58: =SUM('Ablesewerte Wasser'!D74-'Ablesewerte Wasser'!C74) -> 11 | D58: =SUM('Ablesewerte Wasser'!E74-'Ablesewerte Wasser'!D74) -> 4 | E58: =SUM('Ablesewerte Wasser'!F74-'Ablesewerte Wasser'!E74) -> 6 | F58: =SUM('Ablesewerte Wasser'!G74-'Ablesewerte Wasser'!F74) -> 6 | G58: =SUM('Ablesewerte Wasser'!H74-'Ablesewerte Wasser'!G74) -> 3 | H58: =SUM('Ablesewerte Wasser'!I74-'Ablesewerte Wasser'!H74) -> 4 | I58: =SUM('Ablesewerte Wasser'!J74-'Ablesewerte Wasser'!I74) -> 5 | J58: =SUM('Ablesewerte Wasser'!K74-'Ablesewerte Wasser'!J74) -> 0 | ... N58: =SUM('Ablesewerte Wasser'!O74-'Ablesewerte Wasser'!N74) -> 5 | P58: =SUM(C58:O58) -> 130
A59: Lichtenstern 13 | C59: =SUM('Ablesewerte Wasser'!D75-'Ablesewerte Wasser'!C75) -> 0 | D59: =SUM('Ablesewerte Wasser'!E75-'Ablesewerte Wasser'!D75) -> 27 | E59: =SUM('Ablesewerte Wasser'!F75-'Ablesewerte Wasser'!E75) -> 14 | F59: =SUM('Ablesewerte Wasser'!G75-'Ablesewerte Wasser'!F75) -> 0 | G59: =SUM('Ablesewerte Wasser'!H75-'Ablesewerte Wasser'!G75) -> 0 | H59: =SUM('Ablesewerte Wasser'!I75-'Ablesewerte Wasser'!F75) -> 40 | I59: =SUM('Ablesewerte Wasser'!J75-'Ablesewerte Wasser'!I75) -> 0 | J59: =SUM('Ablesewerte Wasser'!K75-'Ablesewerte Wasser'!J75) -> 0 | K59: =SUM('Ablesewerte Wasser'!L75-'Ablesewerte Wasser'!K75) -> 0 | L59: =SUM('Ablesewerte Wasser'!M75-'Ablesewerte Wasser'!L75) -> 0 | M59: =SUM('Ablesewerte Wasser'!N75-'Ablesewerte Wasser'!M75) -> 62 | N59: =SUM('Ablesewerte Wasser'!O75-'Ablesewerte Wasser'!N75) -> 12 | P59: =SUM(C59:N59) -> 155
A64: 2019 | B64: m³ | C64: Jan | D64: Feb | E64: Mrz | F64: Apr | G64: Mai | H64: Jun | I64: Jul | J64: Aug | K64: Sep | L64: Okt | M64: Nov | N64: Dez
A66: Zähler Schloss | C66: =SUM('Ablesewerte Wasser'!D87-'Ablesewerte Wasser'!C87) -> 203 | D66: =SUM('Ablesewerte Wasser'!E87-'Ablesewerte Wasser'!D87) -> 261 | E66: =SUM('Ablesewerte Wasser'!F87-'Ablesewerte Wasser'!E87) -> 163 | F66: =SUM('Ablesewerte Wasser'!G87-'Ablesewerte Wasser'!F87) -> 139 | G66: =SUM('Ablesewerte Wasser'!H87-'Ablesewerte Wasser'!G87) -> 212 | H66: =SUM('Ablesewerte Wasser'!I87-'Ablesewerte Wasser'!H87) -> 92 | I66: =SUM('Ablesewerte Wasser'!J87-'Ablesewerte Wasser'!I87) -> 241 | J66: =SUM('Ablesewerte Wasser'!K87-'Ablesewerte Wasser'!J87) -> 32 | ... N66: =SUM('Ablesewerte Wasser'!O87-'Ablesewerte Wasser'!N87) -> 93 | P66: =SUM(C66:O66) -> 2002
A67: davon Sporthalle | C67: =SUM('Ablesewerte Wasser'!D88-'Ablesewerte Wasser'!C88) -> 23 | D67: =SUM('Ablesewerte Wasser'!E88-'Ablesewerte Wasser'!D88) -> 20 | E67: =SUM('Ablesewerte Wasser'!F88-'Ablesewerte Wasser'!E88) -> 24 | F67: =SUM('Ablesewerte Wasser'!G88-'Ablesewerte Wasser'!F88) -> 16 | G67: =SUM('Ablesewerte Wasser'!H88-'Ablesewerte Wasser'!G88) -> 24 | H67: =SUM('Ablesewerte Wasser'!I88-'Ablesewerte Wasser'!H88) -> 18 | I67: =SUM('Ablesewerte Wasser'!J88-'Ablesewerte Wasser'!I88) -> 13 | J67: =SUM('Ablesewerte Wasser'!K88-'Ablesewerte Wasser'!J88) -> 6 | ... N67: =SUM('Ablesewerte Wasser'!O88-'Ablesewerte Wasser'!N88) -> 10 | P67: =SUM(C67:O67) -> 205
A68: Aula | C68: =SUM('Ablesewerte Wasser'!D89-'Ablesewerte Wasser'!C89) -> 5 | D68: =SUM('Ablesewerte Wasser'!E89-'Ablesewerte Wasser'!D89) -> 5 | E68: =SUM('Ablesewerte Wasser'!F89-'Ablesewerte Wasser'!E89) -> 37 | F68: =SUM('Ablesewerte Wasser'!G89-'Ablesewerte Wasser'!F89) -> 4 | G68: =SUM('Ablesewerte Wasser'!H89-'Ablesewerte Wasser'!G89) -> 7 | H68: =SUM('Ablesewerte Wasser'!I89-'Ablesewerte Wasser'!H89) -> 2 | I68: =SUM('Ablesewerte Wasser'!J89-'Ablesewerte Wasser'!I89) -> 7 | J68: =SUM('Ablesewerte Wasser'!K89-'Ablesewerte Wasser'!J89) -> 0 | ... N68: =SUM('Ablesewerte Wasser'!O89-'Ablesewerte Wasser'!N89) -> 2 | P68: =SUM(C68:O68) -> 111
A69: Lichtenstern 13 | C69: =SUM('Ablesewerte Wasser'!D90-'Ablesewerte Wasser'!C90) -> 0 | D69: =SUM('Ablesewerte Wasser'!E90-'Ablesewerte Wasser'!D90) -> 0 | E69: =SUM('Ablesewerte Wasser'!F90-'Ablesewerte Wasser'!E90) -> 0 | F69: =SUM('Ablesewerte Wasser'!G90-'Ablesewerte Wasser'!F90) -> 0 | G69: =SUM('Ablesewerte Wasser'!H90-'Ablesewerte Wasser'!G90) -> 0 | H69: =SUM('Ablesewerte Wasser'!I90-'Ablesewerte Wasser'!H90) -> 71 | I69: =SUM('Ablesewerte Wasser'!J90-'Ablesewerte Wasser'!I90) -> 17 | J69: =SUM('Ablesewerte Wasser'!K90-'Ablesewerte Wasser'!J90) -> 8 | ... N69: =SUM('Ablesewerte Wasser'!O90-'Ablesewerte Wasser'!N90) -> 30 | P69: =SUM(C69:N69) -> 134
A73: 2020 | B73: m³ | C73: Jan | D73: Feb | E73: Mrz | F73: Apr | G73: Mai | H73: Jun | I73: Jul | J73: Aug | K73: Sep | L73: Okt | M73: Nov | N73: Dez
A75: Zähler Schloss | C75: =SUM('Ablesewerte Wasser'!D103-'Ablesewerte Wasser'!C103) -> 228 | D75: =SUM('Ablesewerte Wasser'!E103-'Ablesewerte Wasser'!D103) -> 194 | E75: =SUM('Ablesewerte Wasser'!F103-'Ablesewerte Wasser'!E103) -> 161 | F75: =SUM('Ablesewerte Wasser'!G103-'Ablesewerte Wasser'!F103) -> 110 | G75: =SUM('Ablesewerte Wasser'!H103-'Ablesewerte Wasser'!G103) -> 94 | H75: =SUM('Ablesewerte Wasser'!I103-'Ablesewerte Wasser'!H103) -> 65 | I75: =SUM('Ablesewerte Wasser'!J103-'Ablesewerte Wasser'!I103) -> 80 | J75: =SUM('Ablesewerte Wasser'!K103-'Ablesewerte Wasser'!J103) -> 31 | ... N75: =SUM('Ablesewerte Wasser'!O103-'Ablesewerte Wasser'!N103) -> 165 | P75: =SUM(C75:O75) -> 1701
A76: davon Sporthalle | C76: =SUM('Ablesewerte Wasser'!D104-'Ablesewerte Wasser'!C104) -> 20 | D76: =SUM('Ablesewerte Wasser'!E104-'Ablesewerte Wasser'!D104) -> 10 | E76: =SUM('Ablesewerte Wasser'!F104-'Ablesewerte Wasser'!E104) -> 8 | F76: =SUM('Ablesewerte Wasser'!G104-'Ablesewerte Wasser'!F104) -> 5 | G76: =SUM('Ablesewerte Wasser'!H104-'Ablesewerte Wasser'!G104) -> 9 | H76: =SUM('Ablesewerte Wasser'!I104-'Ablesewerte Wasser'!H104) -> 6 | I76: =SUM('Ablesewerte Wasser'!J104-'Ablesewerte Wasser'!I104) -> 9 | J76: =SUM('Ablesewerte Wasser'!K104-'Ablesewerte Wasser'!J104) -> 8 | ... N76: =SUM('Ablesewerte Wasser'!O104-'Ablesewerte Wasser'!N104) -> 7 | P76: =SUM(C76:O76) -> 121
A77: Aula | C77: =SUM('Ablesewerte Wasser'!D105-'Ablesewerte Wasser'!C105) -> 6 | D77: =SUM('Ablesewerte Wasser'!E105-'Ablesewerte Wasser'!D105) -> 6 | E77: =SUM('Ablesewerte Wasser'!F105-'Ablesewerte Wasser'!E105) -> 3 | F77: =SUM('Ablesewerte Wasser'!G105-'Ablesewerte Wasser'!F105) -> 0 | G77: =SUM('Ablesewerte Wasser'!H105-'Ablesewerte Wasser'!G105) -> 4 | H77: =SUM('Ablesewerte Wasser'!I105-'Ablesewerte Wasser'!H105) -> 2 | I77: =SUM('Ablesewerte Wasser'!J105-'Ablesewerte Wasser'!I105) -> 5 | J77: =SUM('Ablesewerte Wasser'!K105-'Ablesewerte Wasser'!J105) -> 3 | ... N77: =SUM('Ablesewerte Wasser'!O105-'Ablesewerte Wasser'!N105) -> 2 | P77: =SUM(C77:O77) -> 41
A78: Lichtenstern 13 | C78: =SUM('Ablesewerte Wasser'!D106-'Ablesewerte Wasser'!C106) -> 0 | D78: =SUM('Ablesewerte Wasser'!E106-'Ablesewerte Wasser'!D106) -> 0 | E78: =SUM('Ablesewerte Wasser'!F106-'Ablesewerte Wasser'!E106) -> 41 | F78: =SUM('Ablesewerte Wasser'!G106-'Ablesewerte Wasser'!F106) -> 0 | G78: =SUM('Ablesewerte Wasser'!H106-'Ablesewerte Wasser'!G106) -> 23 | H78: =SUM('Ablesewerte Wasser'!I106-'Ablesewerte Wasser'!H106) -> 0 | I78: =SUM('Ablesewerte Wasser'!J106-'Ablesewerte Wasser'!I106) -> 0 | J78: =SUM('Ablesewerte Wasser'!K106-'Ablesewerte Wasser'!J106) -> 30 | ... N78: =SUM('Ablesewerte Wasser'!O106-'Ablesewerte Wasser'!N106) -> 32 | P78: =SUM(C78:N78) -> 126
A82: 2021 | B82: m³ | C82: Jan | D82: Feb | E82: Mrz | F82: Apr | G82: Mai | H82: Jun | I82: Jul | J82: Aug | K82: Sep | L82: Okt | M82: Nov | N82: Dez
A84: Zähler Schloss | C84: =SUM('Ablesewerte Wasser'!D113-'Ablesewerte Wasser'!C113) -> 40 | D84: =SUM('Ablesewerte Wasser'!E113-'Ablesewerte Wasser'!D113) -> 66 | E84: =SUM('Ablesewerte Wasser'!F113-'Ablesewerte Wasser'!E113) -> 117 | F84: =SUM('Ablesewerte Wasser'!G113-'Ablesewerte Wasser'!F113) -> 93 | G84: =SUM('Ablesewerte Wasser'!H113-'Ablesewerte Wasser'!G113) -> 107 | H84: =SUM('Ablesewerte Wasser'!I113-'Ablesewerte Wasser'!H113) -> 188 | I84: =SUM('Ablesewerte Wasser'!J113-'Ablesewerte Wasser'!I113) -> 160 | J84: =SUM('Ablesewerte Wasser'!K113-'Ablesewerte Wasser'!J113) -> 11 | ... N84: =SUM('Ablesewerte Wasser'!O113-'Ablesewerte Wasser'!N113) -> 164 | P84: =SUM(C84:O84) -> 1693
A85: davon Sporthalle | C85: =SUM('Ablesewerte Wasser'!D114-'Ablesewerte Wasser'!C114) -> 5 | D85: =SUM('Ablesewerte Wasser'!E114-'Ablesewerte Wasser'!D114) -> 6 | E85: =SUM('Ablesewerte Wasser'!F114-'Ablesewerte Wasser'!E114) -> 10 | F85: =SUM('Ablesewerte Wasser'!G114-'Ablesewerte Wasser'!F114) -> 5 | G85: =SUM('Ablesewerte Wasser'!H114-'Ablesewerte Wasser'!G114) -> 8 | H85: =SUM('Ablesewerte Wasser'!I114-'Ablesewerte Wasser'!H114) -> 12 | I85: =SUM('Ablesewerte Wasser'!J114-'Ablesewerte Wasser'!I114) -> 11 | J85: =SUM('Ablesewerte Wasser'!K114-'Ablesewerte Wasser'!J114) -> 7 | ... N85: =SUM('Ablesewerte Wasser'!O114-'Ablesewerte Wasser'!N114) -> 10 | P85: =SUM(C85:O85) -> 123
A86: Aula | C86: =SUM('Ablesewerte Wasser'!D115-'Ablesewerte Wasser'!C115) -> 0 | D86: =SUM('Ablesewerte Wasser'!E115-'Ablesewerte Wasser'!D115) -> 1 | E86: =SUM('Ablesewerte Wasser'!F115-'Ablesewerte Wasser'!E115) -> 3 | F86: =SUM('Ablesewerte Wasser'!G115-'Ablesewerte Wasser'!F115) -> 3 | G86: =SUM('Ablesewerte Wasser'!H115-'Ablesewerte Wasser'!G115) -> 2 | H86: =SUM('Ablesewerte Wasser'!I115-'Ablesewerte Wasser'!H115) -> 4 | I86: =SUM('Ablesewerte Wasser'!J115-'Ablesewerte Wasser'!I115) -> 4 | J86: =SUM('Ablesewerte Wasser'!K115-'Ablesewerte Wasser'!J115) -> 0 | ... N86: =SUM('Ablesewerte Wasser'!O115-'Ablesewerte Wasser'!N115) -> 3 | P86: =SUM(C86:O86) -> 29
A87: Lichtenstern 13 | C87: =SUM('Ablesewerte Wasser'!D116-'Ablesewerte Wasser'!C116) -> 0 | D87: =SUM('Ablesewerte Wasser'!E116-'Ablesewerte Wasser'!D116) -> 29 | E87: =SUM('Ablesewerte Wasser'!F116-'Ablesewerte Wasser'!E116) -> 8 | F87: =SUM('Ablesewerte Wasser'!G116-'Ablesewerte Wasser'!F116) -> 23 | G87: =SUM('Ablesewerte Wasser'!H116-'Ablesewerte Wasser'!G116) -> 0 | H87: =SUM('Ablesewerte Wasser'!I116-'Ablesewerte Wasser'!H116) -> 0 | I87: =SUM('Ablesewerte Wasser'!J116-'Ablesewerte Wasser'!I116) -> 0 | J87: =SUM('Ablesewerte Wasser'!K116-'Ablesewerte Wasser'!J116) -> 0 | ... N87: =SUM('Ablesewerte Wasser'!O116-'Ablesewerte Wasser'!N116) -> 209 | P87: =SUM(C87:N87) -> 269
A91: 2022 | B91: m³ | C91: Jan | D91: Feb | E91: Mrz | F91: Apr | G91: Mai | H91: Jun | I91: Jul | J91: Aug | K91: Sep | L91: Okt | M91: Nov | N91: Dez
A93: Zähler Schloss | C93: =SUM('Ablesewerte Wasser'!D124-'Ablesewerte Wasser'!C124) -> 157 | D93: =SUM('Ablesewerte Wasser'!E124-'Ablesewerte Wasser'!D124) -> 203 | E93: =SUM('Ablesewerte Wasser'!F124-'Ablesewerte Wasser'!E124) -> 225 | F93: =SUM('Ablesewerte Wasser'!G124-'Ablesewerte Wasser'!F124) -> 131 | G93: =SUM('Ablesewerte Wasser'!H124-'Ablesewerte Wasser'!G124) -> 233 | H93: =SUM('Ablesewerte Wasser'!I124-'Ablesewerte Wasser'!H124) -> 132 | I93: =SUM('Ablesewerte Wasser'!J124-'Ablesewerte Wasser'!I124) -> 166 | J93: =SUM('Ablesewerte Wasser'!K124-'Ablesewerte Wasser'!J124) -> 141 | ... N93: =SUM('Ablesewerte Wasser'!O124-'Ablesewerte Wasser'!N124) -> 150 | P93: =SUM(C93:O93) -> 2098
A94: davon Sporthalle | C94: =SUM('Ablesewerte Wasser'!D125-'Ablesewerte Wasser'!C125) -> 13 | D94: =SUM('Ablesewerte Wasser'!E125-'Ablesewerte Wasser'!D125) -> 17 | E94: =SUM('Ablesewerte Wasser'!F125-'Ablesewerte Wasser'!E125) -> 22 | F94: =SUM('Ablesewerte Wasser'!G125-'Ablesewerte Wasser'!F125) -> 12 | G94: =SUM('Ablesewerte Wasser'!H125-'Ablesewerte Wasser'!G125) -> 36 | H94: =SUM('Ablesewerte Wasser'!I125-'Ablesewerte Wasser'!H125) -> 12 | I94: =SUM('Ablesewerte Wasser'!J125-'Ablesewerte Wasser'!I125) -> 10 | J94: =SUM('Ablesewerte Wasser'!K125-'Ablesewerte Wasser'!J125) -> 6 | ... N94: =SUM('Ablesewerte Wasser'!O125-'Ablesewerte Wasser'!N125) -> 7 | P94: =SUM(C94:O94) -> 176
A95: Aula | C95: =SUM('Ablesewerte Wasser'!D126-'Ablesewerte Wasser'!C126) -> 16 | D95: =SUM('Ablesewerte Wasser'!E126-'Ablesewerte Wasser'!D126) -> 6 | E95: =SUM('Ablesewerte Wasser'!F126-'Ablesewerte Wasser'!E126) -> 3 | F95: =SUM('Ablesewerte Wasser'!G126-'Ablesewerte Wasser'!F126) -> 3 | G95: =SUM('Ablesewerte Wasser'!H126-'Ablesewerte Wasser'!G126) -> 5 | H95: =SUM('Ablesewerte Wasser'!I126-'Ablesewerte Wasser'!H126) -> 3 | I95: =SUM('Ablesewerte Wasser'!J126-'Ablesewerte Wasser'!I126) -> 4 | J95: =SUM('Ablesewerte Wasser'!K126-'Ablesewerte Wasser'!J126) -> 1 | ... N95: =SUM('Ablesewerte Wasser'!O126-'Ablesewerte Wasser'!N126) -> 3 | P95: =SUM(C95:O95) -> 57
A96: Lichtenstern 13 | C96: =SUM('Ablesewerte Wasser'!D127-'Ablesewerte Wasser'!C127) -> 0 | D96: =SUM('Ablesewerte Wasser'!E127-'Ablesewerte Wasser'!D127) -> 0 | E96: =SUM('Ablesewerte Wasser'!F127-'Ablesewerte Wasser'!E127) -> 0 | F96: =SUM('Ablesewerte Wasser'!G127-'Ablesewerte Wasser'!F127) -> 347 | G96: =SUM('Ablesewerte Wasser'!H127-'Ablesewerte Wasser'!G127) -> 24 | H96: =SUM('Ablesewerte Wasser'!I127-'Ablesewerte Wasser'!H127) -> 27 | I96: =SUM('Ablesewerte Wasser'!J127-'Ablesewerte Wasser'!I127) -> 17 | J96: =SUM('Ablesewerte Wasser'!K127-'Ablesewerte Wasser'!J127) -> 19 | ... N96: =SUM('Ablesewerte Wasser'!O127-'Ablesewerte Wasser'!N127) -> 8 | P96: =SUM(C96:N96) -> 483
A100: 2023 | B100: m³ | C100: Jan | D100: Feb | E100: Mrz | F100: Apr | G100: Mai | H100: Jun | I100: Jul | J100: Aug | K100: Sep | L100: Okt | M100: Nov | N100: Dez
A102: Zähler Schloss | C102: =SUM('Ablesewerte Wasser'!D134-'Ablesewerte Wasser'!C134) -> 220 | D102: =SUM('Ablesewerte Wasser'!E134-'Ablesewerte Wasser'!D134) -> 191 | E102: =SUM('Ablesewerte Wasser'!F134-'Ablesewerte Wasser'!E134) -> 241 | F102: =SUM('Ablesewerte Wasser'!G134-'Ablesewerte Wasser'!F134) -> 147 | G102: =SUM('Ablesewerte Wasser'!H134-'Ablesewerte Wasser'!G134) -> 189 | H102: =SUM('Ablesewerte Wasser'!I134-'Ablesewerte Wasser'!H134) -> 168 | I102: =SUM('Ablesewerte Wasser'!J134-'Ablesewerte Wasser'!I134) -> 132 | J102: =SUM('Ablesewerte Wasser'!K134-'Ablesewerte Wasser'!J134) -> 102 | ... N102: =SUM('Ablesewerte Wasser'!O134-'Ablesewerte Wasser'!N134) -> 146 | P102: =SUM(C102:O102) -> 2117
A103: davon Sporthalle | C103: =SUM('Ablesewerte Wasser'!D135-'Ablesewerte Wasser'!C135) -> 12 | D103: =SUM('Ablesewerte Wasser'!E135-'Ablesewerte Wasser'!D135) -> 12 | E103: =SUM('Ablesewerte Wasser'!F135-'Ablesewerte Wasser'!E135) -> 26 | F103: =SUM('Ablesewerte Wasser'!G135-'Ablesewerte Wasser'!F135) -> 9 | G103: =SUM('Ablesewerte Wasser'!H135-'Ablesewerte Wasser'!G135) -> 14 | H103: =SUM('Ablesewerte Wasser'!I135-'Ablesewerte Wasser'!H135) -> 16 | I103: =SUM('Ablesewerte Wasser'!J135-'Ablesewerte Wasser'!I135) -> 12 | J103: =SUM('Ablesewerte Wasser'!K135-'Ablesewerte Wasser'!J135) -> 9 | ... N103: =SUM('Ablesewerte Wasser'!O135-'Ablesewerte Wasser'!N135) -> 13 | P103: =SUM(C103:O103) -> 173
A104: Aula | C104: =SUM('Ablesewerte Wasser'!D136-'Ablesewerte Wasser'!C136) -> 5 | D104: =SUM('Ablesewerte Wasser'!E136-'Ablesewerte Wasser'!D136) -> 4 | E104: =SUM('Ablesewerte Wasser'!F136-'Ablesewerte Wasser'!E136) -> 4 | F104: =SUM('Ablesewerte Wasser'!G136-'Ablesewerte Wasser'!F136) -> 3 | G104: =SUM('Ablesewerte Wasser'!H136-'Ablesewerte Wasser'!G136) -> 4 | H104: =SUM('Ablesewerte Wasser'!I136-'Ablesewerte Wasser'!H136) -> 4 | I104: =SUM('Ablesewerte Wasser'!J136-'Ablesewerte Wasser'!I136) -> 4 | J104: =SUM('Ablesewerte Wasser'!K136-'Ablesewerte Wasser'!J136) -> 5 | ... N104: =SUM('Ablesewerte Wasser'!O136-'Ablesewerte Wasser'!N136) -> 3 | P104: =SUM(C104:O104) -> 49
A105: Lichtenstern 13 | C105: =SUM('Ablesewerte Wasser'!D137-'Ablesewerte Wasser'!C137) -> 16 | D105: =SUM('Ablesewerte Wasser'!E137-'Ablesewerte Wasser'!D137) -> 73 | E105: =SUM('Ablesewerte Wasser'!F137-'Ablesewerte Wasser'!E137) -> 70 | F105: =SUM('Ablesewerte Wasser'!G137-'Ablesewerte Wasser'!F137) -> 66 | G105: =SUM('Ablesewerte Wasser'!H137-'Ablesewerte Wasser'!G137) -> 75 | H105: =SUM('Ablesewerte Wasser'!I137-'Ablesewerte Wasser'!H137) -> 83 | I105: =SUM('Ablesewerte Wasser'!J137-'Ablesewerte Wasser'!I137) -> 67 | J105: =SUM('Ablesewerte Wasser'!K137-'Ablesewerte Wasser'!J137) -> 72 | ... N105: =SUM('Ablesewerte Wasser'!O137-'Ablesewerte Wasser'!N137) -> 81 | P105: =SUM(C105:N105) -> 809
A108: 2024 | B108: m³ | C108: Jan | D108: Feb | E108: Mrz | F108: Apr | G108: Mai | H108: Jun | I108: Jul | J108: Aug | K108: Sep | L108: Okt | M108: Nov | N108: Dez
A110: Zähler Schloss | C110: =SUM('Ablesewerte Wasser'!D144-'Ablesewerte Wasser'!C144) -> 154 | D110: =SUM('Ablesewerte Wasser'!E144-'Ablesewerte Wasser'!D144) -> 151 | E110: =SUM('Ablesewerte Wasser'!F144-'Ablesewerte Wasser'!E144) -> 168 | F110: =SUM('Ablesewerte Wasser'!G144-'Ablesewerte Wasser'!F144) -> 192 | G110: =SUM('Ablesewerte Wasser'!H144-'Ablesewerte Wasser'!G144) -> 126 | H110: =SUM('Ablesewerte Wasser'!I144-'Ablesewerte Wasser'!H144) -> 232 | I110: =SUM('Ablesewerte Wasser'!J144-'Ablesewerte Wasser'!I144) -> 192.1 | J110: =SUM('Ablesewerte Wasser'!K144-'Ablesewerte Wasser'!J144) -> 161.4 | ... N110: =SUM('Ablesewerte Wasser'!O144-'Ablesewerte Wasser'!N144) -> 147 | P110: =SUM(C110:O110) -> 2170
A111: davon Sporthalle | C111: =SUM('Ablesewerte Wasser'!D145-'Ablesewerte Wasser'!C145) -> 13 | D111: =SUM('Ablesewerte Wasser'!E145-'Ablesewerte Wasser'!D145) -> 22 | E111: =SUM('Ablesewerte Wasser'!F145-'Ablesewerte Wasser'!E145) -> 24 | F111: =SUM('Ablesewerte Wasser'!G145-'Ablesewerte Wasser'!F145) -> 36 | G111: =SUM('Ablesewerte Wasser'!H145-'Ablesewerte Wasser'!G145) -> 30 | H111: =SUM('Ablesewerte Wasser'!I145-'Ablesewerte Wasser'!H145) -> 45 | I111: =SUM('Ablesewerte Wasser'!J145-'Ablesewerte Wasser'!I145) -> 49.1 | J111: =SUM('Ablesewerte Wasser'!K145-'Ablesewerte Wasser'!J145) -> 52.9 | ... N111: =SUM('Ablesewerte Wasser'!O145-'Ablesewerte Wasser'!N145) -> 32.86 | P111: =SUM(C111:O111) -> 449.86
A112: Aula | C112: =SUM('Ablesewerte Wasser'!D146-'Ablesewerte Wasser'!C146) -> 4 | D112: =SUM('Ablesewerte Wasser'!E146-'Ablesewerte Wasser'!D146) -> 20 | E112: =SUM('Ablesewerte Wasser'!F146-'Ablesewerte Wasser'!E146) -> 12 | F112: =SUM('Ablesewerte Wasser'!G146-'Ablesewerte Wasser'!F146) -> 4 | G112: =SUM('Ablesewerte Wasser'!H146-'Ablesewerte Wasser'!G146) -> 2 | H112: =SUM('Ablesewerte Wasser'!I146-'Ablesewerte Wasser'!H146) -> 4 | I112: =SUM('Ablesewerte Wasser'!J146-'Ablesewerte Wasser'!I146) -> 4.2 | J112: =SUM('Ablesewerte Wasser'!K146-'Ablesewerte Wasser'!J146) -> 3.4 | ... N112: =SUM('Ablesewerte Wasser'!O146-'Ablesewerte Wasser'!N146) -> 3.1 | P112: =SUM(C112:O112) -> 71.5
A113: Lichtenstern 13 | C113: =SUM('Ablesewerte Wasser'!D147-'Ablesewerte Wasser'!C147) -> 58 | D113: =SUM('Ablesewerte Wasser'!E147-'Ablesewerte Wasser'!D147) -> 57 | E113: =SUM('Ablesewerte Wasser'!F147-'Ablesewerte Wasser'!E147) -> 57 | F113: =SUM('Ablesewerte Wasser'!G147-'Ablesewerte Wasser'!F147) -> 50 | G113: =SUM('Ablesewerte Wasser'!H147-'Ablesewerte Wasser'!G147) -> 54 | H113: =SUM('Ablesewerte Wasser'!I147-'Ablesewerte Wasser'!H147) -> 63 | I113: =SUM('Ablesewerte Wasser'!J147-'Ablesewerte Wasser'!I147) -> 69.3 | J113: =SUM('Ablesewerte Wasser'!K147-'Ablesewerte Wasser'!J147) -> 48.2 | ... N113: =SUM('Ablesewerte Wasser'!O147-'Ablesewerte Wasser'!N147) -> -0.55 | P113: =SUM(C113:N113) -> 567.16
A116: 2025 | B116: m³ | C116: Jan | D116: Feb | E116: Mrz | F116: Apr | G116: Mai | H116: Jun | I116: Jul | J116: Aug | K116: Sep | L116: Okt | M116: Nov | N116: Dez
A118: Zähler Schloss | C118: =SUM('Ablesewerte Wasser'!D154-'Ablesewerte Wasser'!C154) -> 216.2 | D118: =SUM('Ablesewerte Wasser'!E154-'Ablesewerte Wasser'!D154) -> 204.6 | E118: =SUM('Ablesewerte Wasser'!F154-'Ablesewerte Wasser'!E154) -> 197.5 | F118: =SUM('Ablesewerte Wasser'!G154-'Ablesewerte Wasser'!F154) -> 152.3 | G118: =SUM('Ablesewerte Wasser'!H154-'Ablesewerte Wasser'!G154) -> 237.8 | H118: =SUM('Ablesewerte Wasser'!I154-'Ablesewerte Wasser'!H154) -> 147.5 | I118: =SUM('Ablesewerte Wasser'!J154-'Ablesewerte Wasser'!I154) -> 209 | J118: =SUM('Ablesewerte Wasser'!K154-'Ablesewerte Wasser'!J154) -> 156.1 | ... N118: =SUM('Ablesewerte Wasser'!O154-'Ablesewerte Wasser'!N154) -> 142.4 | P118: =SUM(C118:O118) -> 2209.6
A119: davon Sporthalle | C119: =SUM('Ablesewerte Wasser'!D155-'Ablesewerte Wasser'!C155) -> 40.39 | D119: =SUM('Ablesewerte Wasser'!E155-'Ablesewerte Wasser'!D155) -> 55.55 | E119: =SUM('Ablesewerte Wasser'!F155-'Ablesewerte Wasser'!E155) -> 46.1 | F119: =SUM('Ablesewerte Wasser'!G155-'Ablesewerte Wasser'!F155) -> 31.97 | G119: =SUM('Ablesewerte Wasser'!H155-'Ablesewerte Wasser'!G155) -> 41.23 | H119: =SUM('Ablesewerte Wasser'!I155-'Ablesewerte Wasser'!H155) -> 33.74 | I119: =SUM('Ablesewerte Wasser'!J155-'Ablesewerte Wasser'!I155) -> 41.46 | J119: =SUM('Ablesewerte Wasser'!K155-'Ablesewerte Wasser'!J155) -> 20.7 | ... N119: =SUM('Ablesewerte Wasser'!O155-'Ablesewerte Wasser'!N155) -> 34.12 | P119: =SUM(C119:O119) -> 449.79
A120: Aula | C120: =SUM('Ablesewerte Wasser'!D156-'Ablesewerte Wasser'!C156) -> 3.5 | D120: =SUM('Ablesewerte Wasser'!E156-'Ablesewerte Wasser'!D156) -> 3.5 | E120: =SUM('Ablesewerte Wasser'!F156-'Ablesewerte Wasser'!E156) -> 3.37 | F120: =SUM('Ablesewerte Wasser'!G156-'Ablesewerte Wasser'!F156) -> 3.53 | G120: =SUM('Ablesewerte Wasser'!H156-'Ablesewerte Wasser'!G156) -> 23.3 | H120: =SUM('Ablesewerte Wasser'!I156-'Ablesewerte Wasser'!H156) -> 2.6 | I120: =SUM('Ablesewerte Wasser'!J156-'Ablesewerte Wasser'!I156) -> 7.1 | J120: =SUM('Ablesewerte Wasser'!K156-'Ablesewerte Wasser'!J156) -> 7.6 | ... N120: =SUM('Ablesewerte Wasser'!O156-'Ablesewerte Wasser'!N156) -> 2.2 | P120: =SUM(C120:O120) -> 69.5
A121: Lichtenstern 13 | C121: =SUM('Ablesewerte Wasser'!D157-'Ablesewerte Wasser'!C157) -> 41.09 | D121: =SUM('Ablesewerte Wasser'!E157-'Ablesewerte Wasser'!D157) -> 23.85 | E121: =SUM('Ablesewerte Wasser'!F157-'Ablesewerte Wasser'!E157) -> 31.2 | F121: =SUM('Ablesewerte Wasser'!G157-'Ablesewerte Wasser'!F157) -> 32 | G121: =SUM('Ablesewerte Wasser'!H157-'Ablesewerte Wasser'!G157) -> 27.8 | H121: =SUM('Ablesewerte Wasser'!I157-'Ablesewerte Wasser'!H157) -> 27.6 | I121: =SUM('Ablesewerte Wasser'!J157-'Ablesewerte Wasser'!I157) -> 25 | J121: =SUM('Ablesewerte Wasser'!K157-'Ablesewerte Wasser'!J157) -> 11.3 | ... N121: =SUM('Ablesewerte Wasser'!O157-'Ablesewerte Wasser'!N157) -> 14.2 | P121: =SUM(C121:N121) -> 307.34
A124: 2026 | B124: m³ | C124: Jan | D124: Feb | E124: Mrz | F124: Apr | G124: Mai | H124: Jun | I124: Jul | J124: Aug | K124: Sep | L124: Okt | M124: Nov | N124: Dez
A126: Zähler Schloss | C126: =SUM('Ablesewerte Wasser'!D164-'Ablesewerte Wasser'!C164) -> 272 | D126: =SUM('Ablesewerte Wasser'!E164-'Ablesewerte Wasser'!D164) -> -9656.6 | E126: =SUM('Ablesewerte Wasser'!F164-'Ablesewerte Wasser'!E164) -> 0 | F126: =SUM('Ablesewerte Wasser'!G164-'Ablesewerte Wasser'!F164) -> 0 | G126: =SUM('Ablesewerte Wasser'!H164-'Ablesewerte Wasser'!G164) -> 0 | H126: =SUM('Ablesewerte Wasser'!I164-'Ablesewerte Wasser'!H164) -> 0 | I126: =SUM('Ablesewerte Wasser'!J164-'Ablesewerte Wasser'!I164) -> 0 | J126: =SUM('Ablesewerte Wasser'!K164-'Ablesewerte Wasser'!J164) -> 0 | ... N126: =SUM('Ablesewerte Wasser'!O164-'Ablesewerte Wasser'!N164) -> 0 | P126: =SUM(C126:O126) -> -9384.6
A127: davon Sporthalle | C127: =SUM('Ablesewerte Wasser'!D165-'Ablesewerte Wasser'!C165) -> 53.95 | D127: =SUM('Ablesewerte Wasser'!E165-'Ablesewerte Wasser'!D165) -> -5513.6 | E127: =SUM('Ablesewerte Wasser'!F165-'Ablesewerte Wasser'!E165) -> 0 | F127: =SUM('Ablesewerte Wasser'!G165-'Ablesewerte Wasser'!F165) -> 0 | G127: =SUM('Ablesewerte Wasser'!H165-'Ablesewerte Wasser'!G165) -> 0 | H127: =SUM('Ablesewerte Wasser'!I165-'Ablesewerte Wasser'!H165) -> 0 | I127: =SUM('Ablesewerte Wasser'!J165-'Ablesewerte Wasser'!I165) -> 0 | J127: =SUM('Ablesewerte Wasser'!K165-'Ablesewerte Wasser'!J165) -> 0 | ... N127: =SUM('Ablesewerte Wasser'!O165-'Ablesewerte Wasser'!N165) -> 0 | P127: =SUM(C127:O127) -> -5459.65
A128: Aula | C128: =SUM('Ablesewerte Wasser'!D166-'Ablesewerte Wasser'!C166) -> 17.9 | D128: =SUM('Ablesewerte Wasser'!E166-'Ablesewerte Wasser'!D166) -> -179.9 | E128: =SUM('Ablesewerte Wasser'!F166-'Ablesewerte Wasser'!E166) -> 0 | F128: =SUM('Ablesewerte Wasser'!G166-'Ablesewerte Wasser'!F166) -> 0 | G128: =SUM('Ablesewerte Wasser'!H166-'Ablesewerte Wasser'!G166) -> 0 | H128: =SUM('Ablesewerte Wasser'!I166-'Ablesewerte Wasser'!H166) -> 0 | I128: =SUM('Ablesewerte Wasser'!J166-'Ablesewerte Wasser'!I166) -> 0 | J128: =SUM('Ablesewerte Wasser'!K166-'Ablesewerte Wasser'!J166) -> 0 | ... N128: =SUM('Ablesewerte Wasser'!O166-'Ablesewerte Wasser'!N166) -> 0 | P128: =SUM(C128:O128) -> -162
A129: Lichtenstern 13 | C129: =SUM('Ablesewerte Wasser'!D167-'Ablesewerte Wasser'!C167) -> 46.2 | D129: =SUM('Ablesewerte Wasser'!E167-'Ablesewerte Wasser'!D167) -> -2212.7 | E129: =SUM('Ablesewerte Wasser'!F167-'Ablesewerte Wasser'!E167) -> 0 | F129: =SUM('Ablesewerte Wasser'!G167-'Ablesewerte Wasser'!F167) -> 0 | G129: =SUM('Ablesewerte Wasser'!H167-'Ablesewerte Wasser'!G167) -> 0 | H129: =SUM('Ablesewerte Wasser'!I167-'Ablesewerte Wasser'!H167) -> 0 | I129: =SUM('Ablesewerte Wasser'!J167-'Ablesewerte Wasser'!I167) -> 0 | J129: =SUM('Ablesewerte Wasser'!K167-'Ablesewerte Wasser'!J167) -> 0 | ... N129: =SUM('Ablesewerte Wasser'!O167-'Ablesewerte Wasser'!N167) -> 0 | P129: =SUM(C129:N129) -> -2166.5
