Workbook

Sheet Ablesewerte Gas
A1: Gas
A2: 2005 | B2: m³ | C2: Jan | D2: Feb | E2: Mrz | F2: Apr | G2: Mai | H2: Jun | I2: Jul | J2: Aug | K2: Sep | L2: Okt | M2: Nov | N2: Dez
C3: 38362 | D3: 1.2. | E3: 1.3. | F3: 1.4. | G3: 2.5. | H3: 1.6. | I3: 1.7. | J3: 28.7. | K3: 1.9. | L3: 5.10. | M3: 7.11. | N3: 1.12. | O3: 38726
A4: Hauptzähler Internat | C4: 1912734.7 | D4: 1922570.4 | E4: 1933497.4 | F4: 1941579.1 | G4: 1946480.8 | H4: 1949124.6 | I4: 1950733.2 | J4: 1952022.1 | K4: 1953436.4 | L4: 1955850.8 | M4: 1960502.7 | N4: 1968762.6 | O4: 1981729.5 | Q4: =SUM(O4-C4) -> 68994.8
A5: Zwischenzähler Küche | E5: 27.15 | F5: 68.48 | G5: 110.81 | H5: 139.4 | I5: 188.1 | J5: 228 | K5: 283.61 | L5: 340.14 | M5: 397.39 | N5: 455.14 | O5: 499.22 | R5: 499.22 | S5: (Küche ab Feb)
A6: alte Aula | C6: 62778.22 | D6: 63714.25 | E6: 64709.86 | F6: 65696.31 | G6: 66374.47 | H6: 66526.93 | I6: 66526.93 | J6: 66526.93 | K6: 66526.93 | L6: 66567.49 | M6: 67120.98 | N6: 68103.25 | O6: 69566 | Q6: =SUM(O6-C6) -> 6787.78
A7: Lichtenstern 13 | C7: 3549.655 | D7: 4443.864 | E7: 5443.076 | F7: 6418.824 | G7: 6948.7 | H7: 7243.88 | I7: 7448.3 | J7: 7607.76 | K7: 7772.41 | L7: 8067.54 | M7: 8593.67 | N7: 9409.27 | O7: 10746.02 | Q7: =SUM(O7-C7) -> 7196.365
A8: Schulleiterhaus*
A11: nicht abgelesene Werte
A12: Wert stammt aus Abrechnung
A13: am 5.11. wurde der Zähler erneuert
A16: 2006 | B16: m³ | C16: Jan | D16: Feb | E16: Mrz | F16: Apr | G16: Mai | H16: Jun | I16: Jul | J16: Aug | K16: Sep | L16: Okt | M16: Nov | N16: Dez | Q16: Gesamtverbrauch
C17: 38726 | D17: 1.2. | E17: 6.3. | F17: 4.4. | G17: 3.5. | H17: 1.6. | I17: 3.7. | J17: 7.8. | K17: 1.9. | L17: 4.10. | M17: 2.11. | N17: 1.12. | O17: 39073
A18: Hauptzähler Internat | C18: 1981729.5 | D18: 1992110.2 | E18: 2003860.5 | F18: 2011800.4 | G18: 2016015.8 | H18: 2018288.8 | I18: 2020238.1 | J18: 2021738.6 | K18: 2023309.4 | L18: 2025122.3 | M18: 2028569.4 | N18: 2035133.5 | O18: 2041124.6 | Q18: =SUM(O18-C18) -> 59395.1
A19: Zwischenzähler Küche | C19: 499.22 | D19: 550.7 | E19: 608.36 | F19: 671.46 | G19: 711.82 | H19: 747.46 | I19: 801.75 | J19: 855.74 | K19: 903.69 | L19: 943.56 | M19: 1000.79 | N19: 1071.31 | O19: 1118.64 | R19: =SUM(O19-C19) -> 619.42 | S19: (Küche)
A20: alte Aula | C20: 69566 | D20: 70875.3 | E20: 72517.07 | F20: 73551.12 | G20: 73688.91 | H20: 73688.91 | I20: 73688.91 | J20: 73688.91 | K20: 73688.91 | L20: 73688.91 | M20: 172410 | N20: 173117.62 | O20: 173744.21 | P20: ** | Q20: =SUM(O20-M20+L20-C20) -> 5457.12
A21: Lichtenstern 13 | C21: 10746.02 | D21: 11879.9 | E21: 13234.193 | F21: 14184.05 | G21: 14679.06 | H21: 14944.02 | I21: 15160.3 | J21: 15318.68 | K21: 15442.529 | L21: 15634.317 | M21: 16047.453 | N21: 16788.87 | O21: 17392.125 | Q21: =SUM(O21-C21) -> 6646.105
A22: Schulleiterhaus* | O22: 50493.3
A24: * wird direkt abgerechnet
A25: ** Zählerwechsel / neue Heizung
A28: 2007 | B28: m³ | C28: Jan | D28: Feb | E28: Mrz | F28: Apr | G28: Mai | H28: Jun | I28: Jul | J28: Aug | K28: Sep | L28: Okt | M28: Nov | N28: Dez
C29: 39073 | D29: 1.2. | E29: 1.3. | F29: 3.4. | G29: 2.5. | H29: 5.6. | I29: 2.7. | J29: 13.8. | K29: 3.9. | L29: 29.9. | M29: 6.11. | N29: 3.12. | O29: 39454
A30: Hauptzähler Internat | C30: 2041124.6 | D30: 2052151.6 | E30: 2059719.1 | F30: 2067240.5 | G30: 2069893.6 | H30: 2072691 | I30: 2074219.7 | J30: 2076437.6 | K30: 2077293.1 | L30: 2079812 | M30: 2085850.3 | N30: 2094379.4 | O30: 2106415.1 | Q30: =SUM(O30-C30) -> 65290.5
A31: Zwischenzähler Küche | C31: 1118.64 | D31: 1178.23 | E31: 1239.3 | F31: 1332.27 | G31: 1373.1 | H31: 1425.13 | I31: 1474.49 | J31: 1559.22 | K31: 1559.23 | L31: 1609.7 | M31: 1666.16 | N31: 1730.85 | O31: 1780.4 | R31: =SUM(O31-C31) -> 661.76 | S31: (Küche)
A32: alte Aula | C32: 173744.21 | D32: 174889.52 | E32: 175592.75 | F32: 176272.24 | G32: 176448.9 | H32: 176570.08 | I32: 176570.14 | J32: 176570.15 | K32: 176570.19 | L32: 176762.8 | M32: 177166.92 | N32: 177816.72 | O32: 178801.97 | Q32: =SUM(O32-C32) -> 5057.76
A33: Lichtenstern 13 | C33: 17392.125 | D33: 18542.67 | E33: 19341.64 | F33: 20116.05 | G33: 20397.63 | H33: 20667.84 | I33: 20838.72 | J33: 21071.36 | K33: 21185.01 | L33: 21477.36 | M33: 22166.4 | N33: 23088.25 | O33: 24388.83 | Q33: =SUM(O33-C33) -> 6996.705
A36: 2008 | B36: m³ | C36: Jan | D36: Feb | E36: Mrz | F36: Apr | G36: Mai | H36: Jun | I36: Jul | J36: Aug | K36: Sep | L36: Okt | M36: Nov | N36: Dez
C37: 39454 | D37: 1.2. | E37: 3.3. | F37: 1.4. | G37: 30.4. | H37: 2.6. | I37: 1.7. | J37: 4.8. | K37: 2.9. | L37: 1.10. | M37: 3.11. | N37: 2.12. | O37: 39805
A38: Hauptzähler Internat | C38: 2106415.1 | D38: 2114392.2 | E38: 2122386.4 | F38: 2128461.4 | G38: 2133867.3 | H38: 2135880.7 | I38: 2137451 | J38: 2138994.9 | K38: 2140024.7 | L38: 2142917.3 | M38: 2147514.4 | N38: 2155230.9 | O38: 2162066.8 | Q38: =SUM(O38-C38) -> 55651.7
A39: Zwischenzähler Küche | C39: 1780.4 | D39: 1853.65 | E39: 1910.75 | F39: 1957.4 | G39: 2045.55 | H39: 2097.1 | I39: 2165.52 | J39: 2216.54 | K39: 2255.31 | L39: 2347.07 | M39: 2403.5 | N39: 2498.3 | O39: 2554.19 | R39: =SUM(O39-C39) -> 773.79 | S39: (Küche)
A40: alte Aula | C40: 178801.97 | D40: 179460.3 | E40: 180128.91 | F40: 180668.59 | G40: 181048.2 | H40: 181073.95 | I40: 181073.95 | J40: 181073.95 | K40: 181073.94 | L40: 181224.2 | M40: 181564.4 | N40: 182170.57 | O40: 182717.2 | Q40: =SUM(O40-C40) -> 3915.23
A41: Lichtenstern 13 | C41: 24388.83 | D41: 25260 | E41: 26176.86 | F41: 26834.94 | G41: 27533.23 | H41: 27729.38 | I41: 27846.06 | J41: 27957.24 | K41: 28040.8 | L41: 28361.24 | M41: 28861.77 | N41: 29596.7 | O41: 30256.97 | Q41: =SUM(O41-C41) -> 5868.14
A44: 2009 | B44: m³ | C44: Jan | D44: Feb | E44: Mrz | F44: Apr | G44: Mai | H44: Jun | I44: Jul | J44: Aug | K44: Sep | L44: Okt | M44: Nov | N44: Dez
C45: 39805 | D45: 39846 | E45: 39874 | F45: 39904 | G45: 39933 | H45: 39966 | I45: 39996 | J45: 40024 | K45: 40057 | L45: 40088 | M45: 40119 | N45: 40148 | O45: 40170
A46: Hauptzähler Internat | C46: 2162066.8 | D46: 2177160.9 | E46: 2186334.4 | F46: 2194175 | G46: 2197006.2 | H46: 2199333.4 | I46: 2201202 | J46: 2202639.4 | K46: 2204082.9 | L46: 2206268.3 | M46: 2211097 | N46: 2217445.1 | O46: 2225184 | Q46: =SUM(O46-C46) -> 63117.2
A47: Zwischenzähler Küche | C47: 2554.19 | D47: 2614.48 | E47: 2674.37 | F47: 2780.33 | G47: 2843.1 | H47: 2894.35 | I47: 2968.65 | J47: 3034.81 | K47: 3102.1 | L47: 3190.6 | M47: 3262.61 | N47: 3381.68 | O47: 3487.6 | R47: =SUM(O47-C47) -> 933.41 | S47: (Küche)
A48: alte Aula | C48: 182717.2 | D48: 184177.8 | E48: 184891.26 | F48: 185475.02 | G48: 185575.9 | H48: 185625.65 | I48: 185625.65 | J48: 185625.6 | K48: 185625.6 | L48: 185657.98 | M48: 185934.74 | N48: 186348.66 | O48: 187020.91 | Q48: =SUM(O48-C48) -> 4303.71
A49: Lichtenstern 13 | C49: 30256.97 | D49: 31743.96 | E49: 32664.5 | F49: 33523.12 | G49: 33855.62 | H49: 34146.867 | I49: 34366.274 | J49: 34541.46 | K49: 34644.26 | L49: 34889.442 | M49: 35455.78 | N49: 36236.35 | O49: 37054.745 | Q49: =SUM(O49-C49) -> 6797.775
A52: 2010 | B52: m³ | C52: Jan | D52: Feb | E52: Mrz | F52: Apr | G52: Mai | H52: Jun | I52: Jul | J52: Aug | K52: Sep | L52: Okt | M52: Nov | N52: Dez
C53: 40170 | D53: 40210 | E53: 40238 | F53: 40269 | G53: 40301 | H53: 40319 | I53: 40360 | J53: 40392 | K53: 40422 | L53: 40452 | M53: 40484 | N53: 40513 | O53: 40543
A54: Hauptzähler Internat | C54: 2225184 | D54: 2240424.4 | E54: 2249832.7 | F54: 2257140.4 | G54: 2261546.6 | H54: 2264193 | I54: 2266686.3 | J54: 2268199.8 | K54: 2269751 | L54: 2272953.3 | M54: 2279131.2 | N54: 2286583.7 | O54: 2298664.3 | Q54: =SUM(O54-C54) -> 73480.3
A55: Zwischenzähler Küche | C55: 3487.6 | D55: 3568.8 | E55: 3651.87 | F55: 3745.98 | G55: 3812.11 | H55: 3869.33 | I55: 3962.58 | J55: 4029.67 | K55: 4088.07 | L55: 4174.52 | M55: 4299.58 | N55: 4425.88 | O55: 4504.94 | R55: =SUM(O55-C55) -> 1017.34 | S55: (Küche)
A56: alte Aula | C56: 187020.91 | D56: 188267.5 | E56: 189018 | F56: 189585.7 | G56: 189750.17 | H56: 189875.36 | I56: 189878.74 | J56: 189878.7 | K56: 189878.74 | L56: 189972.25 | M56: 190316.79 | N56: 190859.74 | O56: 191864.4 | Q56: =SUM(O56-C56) -> 4843.49
A57: Lichtenstern 13 | C57: 37054.745 | D57: 38561.86 | E57: 39583.4 | F57: 40402.88 | G57: 40953.83 | H57: 41293.18 | I57: 41586.81 | J57: 41715.11 | K57: 41841.64 | L57: 42061.88 | M57: 42402.67 | N57: 42753.05 | O57: 43362.48 | Q57: =SUM(O57-C57) -> 6307.735
A60: 2011 | B60: m³ | C60: Jan | D60: Feb | E60: Mrz | F60: Apr | G60: Mai | H60: Jun | I60: Jul | J60: Aug | K60: Sep | L60: Okt | M60: Nov | N60: Dez
C61: 40543 | D61: 40575 | E61: 40603 | F61: 40634 | G61: 40665 | H61: 40695 | I61: 40725 | J61: 40756 | K61: 40787 | L61: 40820 | M61: 40849 | N61: 40513 | O61: 40906
A62: Hauptzähler Internat | C62: 2298664.3 | D62: 2310045.2 | E62: 2319090.5 | F62: 2325257.4 | G62: 2328490.3 | H62: 2330856.6 | I62: 2332407.9 | J62: 2334105.9 | K62: 2335379.9 | L62: 2337617.2 | M62: 2342100.8 | N62: 2349755.5 | O62: 2357818.1 | Q62: =SUM(O62-C62) -> 59153.8
A63: Zwischenzähler Küche | C63: 4504.94 | D63: 4592.7 | E63: 4706.24 | F63: 4818.6 | G63: 4881.64 | H63: 4984.81 | I63: 5057.01 | J63: 5130.07 | K63: 5176.64 | L63: 5269.02 | M63: 5375.48 | N63: 5459.88 | O63: 5530.39 | R63: =SUM(O63-C63) -> 1025.45 | S63: (Küche)
A64: alte Aula | C64: 191864.4 | D64: 192676.3 | E64: 193358.8 | F64: 193789.6 | G64: 193894.59 | H64: 193939.67 | I64: 193951.83 | J64: 193961.1 | K64: 193963.5 | L64: 194001.82 | M64: 194246.31 | N64: 194788.81 | O64: 195332.72 | Q64: =SUM(O64-C64) -> 3468.32
A65: Lichtenstern 13 | C65: 43362.48 | D65: 43921.85 | E65: 44356.754 | F65: 44755.98 | G65: 44958.91 | H65: 45098.145 | I65: 45201.867 | J65: 45309.102 | K65: 45388.3 | L65: 45499.93 | M65: 45723 | N65: 46048.609 | O65: 46421.5 | Q65: =SUM(O65-C65) -> 3059.02
A68: 2012 | B68: m³ | C68: Jan | D68: Feb | E68: Mrz | F68: Apr | G68: Mai | H68: Jun | I68: Jul | J68: Aug | K68: Sep | L68: Okt | M68: Nov | N68: Dez
C69: 40908 | D69: 40940 | E69: 40969 | F69: 41000 | G69: 41031 | H69: 41061 | I69: 41092 | J69: 41117 | K69: 41153 | L69: 41183 | M69: 41218 | N69: 41247 | O69: 41272
A70: Hauptzähler Internat | C70: 2357818.1 | D70: 2369216 | E70: 2381300 | F70: 2387206.2 | G70: 2391485.2 | H70: 2393713.2 | I70: 2395448 | J70: 2396698.4 | K70: 2398171.8 | L70: 2400338.8 | M70: 2405921.7 | N70: 2413599.8 | O70: 2424091 | Q70: =SUM(O70-C70) -> 66272.9
A71: Zwischenzähler Küche | C71: 5530.39 | D71: 5630.1 | E71: 5708.23 | F71: 5799.36 | G71: 5855.52 | H71: 5939.37 | I71: 5997.71 | J71: 6046.2 | K71: 6072.92 | L71: 6145.24 | M71: 6231.2 | N71: 6310.58 | O71: 6377.84 | R71: =SUM(O71-C71) -> 847.45 | S71: (Küche)
A72: alte Aula | C72: 195332.72 | D72: 196181.74 | E72: 197076.83 | F72: 197446.79 | G72: 197623.46 | H72: 197671.1 | I72: 197671.1 | J72: 197671.1 | K72: 197671.1 | L72: 197716.72 | M72: 197994.21 | N72: 198532.09 | O72: 199225.12 | Q72: =SUM(O72-C72) -> 3892.4
A73: Lichtenstern 13 | C73: 46421.5 | D73: 46926.54 | E73: 47541.34 | F73: 47873.73 | G73: 48176.32 | H73: 111.32 | I73: 197.102 | J73: 259.55 | K73: 343.21 | L73: 436.32 | M73: 702.15 | N73: 1067.089 | O73: 1599.187 | Q73: =SUM(O73-C73) -> -44822.313

Sheet Verbrauch Gas
A1: Verbrauch Gas
A2: ='Ablesewerte Gas'!A2 -> 2005 | B2: ='Ablesewerte Gas'!B2 -> m³ | C2: ='Ablesewerte Gas'!C2 -> Jan | D2: ='Ablesewerte Gas'!D2 -> Feb | E2: ='Ablesewerte Gas'!E2 -> Mrz | F2: ='Ablesewerte Gas'!F2 -> Apr | G2: ='Ablesewerte Gas'!G2 -> Mai | H2: ='Ablesewerte Gas'!H2 -> Jun | ... N2: ='Ablesewerte Gas'!N2 -> Dez
A4: ='Ablesewerte Gas'!A4 -> Hauptzähler Internat | C4: =SUM('Ablesewerte Gas'!D4-'Ablesewerte Gas'!C4) -> 9835.7 | D4: =SUM('Ablesewerte Gas'!E4-'Ablesewerte Gas'!D4) -> 10927 | E4: =SUM('Ablesewerte Gas'!F4-'Ablesewerte Gas'!E4) -> 8081.7 | F4: =SUM('Ablesewerte Gas'!G4-'Ablesewerte Gas'!F4) -> 4901.7 | G4: =SUM('Ablesewerte Gas'!H4-'Ablesewerte Gas'!G4) -> 2643.8 | H4: =SUM('Ablesewerte Gas'!I4-'Ablesewerte Gas'!H4) -> 1608.6 | I4: =SUM('Ablesewerte Gas'!J4-'Ablesewerte Gas'!I4) -> 1288.9 | J4: =SUM('Ablesewerte Gas'!K4-'Ablesewerte Gas'!J4) -> 1414.3 | ... N4: =SUM('Ablesewerte Gas'!O4-'Ablesewerte Gas'!N4) -> 12966.9
A5: ='Ablesewerte Gas'!A5 -> Zwischenzähler Küche | C5: 0 | D5: =SUM('Ablesewerte Gas'!E5-'Ablesewerte Gas'!D5) -> 27.15 | E5: =SUM('Ablesewerte Gas'!F5-'Ablesewerte Gas'!E5) -> 41.33 | F5: =SUM('Ablesewerte Gas'!G5-'Ablesewerte Gas'!F5) -> 42.33 | G5: =SUM('Ablesewerte Gas'!H5-'Ablesewerte Gas'!G5) -> 28.59 | H5: =SUM('Ablesewerte Gas'!I5-'Ablesewerte Gas'!H5) -> 48.7 | I5: =SUM('Ablesewerte Gas'!J5-'Ablesewerte Gas'!I5) -> 39.9 | J5: =SUM('Ablesewerte Gas'!K5-'Ablesewerte Gas'!J5) -> 55.61 | K5: =SUM('Ablesewerte Gas'!L5-'Ablesewerte Gas'!K5) -> 56.53 | ... N5: =SUM('Ablesewerte Gas'!O5-'Ablesewerte Gas'!N5) -> 44.08
A6: ='Ablesewerte Gas'!A6 -> alte Aula | C6: =SUM('Ablesewerte Gas'!D6-'Ablesewerte Gas'!C6) -> 936.03 | D6: =SUM('Ablesewerte Gas'!E6-'Ablesewerte Gas'!D6) -> 995.61 | E6: =SUM('Ablesewerte Gas'!F6-'Ablesewerte Gas'!E6) -> 986.45 | F6: =SUM('Ablesewerte Gas'!G6-'Ablesewerte Gas'!F6) -> 678.16 | G6: =SUM('Ablesewerte Gas'!H6-'Ablesewerte Gas'!G6) -> 152.46 | H6: =SUM('Ablesewerte Gas'!I6-'Ablesewerte Gas'!H6) -> 0 | I6: =SUM('Ablesewerte Gas'!J6-'Ablesewerte Gas'!I6) -> 0 | J6: =SUM('Ablesewerte Gas'!K6-'Ablesewerte Gas'!J6) -> 0 | ... N6: =SUM('Ablesewerte Gas'!O6-'Ablesewerte Gas'!N6) -> 1462.75
A7: ='Ablesewerte Gas'!A7 -> Lichtenstern 13 | C7: =SUM('Ablesewerte Gas'!D7-'Ablesewerte Gas'!C7) -> 894.209 | D7: =SUM('Ablesewerte Gas'!E7-'Ablesewerte Gas'!D7) -> 999.212 | E7: =SUM('Ablesewerte Gas'!F7-'Ablesewerte Gas'!E7) -> 975.748 | F7: =SUM('Ablesewerte Gas'!G7-'Ablesewerte Gas'!F7) -> 529.876 | G7: =SUM('Ablesewerte Gas'!H7-'Ablesewerte Gas'!G7) -> 295.18 | H7: =SUM('Ablesewerte Gas'!I7-'Ablesewerte Gas'!H7) -> 204.42 | I7: =SUM('Ablesewerte Gas'!J7-'Ablesewerte Gas'!I7) -> 159.46 | J7: =SUM('Ablesewerte Gas'!K7-'Ablesewerte Gas'!J7) -> 164.65 | ... N7: =SUM('Ablesewerte Gas'!O7-'Ablesewerte Gas'!N7) -> 1336.75 | P7: =SUM(C7:O7) -> 7196.365
A10: ='Ablesewerte Gas'!A16 -> 2006 | B10: ='Ablesewerte Gas'!B16 -> m³ | C10: ='Ablesewerte Gas'!C16 -> Jan | D10: ='Ablesewerte Gas'!D16 -> Feb | E10: ='Ablesewerte Gas'!E16 -> Mrz | F10: ='Ablesewerte Gas'!F16 -> Apr | G10: ='Ablesewerte Gas'!G16 -> Mai | H10: ='Ablesewerte Gas'!H16 -> Jun | ... N10: ='Ablesewerte Gas'!N16 -> Dez
A12: ='Ablesewerte Gas'!A18 -> Hauptzähler Internat | C12: ='Ablesewerte Gas'!D18-'Ablesewerte Gas'!C18 -> 10380.7 | D12: ='Ablesewerte Gas'!E18-'Ablesewerte Gas'!D18 -> 11750.3 | E12: ='Ablesewerte Gas'!F18-'Ablesewerte Gas'!E18 -> 7939.9 | F12: ='Ablesewerte Gas'!G18-'Ablesewerte Gas'!F18 -> 4215.4 | G12: ='Ablesewerte Gas'!H18-'Ablesewerte Gas'!G18 -> 2273 | H12: ='Ablesewerte Gas'!I18-'Ablesewerte Gas'!H18 -> 1949.3 | I12: ='Ablesewerte Gas'!J18-'Ablesewerte Gas'!I18 -> 1500.5 | J12: ='Ablesewerte Gas'!K18-'Ablesewerte Gas'!J18 -> 1570.8 | ... N12: ='Ablesewerte Gas'!O18-'Ablesewerte Gas'!N18 -> 5991.1
A13: ='Ablesewerte Gas'!A19 -> Zwischenzähler Küche | C13: ='Ablesewerte Gas'!D19-'Ablesewerte Gas'!C19 -> 51.48 | D13: ='Ablesewerte Gas'!E19-'Ablesewerte Gas'!D19 -> 57.66 | E13: ='Ablesewerte Gas'!F19-'Ablesewerte Gas'!E19 -> 63.1 | F13: ='Ablesewerte Gas'!G19-'Ablesewerte Gas'!F19 -> 40.36 | G13: ='Ablesewerte Gas'!H19-'Ablesewerte Gas'!G19 -> 35.64 | H13: ='Ablesewerte Gas'!I19-'Ablesewerte Gas'!H19 -> 54.29 | I13: ='Ablesewerte Gas'!J19-'Ablesewerte Gas'!I19 -> 53.99 | J13: ='Ablesewerte Gas'!K19-'Ablesewerte Gas'!J19 -> 47.95 | ... N13: ='Ablesewerte Gas'!O19-'Ablesewerte Gas'!N19 -> 47.33
A14: ='Ablesewerte Gas'!A20 -> alte Aula | B14: ** | C14: ='Ablesewerte Gas'!D20-'Ablesewerte Gas'!C20 -> 1309.3 | D14: ='Ablesewerte Gas'!E20-'Ablesewerte Gas'!D20 -> 1641.77 | E14: ='Ablesewerte Gas'!F20-'Ablesewerte Gas'!E20 -> 1034.05 | F14: ='Ablesewerte Gas'!G20-'Ablesewerte Gas'!F20 -> 137.79 | G14: ='Ablesewerte Gas'!H20-'Ablesewerte Gas'!G20 -> 0 | H14: ='Ablesewerte Gas'!I20-'Ablesewerte Gas'!H20 -> 0 | I14: ='Ablesewerte Gas'!J20-'Ablesewerte Gas'!I20 -> 0 | J14: ='Ablesewerte Gas'!K20-'Ablesewerte Gas'!J20 -> 0 | K14: ='Ablesewerte Gas'!L20-'Ablesewerte Gas'!K20 -> 0 | L14: 0 | M14: ='Ablesewerte Gas'!N20-'Ablesewerte Gas'!M20 -> 707.62 | N14: ='Ablesewerte Gas'!O20-'Ablesewerte Gas'!N20 -> 626.59
A15: ='Ablesewerte Gas'!A21 -> Lichtenstern 13 | C15: ='Ablesewerte Gas'!D21-'Ablesewerte Gas'!C21 -> 1133.88 | D15: ='Ablesewerte Gas'!E21-'Ablesewerte Gas'!D21 -> 1354.293 | E15: ='Ablesewerte Gas'!F21-'Ablesewerte Gas'!E21 -> 949.857 | F15: ='Ablesewerte Gas'!G21-'Ablesewerte Gas'!F21 -> 495.01 | G15: ='Ablesewerte Gas'!H21-'Ablesewerte Gas'!G21 -> 264.96 | H15: ='Ablesewerte Gas'!I21-'Ablesewerte Gas'!H21 -> 216.28 | I15: ='Ablesewerte Gas'!J21-'Ablesewerte Gas'!I21 -> 158.38 | J15: ='Ablesewerte Gas'!K21-'Ablesewerte Gas'!J21 -> 123.849 | ... N15: ='Ablesewerte Gas'!O21-'Ablesewerte Gas'!N21 -> 603.255 | P15: =SUM(C15:O15) -> 6646.105
A17: ='Ablesewerte Gas'!A25 -> ** Zählerwechsel / neue Heizung
A19: ='Ablesewerte Gas'!A28 -> 2007 | B19: ='Ablesewerte Gas'!B28 -> m³ | C19: ='Ablesewerte Gas'!C28 -> Jan | D19: ='Ablesewerte Gas'!D28 -> Feb | E19: ='Ablesewerte Gas'!E28 -> Mrz | F19: ='Ablesewerte Gas'!F28 -> Apr | G19: ='Ablesewerte Gas'!G28 -> Mai | H19: ='Ablesewerte Gas'!H28 -> Jun | ... N19: ='Ablesewerte Gas'!N28 -> Dez
A21: ='Ablesewerte Gas'!A30 -> Hauptzähler Internat | C21: =SUM('Ablesewerte Gas'!D30-'Ablesewerte Gas'!C30) -> 11027 | D21: =SUM('Ablesewerte Gas'!E30-'Ablesewerte Gas'!D30) -> 7567.5 | E21: =SUM('Ablesewerte Gas'!F30-'Ablesewerte Gas'!E30) -> 7521.4 | F21: =SUM('Ablesewerte Gas'!G30-'Ablesewerte Gas'!F30) -> 2653.1 | G21: =SUM('Ablesewerte Gas'!H30-'Ablesewerte Gas'!G30) -> 2797.4 | H21: =SUM('Ablesewerte Gas'!I30-'Ablesewerte Gas'!H30) -> 1528.7 | I21: =SUM('Ablesewerte Gas'!J30-'Ablesewerte Gas'!I30) -> 2217.9 | J21: =SUM('Ablesewerte Gas'!K30-'Ablesewerte Gas'!J30) -> 855.5 | ... N21: =SUM('Ablesewerte Gas'!O30-'Ablesewerte Gas'!N30) -> 12035.7 | P21: =SUM(C21:O21) -> 65290.5
A22: ='Ablesewerte Gas'!A31 -> Zwischenzähler Küche | C22: =SUM('Ablesewerte Gas'!D31-'Ablesewerte Gas'!C31) -> 59.59 | D22: =SUM('Ablesewerte Gas'!E31-'Ablesewerte Gas'!D31) -> 61.07 | E22: =SUM('Ablesewerte Gas'!F31-'Ablesewerte Gas'!E31) -> 92.97 | F22: =SUM('Ablesewerte Gas'!G31-'Ablesewerte Gas'!F31) -> 40.83 | G22: =SUM('Ablesewerte Gas'!H31-'Ablesewerte Gas'!G31) -> 52.03 | H22: =SUM('Ablesewerte Gas'!I31-'Ablesewerte Gas'!H31) -> 49.36 | I22: =SUM('Ablesewerte Gas'!J31-'Ablesewerte Gas'!I31) -> 84.73 | J22: =SUM('Ablesewerte Gas'!K31-'Ablesewerte Gas'!J31) -> 0.01 | ... N22: =SUM('Ablesewerte Gas'!O31-'Ablesewerte Gas'!N31) -> 49.55 | P22: =SUM(C22:O22) -> 661.76
A23: ='Ablesewerte Gas'!A32 -> alte Aula | C23: =SUM('Ablesewerte Gas'!D32-'Ablesewerte Gas'!C32) -> 1145.31 | D23: =SUM('Ablesewerte Gas'!E32-'Ablesewerte Gas'!D32) -> 703.23 | E23: =SUM('Ablesewerte Gas'!F32-'Ablesewerte Gas'!E32) -> 679.49 | F23: =SUM('Ablesewerte Gas'!G32-'Ablesewerte Gas'!F32) -> 176.66 | G23: =SUM('Ablesewerte Gas'!H32-'Ablesewerte Gas'!G32) -> 121.18 | H23: =SUM('Ablesewerte Gas'!I32-'Ablesewerte Gas'!H32) -> 0.06 | I23: =SUM('Ablesewerte Gas'!J32-'Ablesewerte Gas'!I32) -> 0.01 | J23: =SUM('Ablesewerte Gas'!K32-'Ablesewerte Gas'!J32) -> 0.04 | ... N23: =SUM('Ablesewerte Gas'!O32-'Ablesewerte Gas'!N32) -> 985.25 | P23: =SUM(C23:O23) -> 5057.76
A24: ='Ablesewerte Gas'!A33 -> Lichtenstern 13 | C24: =SUM('Ablesewerte Gas'!D33-'Ablesewerte Gas'!C33) -> 1150.545 | D24: =SUM('Ablesewerte Gas'!E33-'Ablesewerte Gas'!D33) -> 798.97 | E24: =SUM('Ablesewerte Gas'!F33-'Ablesewerte Gas'!E33) -> 774.41 | F24: =SUM('Ablesewerte Gas'!G33-'Ablesewerte Gas'!F33) -> 281.58 | G24: =SUM('Ablesewerte Gas'!H33-'Ablesewerte Gas'!G33) -> 270.21 | H24: =SUM('Ablesewerte Gas'!I33-'Ablesewerte Gas'!H33) -> 170.88 | I24: =SUM('Ablesewerte Gas'!J33-'Ablesewerte Gas'!I33) -> 232.64 | J24: =SUM('Ablesewerte Gas'!K33-'Ablesewerte Gas'!J33) -> 113.65 | ... N24: =SUM('Ablesewerte Gas'!O33-'Ablesewerte Gas'!N33) -> 1300.58 | P24: =SUM(C24:O24) -> 6996.705
A27: ='Ablesewerte Gas'!A36 -> 2008 | B27: ='Ablesewerte Gas'!B36 -> m³ | C27: ='Ablesewerte Gas'!C36 -> Jan | D27: ='Ablesewerte Gas'!D36 -> Feb | E27: ='Ablesewerte Gas'!E36 -> Mrz | F27: ='Ablesewerte Gas'!F36 -> Apr | G27: ='Ablesewerte Gas'!G36 -> Mai | H27: ='Ablesewerte Gas'!H36 -> Jun | ... N27: ='Ablesewerte Gas'!N36 -> Dez
A29: ='Ablesewerte Gas'!A38 -> Hauptzähler Internat | C29: =SUM('Ablesewerte Gas'!D38-'Ablesewerte Gas'!C38) -> 7977.1 | D29: =SUM('Ablesewerte Gas'!E38-'Ablesewerte Gas'!D38) -> 7994.2 | E29: =SUM('Ablesewerte Gas'!F38-'Ablesewerte Gas'!E38) -> 6075 | F29: =SUM('Ablesewerte Gas'!G38-'Ablesewerte Gas'!F38) -> 5405.9 | G29: =SUM('Ablesewerte Gas'!H38-'Ablesewerte Gas'!G38) -> 2013.4 | H29: =SUM('Ablesewerte Gas'!I38-'Ablesewerte Gas'!H38) -> 1570.3 | I29: =SUM('Ablesewerte Gas'!J38-'Ablesewerte Gas'!I38) -> 1543.9 | J29: =SUM('Ablesewerte Gas'!K38-'Ablesewerte Gas'!J38) -> 1029.8 | ... N29: =SUM('Ablesewerte Gas'!O38-'Ablesewerte Gas'!N38) -> 6835.9 | P29: =SUM(C29:O29) -> 55651.7
A30: ='Ablesewerte Gas'!A39 -> Zwischenzähler Küche | C30: =SUM('Ablesewerte Gas'!D39-'Ablesewerte Gas'!C39) -> 73.25 | D30: =SUM('Ablesewerte Gas'!E39-'Ablesewerte Gas'!D39) -> 57.1 | E30: =SUM('Ablesewerte Gas'!F39-'Ablesewerte Gas'!E39) -> 46.65 | F30: =SUM('Ablesewerte Gas'!G39-'Ablesewerte Gas'!F39) -> 88.15 | G30: =SUM('Ablesewerte Gas'!H39-'Ablesewerte Gas'!G39) -> 51.55 | H30: =SUM('Ablesewerte Gas'!I39-'Ablesewerte Gas'!H39) -> 68.42 | I30: =SUM('Ablesewerte Gas'!J39-'Ablesewerte Gas'!I39) -> 51.02 | J30: =SUM('Ablesewerte Gas'!K39-'Ablesewerte Gas'!J39) -> 38.77 | ... N30: =SUM('Ablesewerte Gas'!O39-'Ablesewerte Gas'!N39) -> 55.89 | P30: =SUM(C30:O30) -> 773.79
A31: ='Ablesewerte Gas'!A40 -> alte Aula | C31: =SUM('Ablesewerte Gas'!D40-'Ablesewerte Gas'!C40) -> 658.33 | D31: =SUM('Ablesewerte Gas'!E40-'Ablesewerte Gas'!D40) -> 668.61 | E31: =SUM('Ablesewerte Gas'!F40-'Ablesewerte Gas'!E40) -> 539.68 | F31: =SUM('Ablesewerte Gas'!G40-'Ablesewerte Gas'!F40) -> 379.61 | G31: =SUM('Ablesewerte Gas'!H40-'Ablesewerte Gas'!G40) -> 25.75 | H31: =SUM('Ablesewerte Gas'!I40-'Ablesewerte Gas'!H40) -> 0 | I31: =SUM('Ablesewerte Gas'!J40-'Ablesewerte Gas'!I40) -> 0 | J31: =SUM('Ablesewerte Gas'!K40-'Ablesewerte Gas'!J40) -> -0.01 | ... N31: =SUM('Ablesewerte Gas'!O40-'Ablesewerte Gas'!N40) -> 546.63 | P31: =SUM(C31:O31) -> 3915.23
A32: ='Ablesewerte Gas'!A41 -> Lichtenstern 13 | C32: =SUM('Ablesewerte Gas'!D41-'Ablesewerte Gas'!C41) -> 871.17 | D32: =SUM('Ablesewerte Gas'!E41-'Ablesewerte Gas'!D41) -> 916.86 | E32: =SUM('Ablesewerte Gas'!F41-'Ablesewerte Gas'!E41) -> 658.08 | F32: =SUM('Ablesewerte Gas'!G41-'Ablesewerte Gas'!F41) -> 698.29 | G32: =SUM('Ablesewerte Gas'!H41-'Ablesewerte Gas'!G41) -> 196.15 | H32: =SUM('Ablesewerte Gas'!I41-'Ablesewerte Gas'!H41) -> 116.68 | I32: =SUM('Ablesewerte Gas'!J41-'Ablesewerte Gas'!I41) -> 111.18 | J32: =SUM('Ablesewerte Gas'!K41-'Ablesewerte Gas'!J41) -> 83.56 | ... N32: =SUM('Ablesewerte Gas'!O41-'Ablesewerte Gas'!N41) -> 660.27 | P32: =SUM(C32:O32) -> 5868.14
A35: ='Ablesewerte Gas'!A44 -> 2009 | B35: ='Ablesewerte Gas'!B44 -> m³ | C35: ='Ablesewerte Gas'!C44 -> Jan | D35: ='Ablesewerte Gas'!D44 -> Feb | E35: ='Ablesewerte Gas'!E44 -> Mrz | F35: ='Ablesewerte Gas'!F44 -> Apr | G35: ='Ablesewerte Gas'!G44 -> Mai | H35: ='Ablesewerte Gas'!H44 -> Jun | ... N35: ='Ablesewerte Gas'!N44 -> Dez
A37: ='Ablesewerte Gas'!A46 -> Hauptzähler Internat | C37: =SUM('Ablesewerte Gas'!D46-'Ablesewerte Gas'!C46) -> 15094.1 | D37: =SUM('Ablesewerte Gas'!E46-'Ablesewerte Gas'!D46) -> 9173.5 | E37: =SUM('Ablesewerte Gas'!F46-'Ablesewerte Gas'!E46) -> 7840.6 | F37: =SUM('Ablesewerte Gas'!G46-'Ablesewerte Gas'!F46) -> 2831.2 | G37: =SUM('Ablesewerte Gas'!H46-'Ablesewerte Gas'!G46) -> 2327.2 | H37: =SUM('Ablesewerte Gas'!I46-'Ablesewerte Gas'!H46) -> 1868.6 | I37: =SUM('Ablesewerte Gas'!J46-'Ablesewerte Gas'!I46) -> 1437.4 | J37: =SUM('Ablesewerte Gas'!K46-'Ablesewerte Gas'!J46) -> 1443.5 | ... N37: =SUM('Ablesewerte Gas'!O46-'Ablesewerte Gas'!N46) -> 7738.9 | P37: =SUM(C37:O37) -> 63117.2
A38: ='Ablesewerte Gas'!A47 -> Zwischenzähler Küche | C38: =SUM('Ablesewerte Gas'!D47-'Ablesewerte Gas'!C47) -> 60.29 | D38: =SUM('Ablesewerte Gas'!E47-'Ablesewerte Gas'!D47) -> 59.89 | E38: =SUM('Ablesewerte Gas'!F47-'Ablesewerte Gas'!E47) -> 105.96 | F38: =SUM('Ablesewerte Gas'!G47-'Ablesewerte Gas'!F47) -> 62.77 | G38: =SUM('Ablesewerte Gas'!H47-'Ablesewerte Gas'!G47) -> 51.25 | H38: =SUM('Ablesewerte Gas'!I47-'Ablesewerte Gas'!H47) -> 74.3 | I38: =SUM('Ablesewerte Gas'!J47-'Ablesewerte Gas'!I47) -> 66.16 | J38: =SUM('Ablesewerte Gas'!K47-'Ablesewerte Gas'!J47) -> 67.29 | ... N38: =SUM('Ablesewerte Gas'!O47-'Ablesewerte Gas'!N47) -> 105.92 | P38: =SUM(C38:O38) -> 933.41
A39: ='Ablesewerte Gas'!A48 -> alte Aula | C39: =SUM('Ablesewerte Gas'!D48-'Ablesewerte Gas'!C48) -> 1460.6 | D39: =SUM('Ablesewerte Gas'!E48-'Ablesewerte Gas'!D48) -> 713.46 | E39: =SUM('Ablesewerte Gas'!F48-'Ablesewerte Gas'!E48) -> 583.76 | F39: =SUM('Ablesewerte Gas'!G48-'Ablesewerte Gas'!F48) -> 100.88 | G39: =SUM('Ablesewerte Gas'!H48-'Ablesewerte Gas'!G48) -> 49.75 | H39: =SUM('Ablesewerte Gas'!I48-'Ablesewerte Gas'!H48) -> 0 | I39: =SUM('Ablesewerte Gas'!J48-'Ablesewerte Gas'!I48) -> -0.05 | J39: =SUM('Ablesewerte Gas'!K48-'Ablesewerte Gas'!J48) -> 0 | ... N39: =SUM('Ablesewerte Gas'!O48-'Ablesewerte Gas'!N48) -> 672.25 | P39: =SUM(C39:O39) -> 4303.71
A40: ='Ablesewerte Gas'!A49 -> Lichtenstern 13 | C40: =SUM('Ablesewerte Gas'!D49-'Ablesewerte Gas'!C49) -> 1486.99 | D40: =SUM('Ablesewerte Gas'!E49-'Ablesewerte Gas'!D49) -> 920.54 | E40: =SUM('Ablesewerte Gas'!F49-'Ablesewerte Gas'!E49) -> 858.62 | F40: =SUM('Ablesewerte Gas'!G49-'Ablesewerte Gas'!F49) -> 332.5 | G40: =SUM('Ablesewerte Gas'!H49-'Ablesewerte Gas'!G49) -> 291.247 | H40: =SUM('Ablesewerte Gas'!I49-'Ablesewerte Gas'!H49) -> 219.407 | I40: =SUM('Ablesewerte Gas'!J49-'Ablesewerte Gas'!I49) -> 175.186 | J40: =SUM('Ablesewerte Gas'!K49-'Ablesewerte Gas'!J49) -> 102.8 | ... N40: =SUM('Ablesewerte Gas'!O49-'Ablesewerte Gas'!N49) -> 818.395 | P40: =SUM(C40:O40) -> 6797.775
A43: ='Ablesewerte Gas'!A52 -> 2010 | B43: ='Ablesewerte Gas'!B52 -> m³ | C43: ='Ablesewerte Gas'!C52 -> Jan | D43: ='Ablesewerte Gas'!D52 -> Feb | E43: ='Ablesewerte Gas'!E52 -> Mrz | F43: ='Ablesewerte Gas'!F52 -> Apr | G43: ='Ablesewerte Gas'!G52 -> Mai | H43: ='Ablesewerte Gas'!H52 -> Jun | ... N43: ='Ablesewerte Gas'!N52 -> Dez
A45: ='Ablesewerte Gas'!A54 -> Hauptzähler Internat | C45: =SUM('Ablesewerte Gas'!D54-'Ablesewerte Gas'!C54) -> 15240.4 | D45: =SUM('Ablesewerte Gas'!E54-'Ablesewerte Gas'!D54) -> 9408.3 | E45: =SUM('Ablesewerte Gas'!F54-'Ablesewerte Gas'!E54) -> 7307.7 | F45: =SUM('Ablesewerte Gas'!G54-'Ablesewerte Gas'!F54) -> 4406.2 | G45: =SUM('Ablesewerte Gas'!H54-'Ablesewerte Gas'!G54) -> 2646.4 | H45: =SUM('Ablesewerte Gas'!I54-'Ablesewerte Gas'!H54) -> 2493.3 | I45: =SUM('Ablesewerte Gas'!J54-'Ablesewerte Gas'!I54) -> 1513.5 | J45: =SUM('Ablesewerte Gas'!K54-'Ablesewerte Gas'!J54) -> 1551.2 | ... N45: =SUM('Ablesewerte Gas'!O54-'Ablesewerte Gas'!N54) -> 12080.6 | P45: =SUM(C45:O45) -> 73480.3
A46: ='Ablesewerte Gas'!A55 -> Zwischenzähler Küche | C46: =SUM('Ablesewerte Gas'!D55-'Ablesewerte Gas'!C55) -> 81.2 | D46: =SUM('Ablesewerte Gas'!E55-'Ablesewerte Gas'!D55) -> 83.07 | E46: =SUM('Ablesewerte Gas'!F55-'Ablesewerte Gas'!E55) -> 94.11 | F46: =SUM('Ablesewerte Gas'!G55-'Ablesewerte Gas'!F55) -> 66.13 | G46: =SUM('Ablesewerte Gas'!H55-'Ablesewerte Gas'!G55) -> 57.22 | H46: =SUM('Ablesewerte Gas'!I55-'Ablesewerte Gas'!H55) -> 93.25 | I46: =SUM('Ablesewerte Gas'!J55-'Ablesewerte Gas'!I55) -> 67.09 | J46: =SUM('Ablesewerte Gas'!K55-'Ablesewerte Gas'!J55) -> 58.4 | ... N46: =SUM('Ablesewerte Gas'!O55-'Ablesewerte Gas'!N55) -> 79.06 | P46: =SUM(C46:O46) -> 1017.34
A47: ='Ablesewerte Gas'!A56 -> alte Aula | C47: =SUM('Ablesewerte Gas'!D56-'Ablesewerte Gas'!C56) -> 1246.59 | D47: =SUM('Ablesewerte Gas'!E56-'Ablesewerte Gas'!D56) -> 750.5 | E47: =SUM('Ablesewerte Gas'!F56-'Ablesewerte Gas'!E56) -> 567.7 | F47: =SUM('Ablesewerte Gas'!G56-'Ablesewerte Gas'!F56) -> 164.47 | G47: =SUM('Ablesewerte Gas'!H56-'Ablesewerte Gas'!G56) -> 125.19 | H47: =SUM('Ablesewerte Gas'!I56-'Ablesewerte Gas'!H56) -> 3.38 | I47: =SUM('Ablesewerte Gas'!J56-'Ablesewerte Gas'!I56) -> -0.04 | J47: =SUM('Ablesewerte Gas'!K56-'Ablesewerte Gas'!J56) -> 0.04 | ... N47: =SUM('Ablesewerte Gas'!O56-'Ablesewerte Gas'!N56) -> 1004.66 | P47: =SUM(C47:O47) -> 4843.49
A48: ='Ablesewerte Gas'!A57 -> Lichtenstern 13 | C48: =SUM('Ablesewerte Gas'!D57-'Ablesewerte Gas'!C57) -> 1507.115 | D48: =SUM('Ablesewerte Gas'!E57-'Ablesewerte Gas'!D57) -> 1021.54 | E48: =SUM('Ablesewerte Gas'!F57-'Ablesewerte Gas'!E57) -> 819.48 | F48: =SUM('Ablesewerte Gas'!G57-'Ablesewerte Gas'!F57) -> 550.95 | G48: =SUM('Ablesewerte Gas'!H57-'Ablesewerte Gas'!G57) -> 339.35 | H48: =SUM('Ablesewerte Gas'!I57-'Ablesewerte Gas'!H57) -> 293.63 | I48: =SUM('Ablesewerte Gas'!J57-'Ablesewerte Gas'!I57) -> 128.3 | J48: =SUM('Ablesewerte Gas'!K57-'Ablesewerte Gas'!J57) -> 126.53 | ... N48: =SUM('Ablesewerte Gas'!O57-'Ablesewerte Gas'!N57) -> 609.43 | P48: =SUM(C48:O48) -> 6307.735
A51: ='Ablesewerte Gas'!A60 -> 2011 | B51: ='Ablesewerte Gas'!B60 -> m³ | C51: ='Ablesewerte Gas'!C60 -> Jan | D51: ='Ablesewerte Gas'!D60 -> Feb | E51: ='Ablesewerte Gas'!E60 -> Mrz | F51: ='Ablesewerte Gas'!F60 -> Apr | G51: ='Ablesewerte Gas'!G60 -> Mai | H51: ='Ablesewerte Gas'!H60 -> Jun | ... N51: ='Ablesewerte Gas'!N60 -> Dez
A53: ='Ablesewerte Gas'!A62 -> Hauptzähler Internat | C53: =SUM('Ablesewerte Gas'!D62-'Ablesewerte Gas'!C62) -> 11380.9 | D53: =SUM('Ablesewerte Gas'!E62-'Ablesewerte Gas'!D62) -> 9045.3 | E53: =SUM('Ablesewerte Gas'!F62-'Ablesewerte Gas'!E62) -> 6166.9 | F53: =SUM('Ablesewerte Gas'!G62-'Ablesewerte Gas'!F62) -> 3232.9 | G53: =SUM('Ablesewerte Gas'!H62-'Ablesewerte Gas'!G62) -> 2366.3 | H53: =SUM('Ablesewerte Gas'!I62-'Ablesewerte Gas'!H62) -> 1551.3 | I53: =SUM('Ablesewerte Gas'!J62-'Ablesewerte Gas'!I62) -> 1698 | J53: =SUM('Ablesewerte Gas'!K62-'Ablesewerte Gas'!J62) -> 1274 | ... N53: =SUM('Ablesewerte Gas'!O62-'Ablesewerte Gas'!N62) -> 8062.6 | P53: =SUM(C53:O53) -> 59153.8
A54: ='Ablesewerte Gas'!A63 -> Zwischenzähler Küche | C54: =SUM('Ablesewerte Gas'!D63-'Ablesewerte Gas'!C63) -> 87.76 | D54: =SUM('Ablesewerte Gas'!E63-'Ablesewerte Gas'!D63) -> 113.54 | E54: =SUM('Ablesewerte Gas'!F63-'Ablesewerte Gas'!E63) -> 112.36 | F54: =SUM('Ablesewerte Gas'!G63-'Ablesewerte Gas'!F63) -> 63.04 | G54: =SUM('Ablesewerte Gas'!H63-'Ablesewerte Gas'!G63) -> 103.17 | H54: =SUM('Ablesewerte Gas'!I63-'Ablesewerte Gas'!H63) -> 72.2 | I54: =SUM('Ablesewerte Gas'!J63-'Ablesewerte Gas'!I63) -> 73.06 | J54: =SUM('Ablesewerte Gas'!K63-'Ablesewerte Gas'!J63) -> 46.57 | ... N54: =SUM('Ablesewerte Gas'!O63-'Ablesewerte Gas'!N63) -> 70.51 | P54: =SUM(C54:O54) -> 1025.45
A55: ='Ablesewerte Gas'!A64 -> alte Aula | C55: =SUM('Ablesewerte Gas'!D64-'Ablesewerte Gas'!C64) -> 811.9 | D55: =SUM('Ablesewerte Gas'!E64-'Ablesewerte Gas'!D64) -> 682.5 | E55: =SUM('Ablesewerte Gas'!F64-'Ablesewerte Gas'!E64) -> 430.8 | F55: =SUM('Ablesewerte Gas'!G64-'Ablesewerte Gas'!F64) -> 104.99 | G55: =SUM('Ablesewerte Gas'!H64-'Ablesewerte Gas'!G64) -> 45.08 | H55: =SUM('Ablesewerte Gas'!I64-'Ablesewerte Gas'!H64) -> 12.16 | I55: =SUM('Ablesewerte Gas'!J64-'Ablesewerte Gas'!I64) -> 9.27 | J55: =SUM('Ablesewerte Gas'!K64-'Ablesewerte Gas'!J64) -> 2.4 | ... N55: =SUM('Ablesewerte Gas'!O64-'Ablesewerte Gas'!N64) -> 543.91 | P55: =SUM(C55:O55) -> 3468.32
A56: ='Ablesewerte Gas'!A65 -> Lichtenstern 13 | C56: =SUM('Ablesewerte Gas'!D65-'Ablesewerte Gas'!C65) -> 559.37 | D56: =SUM('Ablesewerte Gas'!E65-'Ablesewerte Gas'!D65) -> 434.904 | E56: =SUM('Ablesewerte Gas'!F65-'Ablesewerte Gas'!E65) -> 399.226 | F56: =SUM('Ablesewerte Gas'!G65-'Ablesewerte Gas'!F65) -> 202.93 | G56: =SUM('Ablesewerte Gas'!H65-'Ablesewerte Gas'!G65) -> 139.235 | H56: =SUM('Ablesewerte Gas'!I65-'Ablesewerte Gas'!H65) -> 103.722 | I56: =SUM('Ablesewerte Gas'!J65-'Ablesewerte Gas'!I65) -> 107.235 | J56: =SUM('Ablesewerte Gas'!K65-'Ablesewerte Gas'!J65) -> 79.198 | ... N56: =SUM('Ablesewerte Gas'!O65-'Ablesewerte Gas'!N65) -> 372.891 | P56: =SUM(C56:O56) -> 3059.02
A59: ='Ablesewerte Gas'!A68 -> 2012 | B59: ='Ablesewerte Gas'!B68 -> m³ | C59: ='Ablesewerte Gas'!C68 -> Jan | D59: ='Ablesewerte Gas'!D68 -> Feb | E59: ='Ablesewerte Gas'!E68 -> Mrz | F59: ='Ablesewerte Gas'!F68 -> Apr | G59: ='Ablesewerte Gas'!G68 -> Mai | H59: ='Ablesewerte Gas'!H68 -> Jun | ... N59: ='Ablesewerte Gas'!N68 -> Dez
A61: ='Ablesewerte Gas'!A70 -> Hauptzähler Internat | C61: =SUM('Ablesewerte Gas'!D70-'Ablesewerte Gas'!C70) -> 11397.9 | D61: =SUM('Ablesewerte Gas'!E70-'Ablesewerte Gas'!D70) -> 12084 | E61: =SUM('Ablesewerte Gas'!F70-'Ablesewerte Gas'!E70) -> 5906.2 | F61: =SUM('Ablesewerte Gas'!G70-'Ablesewerte Gas'!F70) -> 4279 | G61: =SUM('Ablesewerte Gas'!H70-'Ablesewerte Gas'!G70) -> 2228 | H61: =SUM('Ablesewerte Gas'!I70-'Ablesewerte Gas'!H70) -> 1734.8 | I61: =SUM('Ablesewerte Gas'!J70-'Ablesewerte Gas'!I70) -> 1250.4 | J61: =SUM('Ablesewerte Gas'!K70-'Ablesewerte Gas'!J70) -> 1473.4 | ... N61: =SUM('Ablesewerte Gas'!O70-'Ablesewerte Gas'!N70) -> 10491.2 | P61: =SUM(C61:O61) -> 66272.9
A62: ='Ablesewerte Gas'!A71 -> Zwischenzähler Küche | C62: =SUM('Ablesewerte Gas'!D71-'Ablesewerte Gas'!C71) -> 99.71 | D62: =SUM('Ablesewerte Gas'!E71-'Ablesewerte Gas'!D71) -> 78.13 | E62: =SUM('Ablesewerte Gas'!F71-'Ablesewerte Gas'!E71) -> 91.13 | F62: =SUM('Ablesewerte Gas'!G71-'Ablesewerte Gas'!F71) -> 56.16 | G62: =SUM('Ablesewerte Gas'!H71-'Ablesewerte Gas'!G71) -> 83.85 | H62: =SUM('Ablesewerte Gas'!I71-'Ablesewerte Gas'!H71) -> 58.34 | I62: =SUM('Ablesewerte Gas'!J71-'Ablesewerte Gas'!I71) -> 48.49 | J62: =SUM('Ablesewerte Gas'!K71-'Ablesewerte Gas'!J71) -> 26.72 | ... N62: =SUM('Ablesewerte Gas'!O71-'Ablesewerte Gas'!N71) -> 67.26 | P62: =SUM(C62:O62) -> 847.45
A63: ='Ablesewerte Gas'!A72 -> alte Aula | C63: =SUM('Ablesewerte Gas'!D72-'Ablesewerte Gas'!C72) -> 849.02 | D63: =SUM('Ablesewerte Gas'!E72-'Ablesewerte Gas'!D72) -> 895.09 | E63: =SUM('Ablesewerte Gas'!F72-'Ablesewerte Gas'!E72) -> 369.96 | F63: =SUM('Ablesewerte Gas'!G72-'Ablesewerte Gas'!F72) -> 176.67 | G63: =SUM('Ablesewerte Gas'!H72-'Ablesewerte Gas'!G72) -> 47.64 | H63: =SUM('Ablesewerte Gas'!I72-'Ablesewerte Gas'!H72) -> 0 | I63: =SUM('Ablesewerte Gas'!J72-'Ablesewerte Gas'!I72) -> 0 | J63: =SUM('Ablesewerte Gas'!K72-'Ablesewerte Gas'!J72) -> 0 | ... N63: =SUM('Ablesewerte Gas'!O72-'Ablesewerte Gas'!N72) -> 693.03 | P63: =SUM(C63:O63) -> 3892.4
A64: ='Ablesewerte Gas'!A73 -> Lichtenstern 13 | C64: =SUM('Ablesewerte Gas'!D73-'Ablesewerte Gas'!C73) -> 505.04 | D64: =SUM('Ablesewerte Gas'!E73-'Ablesewerte Gas'!D73) -> 614.8 | E64: =SUM('Ablesewerte Gas'!F73-'Ablesewerte Gas'!E73) -> 332.39 | F64: =SUM('Ablesewerte Gas'!G73-'Ablesewerte Gas'!F73) -> 302.59 | G64: =SUM('Ablesewerte Gas'!H73-'Ablesewerte Gas'!G73) -> -48065 | H64: =SUM('Ablesewerte Gas'!I73-'Ablesewerte Gas'!H73) -> 85.782 | I64: =SUM('Ablesewerte Gas'!J73-'Ablesewerte Gas'!I73) -> 62.448 | J64: =SUM('Ablesewerte Gas'!K73-'Ablesewerte Gas'!J73) -> 83.66 | ... N64: =SUM('Ablesewerte Gas'!O73-'Ablesewerte Gas'!N73) -> 532.098 | P64: =SUM(C64:O64) -> -44822.313

Sheet Ablesewerte Strom
A1: 2005
A2: Strom | C2: Jan | D2: Feb | E2: Mrz | F2: Apr | G2: Mai | H2: Jun | I2: Jul | J2: Aug | K2: Sep | L2: Okt | M2: Nov | N2: Dez
C3: 10.1. | D3: 1.2. | E3: 1.3. | F3: 1.4. | G3: 2.5. | H3: 1.6. | I3: 1.7. | J3: 28.7. | K3: 1.9. | L3: 5.10. | M3: 7.11. | N3: 1.12. | O3: 9.1.
A4: Internat | C4: 66446 | D4: 74777.3 | G4: 84015.6 | H4: 85895 | I4: 88333.7 | J4: 90302.6 | K4: 91789.7 | L4: 94063.1 | M4: 97514.9 | N4: 100831.7 | O4: 104666.1 | Q4: =SUM(O4-C4) -> 38220.1
A5: UZ Aula * | D5: 12286.6 | G5: 19107 | H5: 20463.5 | I5: 22065.2 | J5: 23422.5 | K5: 24479.3 | L5: 25962.6 | M5: 28431 | N5: 30861.1 | O5: 33715.5 | Q5: =SUM(O5-G5) -> 14608.5 | R5: ab Mai
A6: L13 Internat | C6: 27840.5 | G6: 28718.5 | H6: 28814.4 | I6: 28949.9 | J6: 29052.4 | K6: 29077.8 | L6: 29238.7 | M6: 29432.7 | N6: 29643.4 | O6: 29863.5 | Q6: =SUM(O6-C6) -> 2023
A7: L13 Gemeinschaft | C7: 35661.2 | G7: 36475 | H7: 36579.4 | I7: 36647.8 | J7: 36708.4 | K7: 36778.4 | L7: 36860.4 | M7: 37005.5 | N7: 37134.7 | O7: 37331.4 | Q7: =SUM(O7-C7) -> 1670.2
A8: Schule** | P8: Verbrauch direkt eingetragen
A9: UZ P002 | C9: 68.96 | D9: 108.77 | E9: 145.94 | F9: 191.1 | G9: 240.29 | H9: 273.2 | I9: 320.42 | J9: 362.13 | K9: 424.6 | L9: 469.69 | M9: 523.25 | N9: 567.32 | O9: 612.84 | Q9: =SUM(O9-C9) -> 543.88
A10: UZ P003 | C10: 51.56 | D10: 81.65 | E10: 109.43 | F10: 135.19 | G10: 160.25 | H10: 176.85 | I10: 199.43 | J10: 219.18 | K10: 235.4 | L10: 256.62 | M10: 285.18 | N10: 310.84 | O10: 339.55 | Q10: =SUM(O10-C10) -> 287.99
A11: UZ P004 | C11: 11675.9 | D11: 12206.1 | E11: 12666.5 | F11: 13120 | G11: 13660.4 | H11: 14034.7 | I11: 14488.1 | J11: 14892.7 | K11: 15239.1 | L11: 15886.4 | M11: 16674.6 | N11: 17441.4 | O11: 18250.6 | Q11: =SUM(O11-C11) -> 6574.7
A12: UZ P9 | C12: 25.4 | D12: 25.4 | E12: 25.4 | F12: 25.4 | G12: 25.4 | H12: 25.4 | I12: 25.4 | J12: 25.4 | K12: 25.4 | L12: 25.4 | M12: 25.4 | N12: 25.4 | O12: 25.4 | Q12: =SUM(O12-C12) -> 0
A13: UZ P10 | C13: 1026.7 | D13: 1827.3 | E13: 1829.5 | F13: 1830.9 | G13: 1834.8 | H13: 1840.1 | I13: 1841.5 | J13: 1843.2 | K13: 1846.3 | L13: 1847.8 | M13: 1849.3 | N13: 1853.3 | O13: 1854 | Q13: =SUM(O13-C13) -> 827.3
A14: Sporthalle** | P14: Verbrauch direkt eingetragen
A15: Sporthälle UZ P4 | C15: 7137.2 | D15: 7833.5 | E15: 8516 | F15: 9235.4 | G15: 9906.9 | H15: 10382.1 | I15: 10877.7 | J15: 11331.4 | K15: 11564.2 | L15: 12120.7 | M15: 12850.4 | N15: 13435.6 | O15: 14283.4 | Q15: =SUM(O15-C15) -> 7146.2
A17: nicht abgelesene Werte
A18: Wert stammt aus Abrechnung
A20: 2006
A21: Strom | B21: kWh | C21: Jan | D21: Feb | E21: Mrz | F21: Apr | G21: Mai | H21: Jun | I21: Jul | J21: Aug | K21: Sep | L21: Okt | M21: Nov | N21: Dez | Q21: Verbrauch
C22: 9.1. | D22: 1.2. | E22: 6.3. | F22: 4.4. | G22: 3.5. | H22: 1.6. | I22: 3.7. | J22: 7.8. | K22: 1.9. | L22: 4.10. | M22: 2.11. | N22: 1.12. | O22: 22.12. | Q22: pro Messstelle
A23: Internat | C23: 104666.1 | D23: 107795.7 | E23: 111877.8 | F23: 115148.2 | G23: 117801.7 | H23: 119970.2 | I23: 122680.7 | J23: 124938.2 | K23: 126527.2 | L23: 128459.6 | M23: 131926.8 | N23: 135566.9 | O23: 138805.5 | Q23: =SUM(O23-C23) -> 34139.4
A24: UZ Aula * | C24: 33715.5 | D24: 35970.7 | E24: 39079.3 | F24: 41400.6 | G24: 43486.8 | H24: 44940.9 | I24: 46846.1 | J24: 48235.3 | K24: 49412.9 | L24: 50571.2 | M24: 52946.6 | N24: 55336 | O24: 57591.3 | Q24: =SUM(O24-C24) -> 23875.8 | R24: =SUM(Q23-Q24) -> 10263.6
A25: L13 Internat | C25: 29863.5 | D25: 30070.5 | E25: 30303.2 | F25: 30519.2 | G25: 30629.6 | H25: 30752.9 | I25: 30844.6 | J25: 30866.8 | K25: 30880 | L25: 30982.3 | M25: 31142.9 | N25: 31341.3 | O25: 31500.8 | Q25: =SUM(O25-C25) -> 1637.3
A26: L13 Gemeinschaft | C26: 37331.4 | D26: 37489.9 | E26: 37743.7 | F26: 37977.9 | G26: 38188.6 | H26: 38382.4 | I26: 38529.5 | J26: 38664.5 | K26: 38716.9 | L26: 38792.3 | M26: 38960.2 | N26: 39152.3 | O26: 39290.7 | Q26: =SUM(O26-C26) -> 1959.3
A27: Schule** | P27: keine Ablesung möglich
A28: UZ P002 | C28: 612.84 | D28: 652.63 | E28: 700.81 | F28: 751.08 | G28: 785.63 | H28: 827.77 | I28: 874.36 | J28: 930.6 | K28: 989.14 | L28: 1026.57 | M28: 1074.34 | N28: 1123.37 | O28: 1164.22 | Q28: =SUM(O28-C28) -> 551.38
A29: UZ P003 | C29: 339.55 | D29: 363.69 | E29: 392.73 | F29: 419.82 | G29: 436.57 | H29: 456.49 | I29: 477.2 | J29: 500.8 | K29: 516.15 | L29: 534.01 | M29: 560.06 | N29: 592.92 | O29: 616.78 | Q29: =SUM(O29-C29) -> 277.23
A30: UZ P004 | C30: 18250.6 | D30: 19011.7 | E30: 19900.4 | F30: 20702.8 | G30: 21212.6 | H30: 21768.9 | I30: 22277.3 | J30: 22843.2 | K30: 23119.7 | L30: 23584 | M30: 24325.9 | N30: 25240.1 | O30: 25941.7 | Q30: =SUM(O30-C30) -> 7691.1
A31: UZ P9 | C31: 25.4 | D31: 25.4 | E31: 25.4 | F31: 25.4 | G31: 25.4 | H31: 25.4 | I31: 25.4 | J31: 25.4 | K31: 25.4 | L31: 25.4 | M31: 25.4 | N31: 25.4 | O31: 25.4 | Q31: =SUM(O31-C31) -> 0
A32: UZ P10 | C32: 1854 | D32: 1854.8 | E32: 1855.5 | F32: 1857 | G32: 1859.1 | H32: 1861.7 | I32: 1864.6 | J32: 1866 | K32: 1868.9 | L32: 1870.2 | M32: 1871.9 | N32: 1874.5 | O32: 1875.2 | Q32: =SUM(O32-C32) -> 21.2
A33: Sporthalle** | P33: keine Ablesung möglich
A34: Sporthälle UZ P4 | C34: 14283.4 | D34: 14844.5 | E34: 15638.1 | F34: 16307.4 | G34: 16923.6 | H34: 17464.3 | I34: 18024.3 | J34: 18600.5 | K34: 19058.7 | L34: 19675.8 | M34: 20310.2 | N34: 21072.9 | O34: 21655.9 | Q34: =SUM(O34-C34) -> 7372.5
A36: * Unterzähler vom Internat
A37: ** kann nicht abgelesen werden - siehe Abrechnung
A39: 2007
A40: Strom | B40: kWh | C40: Jan | D40: Feb | E40: Mrz | F40: Apr | G40: Mai | H40: Jun | I40: Jul | J40: Aug | K40: Sep | L40: Okt | M40: Nov | N40: Dez | O40: Jan
C41: 22.12. | D41: 1.2. | E41: 1.3. | F41: 3.4. | G41: 2.5. | H41: 4.6. | I41: 2.7. | J41: 13.8. | K41: 3.9. | L41: 29.9. | M41: 6.11. | N41: 3.12. | O41: 39454
A42: Internat | C42: 138805.5 | D42: 143171.3 | E42: 146910.3 | F42: 150930.8 | G42: 153319.5 | H42: 156176.8 | I42: 158673.1 | J42: 161682.7 | K42: 162366.6 | L42: 165188.4 | M42: 169923.1 | N42: 174316.7 | O42: 178701.4 | Q42: =SUM(O42-C42) -> 39895.9
A43: UZ Aula * | C43: 57591.3 | D43: 60618.3 | E43: 63214.4 | F43: 65910.5 | G43: 67479.5 | H43: 69356.8 | I43: 70930.5 | J43: 72893.4 | K43: 73330.6 | L43: 75274.4 | M43: 78766.8 | N43: 81965.8 | O43: 85225.5 | Q43: =SUM(O43-C43) -> 27634.2 | R43: =SUM(Q42-Q43) -> 12261.7
A44: L13 Internat | C44: 31500.8 | D44: 31718.3 | E44: 31887.8 | F44: 32084.4 | G44: 32212.7 | H44: 32345.5 | I44: 32467 | J44: 32552.3 | K44: 32555.5 | L44: 32682.4 | M44: 32874.4 | N44: 33096.6 | O44: 33283.5 | Q44: =SUM(O44-C44) -> 1782.7
A45: L13 Gemeinschaft | C45: 39290.7 | D45: 39550 | E45: 39716.7 | F45: 39925.6 | G45: 40106.2 | H45: 40294.5 | I45: 40405.1 | J45: 40571.9 | K45: 40656.2 | L45: 40810.1 | M45: 41066.2 | N45: 41265 | O45: 41562 | Q45: =SUM(O45-C45) -> 2271.3
A46: Schule** | P46: keine Ablesung möglich
A47: UZ P002 | C47: 1164.22 | D47: 1217.92 | E47: 1262.55 | F47: 1315.89 | G47: 1352.93 | H47: 1396.87 | I47: 1443.73 | J47: 1530.6 | K47: 1542.5 | L47: 1585.66 | M47: 1641.62 | N47: 1691.81 | O47: 1739.65 | Q47: =SUM(O47-C47) -> 575.43
A48: UZ P003 | C48: 616.78 | D48: 651.57 | E48: 679.82 | F48: 710.49 | G48: 727.58 | H48: 748.51 | I48: 768.79 | J48: 795.08 | K48: 799.8 | L48: 819.78 | M48: 848.19 | N48: 878.74 | O48: 907.09 | Q48: =SUM(O48-C48) -> 290.31
A49: UZ P004 | C49: 25941.7 | D49: 26942.5 | E49: 27711.8 | F49: 28445.1 | G49: 28901.4 | H49: 29485.1 | I49: 29964.4 | J49: 30653 | K49: 30835.2 | L49: 31532.7 | M49: 32488.4 | N49: 33658.8 | O49: 34700.4 | Q49: =SUM(O49-C49) -> 8758.7
A50: UZ P9 | C50: 25.4 | D50: 25.4 | E50: 25.4 | F50: 25.4 | G50: 25.4 | H50: 25.4 | I50: 25.4 | J50: 25.4 | K50: 25.4 | L50: 25.4 | M50: 25.4 | N50: 25.4 | O50: 25.4 | Q50: =SUM(O50-C50) -> 0
A51: UZ P10 | C51: 1875.2 | D51: 1878.9 | E51: 1880.1 | F51: 1880.9 | G51: 1884 | H51: 1884.4 | I51: 1885.2 | J51: 1885.6 | K51: 1886.6 | L51: 1890 | M51: 1891.1 | N51: 1893.3 | O51: 1894 | Q51: =SUM(O51-C51) -> 18.8
A52: Sporthalle** | P52: keine Ablesung möglich
A53: Sporthälle UZ P4 | C53: 21655.9 | D53: 22902.6 | E53: 23953.4 | F53: 25138.5 | G53: 26099.4 | H53: 27435.7 | I53: 28447.1 | J53: 29568.2 | K53: 29888.7 | L53: 30707 | M53: 32101.7 | N53: 33118.4 | O53: 34436.8 | Q53: =SUM(O53-C53) -> 12780.9
A57: 2008
A58: Strom | B58: kWh | C58: Jan | D58: Feb | E58: Mrz | F58: Apr | G58: Mai | H58: Jun | I58: Jul | J58: Aug | K58: Sep | L58: Okt | M58: Nov | N58: Dez
C59: 39454 | D59: 1.2. | E59: 3.3. | F59: 1.4. | G59: 30.4. | H59: 2.6. | I59: 1.7. | J59: 4.8. | K59: 2.9. | L59: 1.10. | M59: 3.11. | N59: 2.12. | O59: 39805
A60: Internat | C60: 178701.4 | D60: 182589.2 | E60: 186403.2 | F60: 189383.7 | G60: 193527.4 | H60: 195999.3 | I60: 198811.6 | J60: 201487.3 | K60: 202605.9 | L60: 205395.8 | M60: 208403 | N60: 212274 | O60: 214861.3 | Q60: =SUM(O60-C60) -> 36159.9
A61: UZ Aula * | C61: 85225.5 | D61: 87889.4 | E61: 90613.7 | F61: 92716.7 | G61: 95558.8 | H61: 97130.7 | I61: 98753.5 | J61: 100325.1 | K61: 100997.5 | L61: 102597.9 | M61: 104504.8 | N61: 107004.8 | O61: 108629.2 | Q61: =SUM(O61-C61) -> 23403.7 | R61: =SUM(Q60-Q61) -> 12756.2
A62: L13 Internat | C62: 33283.5 | D62: 33496.8 | E62: 33657.8 | F62: 33752.1 | G62: 33872.6 | H62: 33945.5 | I62: 34026.3 | J62: 34085.7 | K62: 34111.2 | L62: 34239.4 | M62: 34354.6 | N62: 34517.4 | O62: 34624.3 | Q62: =SUM(O62-C62) -> 1340.8
A63: L13 Gemeinschaft | C63: 41562 | D63: 41771.9 | E63: 42032.6 | F63: 42248.5 | G63: 42495.2 | H63: 42763.6 | I63: 42937.4 | J63: 43141.1 | K63: 43313.5 | L63: 43499.9 | M63: 43714.3 | N63: 43914.4 | O63: 44065.4 | Q63: =SUM(O63-C63) -> 2503.4
A64: Schule** | P64: keine Ablesung möglich
A65: UZ P002 | C65: 1739.65 | D65: 1787.29 | E65: 1833.64 | F65: 1871.82 | G65: 1939.2 | H65: 1986.2 | I65: 2059.87 | J65: 2123.43 | K65: 2172.42 | L65: 2231.06 | M65: 2291.23 | N65: 2359.19 | O65: 2404.33 | Q65: =SUM(O65-C65) -> 664.68
A66: UZ P003 | C66: 907.09 | D66: 935.17 | E66: 962.34 | F66: 982.44 | G66: 1010.79 | H66: 1028.67 | I66: 1052.18 | J66: 1074.94 | K66: 1090.01 | L66: 1112.77 | M66: 1139.02 | N66: 1172.38 | O66: 1196.07 | Q66: =SUM(O66-C66) -> 288.98
A67: UZ P004 | C67: 34700.4 | D67: 35871.5 | E67: 36831.8 | F67: 37578.3 | G67: 38633.9 | H67: 39175.4 | I67: 39839 | J67: 40325.2 | K67: 40642.7 | L67: 41474.1 | M67: 42524.2 | N67: 43768.4 | O67: 44635.4 | Q67: =SUM(O67-C67) -> 9935
A68: UZ P9 | C68: 25.4 | D68: 25.4 | E68: 25.4 | F68: 25.4 | G68: 25.4 | H68: 25.4 | I68: 25.4 | J68: 25.4 | K68: 25.4 | L68: 25.4 | M68: 25.4 | N68: 25.4 | O68: 25.4 | Q68: =SUM(O68-C68) -> 0
A69: UZ P10 | C69: 1894 | D69: 1949.6 | E69: 1961.5 | F69: 1969.7 | G69: 1970.9 | H69: 1973.1 | I69: 1974.4 | J69: 1976 | K69: 1976.3 | L69: 1976.9 | M69: 1979.8 | N69: 1981 | O69: 1981.5 | Q69: =SUM(O69-C69) -> 87.5
A70: Sporthalle** | P70: keine Ablesung möglich
A71: Sporthälle UZ P4 | C71: 34436.8 | D71: 35479.1 | E71: 36741.7 | F71: 37858 | G71: 38946.8 | H71: 40170.2 | I71: 41366.7 | J71: 42936.8 | K71: 43812.8 | L71: 45220.4 | M71: 46817.5 | N71: 48325.4 | O71: 49429.4 | Q71: =SUM(O71-C71) -> 14992.6
A76: 2009
A77: Strom | B77: kWh | C77: Jan | D77: Feb | E77: Mrz | F77: Apr | G77: Mai | H77: Jun | I77: Jul | J77: Aug | K77: Sep | L77: Okt | M77: Nov | N77: Dez
C78: 39805 | D78: 39846 | E78: 39874 | F78: 39904 | G78: 39933 | H78: 39966 | I78: 39996 | J78: 40024 | K78: 40057 | L78: 02.10.2009 | M78: 40119 | N78: 40148 | O78: 40170
A79: Internat | C79: 214861.3 | D79: 219267.3 | E79: 222387.5 | F79: 226578.2 | G79: 228664.6 | H79: 231363.9 | I79: 233588.5 | J79: 235906.4 | K79: 237253.2 | L79: 240184 | M79: 243097.8 | N79: 247343.2 | O79: 250343.9 | Q79: =SUM(O79-C79) -> 35482.6
A80: UZ Aula * | C80: 108629.2 | D80: 111735.8 | E80: 113754.5 | F80: 116520 | G80: 117716.4 | H80: 119458.9 | I80: 120660.9 | J80: 122021.2 | K80: 122730.3 | L80: 124631.5 | M80: 126509.1 | N80: 129488 | O80: 131477.6 | Q80: =SUM(O80-C80) -> 22848.4 | R80: =SUM(Q79-Q80) -> 12634.2
A81: L13 Internat | C81: 34624.3 | D81: 34766.2 | E81: 34903.3 | F81: 35097.8 | G81: 35182 | H81: 35298.6 | I81: 35433.7 | J81: 35500.8 | K81: 35503.8 | L81: 35645.4 | M81: 35807.1 | N81: 36088.9 | O81: 36290.7 | Q81: =SUM(O81-C81) -> 1666.4
A82: L13 Gemeinschaft | C82: 44065.4 | D82: 44348.6 | E82: 44541.5 | F82: 44745.2 | G82: 44879.4 | H82: 45021.9 | I82: 45148.4 | J82: 45270.2 | K82: 45405.7 | L82: 45542.5 | M82: 45680.4 | N82: 45818.4 | O82: 45926 | Q82: =SUM(O82-C82) -> 1860.6
A83: Schule** | P83: keine Ablesung möglich
A84: UZ P002 | C84: 2404.33 | D84: 2457.9 | E84: 2509.7 | F84: 2582 | G84: 2634.74 | H84: 2690.37 | I84: 2757.02 | J84: 2819.24 | K84: 2889.59 | L84: 2949.37 | M84: 3008.73 | N84: 3080.88 | O84: 3138.77 | Q84: =SUM(O84-C84) -> 734.44
A85: UZ P003 | C85: 1196.07 | D85: 1227.45 | E85: 1252.2 | F85: 1284.48 | G85: 1305.1 | H85: 1325.85 | I85: 1349.21 | J85: 1372.17 | K85: 1348.96 | L85: 1408.54 | M85: 1434.77 | N85: 1468.11 | O85: 1495.27 | Q85: =SUM(O85-C85) -> 299.2
A86: UZ P004 | C86: 44635.4 | D86: 45821.5 | E86: 46191.6 | F86: 47955.3 | G86: 48645.6 | H86: 49363.5 | I86: 50052.7 | J86: 50731 | K86: 51133.8 | L86: 51947.5 | M86: 52959.1 | N86: 54260.1 | O86: 55291 | Q86: =SUM(O86-C86) -> 10655.6 | S86: Container
A87: UZ P9 | C87: 25.4 | D87: 25.4 | E87: 25.4 | F87: 25.4 | G87: 25.4 | H87: 25.4 | I87: 25.4 | J87: 24.5 | K87: 26.6 | L87: 30.1 | M87: 134 | N87: 544.2 | O87: 1361.8 | Q87: =SUM(O87-C87) -> 1336.4 | S87: =SUM(Q87:Q88) -> 3184.1
A88: UZ P10 | C88: 1981.5 | D88: 1982.2 | E88: 1983.1 | F88: 1984 | G88: 1984.4 | H88: 2002.9 | I88: 2003.4 | J88: 2010.5 | K88: 2013.8 | L88: 2163.5 | M88: 2445.1 | N88: 3320.9 | O88: 3829.2 | Q88: =SUM(O88-C88) -> 1847.7
A89: Sporthalle** | P89: keine Ablesung möglich
A90: Sporthälle UZ P4 | C90: 49429.4 | D90: 51256.9 | E90: 52715.9 | F90: 54342.7 | G90: 55921.8 | H90: 57247.2 | I90: 58694.3 | J90: 60026 | K90: 61686.8 | L90: 63172.6 | M90: 64602.6 | N90: 65930 | O90: 66932.2 | Q90: =SUM(O90-C90) -> 17502.8
A95: 2010
A96: Strom | B96: kWh | C96: Jan | D96: Feb | E96: Mrz | F96: Apr | G96: Mai | H96: Jun | I96: Jul | J96: Aug | K96: Sep | L96: Okt | M96: Nov | N96: Dez
C97: 40170 | D97: 40210 | E97: 40238 | F97: 40269 | G97: 40301 | H97: 40319 | I97: 40360 | J97: 40392 | K97: 40422 | L97: 1.10.10 | M97: 40484 | N97: 40513 | O97: 40543
A98: Internat | C98: 250343.9 | D98: 255161.9 | E98: 258553.7 | F98: 262730.1 | G98: 265746.4 | H98: 267992.3 | I98: 271325.7 | J98: 274363.2 | K98: 276182.4 | L98: 279135.6 | M98: 282702.6 | N98: 286719.3 | O98: 290244 | Q98: =SUM(O98-C98) -> 39900.1
A99: UZ Aula * | C99: 131477.6 | D99: 135022.9 | E99: 137295.5 | F99: 140308.4 | G99: 142312.3 | H99: 143859.5 | I99: 145942.3 | J99: 147978.2 | K99: 149132.5 | L99: 151158.3 | M99: 153529.6 | N99: 156391.8 | O99: 158803.9 | Q99: =SUM(O99-C99) -> 27326.3 | R99: =SUM(Q98-Q99) -> 12573.8
A100: L13 Internat | C100: 36290.7 | D100: 36520.6 | E100: 36712 | F100: 36936.2 | G100: 37106.4 | H100: 37213.3 | I100: 37355.7 | J100: 37359.8 | K100: 37396.2 | L100: 37515.5 | M100: 37567.9 | N100: 37627.1 | O100: 37681.9 | Q100: =SUM(O100-C100) -> 1391.2
A101: L13 Gemeinschaft | C101: 45926 | D101: 46109.6 | E101: 46238.1 | F101: 46393 | G101: 46534.4 | H101: 46611.8 | I101: 46794.8 | J101: 46917.2 | K101: 47050.6 | L101: 47216.4 | M101: 47399.2 | N101: 47572.4 | O101: 47753.5 | Q101: =SUM(O101-C101) -> 1827.5
A102: Schule** | P102: keine Ablesung möglich
A103: UZ P002 | C103: 3138.77 | D103: 3204.01 | E103: 3265.1 | F103: 3333.79 | G103: 3395.9 | H103: 3438.04 | I103: 3514.36 | J103: 3587.93 | K103: 3656.06 | L103: 3714.92 | M103: 3794.51 | N103: 3864.51 | O103: 3926.92 | Q103: =SUM(O103-C103) -> 788.15
A104: UZ P003 | C104: 1495.27 | D104: 1528.67 | E104: 1556.8 | F104: 1585.2 | G104: 1607.05 | H104: 1622.23 | I104: 1648.77 | J104: 1671.6 | K104: 1686.56 | L104: 1709.42 | M104: 1740.27 | N104: 1771.99 | O104: 1800.3 | Q104: =SUM(O104-C104) -> 305.03
A105: UZ P004 | C105: 55291 | D105: 56506.1 | E105: 57464.5 | F105: 58376.4 | G105: 59278.6 | H105: 59898 | I105: 60800.9 | J105: 61393.5 | K105: 61779.4 | L105: 62604.1 | M105: 63815.8 | N105: 64988.9 | O105: 65990.7 | Q105: =SUM(O105-C105) -> 10699.7 | S105: Container
A106: UZ P9 | C106: 1361.8 | D106: 1911.1 | E106: 2407.1 | F106: 2658.2 | G106: 2671.7 | H106: 2692.2 | I106: 2694.4 | J106: 2697.5 | K106: 2717.9 | L106: 2733.2 | M106: 2908.3 | N106: 3106 | O106: 3337.8 | Q106: =SUM(O106-C106) -> 1976 | S106: =SUM(Q106:Q107) -> 3965.6
A107: UZ P10 | C107: 3829.2 | D107: 4545.3 | E107: 4689.6 | F107: 4912.4 | G107: 5074.5 | H107: 5134.7 | I107: 5147.3 | J107: 5153.6 | K107: 5164.6 | L107: 5178.6 | M107: 5518.2 | N107: 5692.2 | O107: 5818.8 | Q107: =SUM(O107-C107) -> 1989.6
A108: Sporthalle** | P108: keine Ablesung möglich
A109: Sporthälle UZ P4 | C109: 66932.2 | D109: 68780.1 | E109: 69986.8 | F109: 71304.9 | G109: 72741.6 | H109: 73517.5 | I109: 75013 | J109: 76077.8 | K109: 76408.2 | L109: 77634.2 | M109: 78942.5 | N109: 80109.9 | O109: 81293.2 | Q109: =SUM(O109-C109) -> 14361
A114: 2011
A115: Strom | B115: kWh | C115: Jan | D115: Feb | E115: Mrz | F115: Apr | G115: Mai | H115: Jun | I115: Jul | J115: Aug | K115: Sep | L115: Okt | M115: Nov | N115: Dez
C116: 40543 | D116: 40575 | E116: 40603 | F116: 40634 | G116: 40665 | H116: 40695 | I116: 40725 | J116: 40756 | K116: 40787 | L116: 04.10.2011 | M116: 40849 | N116: 40878 | O116: 40908
A117: Internat | C117: 290244 | D117: 294479.6 | E117: 298175.6 | F117: 302304.9 | G117: 304899.3 | H117: 307880.5 | I117: 309773.2 | J117: 312128.2 | K117: 313486.6 | L117: 316312.8 | M117: 319794 | N117: 323949.9 | O117: 327383.8 | Q117: =SUM(O117-C117) -> 37139.8
A118: UZ Aula * | C118: 158803.9 | D118: 161846.2 | E118: 164240.4 | F118: 167042.1 | G118: 16878 | H118: 170662.4 | I118: 171775.1 | J118: 173204.9 | K118: 173987.6 | L118: 175755.7 | M118: 178044.3 | N118: 180964.7 | O118: 183317.3 | Q118: =SUM(O118-C118) -> 24513.4 | R118: =SUM(Q117-Q118) -> 12626.4
A119: L13 Internat | C119: 37681.9 | D119: 37752.7 | E119: 37804.6 | F119: 37840.5 | G119: 37864.3 | H119: 37899.5 | I119: 37901.7 | J119: 37904.9 | K119: 37905.3 | L119: 37940.5 | M119: 38003.8 | N119: 38084.8 | O119: 38142.5 | Q119: =SUM(O119-C119) -> 460.6
...

Sheet Verbrauch Strom
A1: 2005
A2: Strom | C2: ='Ablesewerte Strom'!C21 -> Jan | D2: Jan | E2: Feb | F2: Mrz | G2: Apr | H2: Mai | I2: Jun | J2: Jul | K2: Aug | L2: Sep | M2: Okt | N2: Nov | O2: Dez
C3: ='Ablesewerte Strom'!C22 -> 9.1.
A4: Internat | B4: ='Ablesewerte Strom'!B23 | D4: =SUM('Ablesewerte Strom'!D4-'Ablesewerte Strom'!C4) -> 8331.3 | E4: 0 | F4: =SUM('Ablesewerte Strom'!F4-'Ablesewerte Strom'!E4) -> 0 | G4: =SUM('Ablesewerte Strom'!G4-'Ablesewerte Strom'!F4) -> 84015.6 | H4: =SUM('Ablesewerte Strom'!H4-'Ablesewerte Strom'!G4) -> 1879.4 | I4: =SUM('Ablesewerte Strom'!I4-'Ablesewerte Strom'!H4) -> 2438.7 | J4: =SUM('Ablesewerte Strom'!J4-'Ablesewerte Strom'!I4) -> 1968.9 | K4: =SUM('Ablesewerte Strom'!K4-'Ablesewerte Strom'!J4) -> 1487.1 | L4: =SUM('Ablesewerte Strom'!L4-'Ablesewerte Strom'!K4) -> 2273.4 | M4: =SUM('Ablesewerte Strom'!M4-'Ablesewerte Strom'!L4) -> 3451.8 | ... O4: =SUM('Ablesewerte Strom'!O4-'Ablesewerte Strom'!N4) -> 3834.4
A5: UZ Aula * | D5: =SUM('Ablesewerte Strom'!D5-'Ablesewerte Strom'!C5) -> 12286.6 | E5: 0 | F5: =SUM('Ablesewerte Strom'!F5-'Ablesewerte Strom'!E5) -> 0 | G5: =SUM('Ablesewerte Strom'!G5-'Ablesewerte Strom'!F5) -> 19107 | H5: =SUM('Ablesewerte Strom'!H5-'Ablesewerte Strom'!G5) -> 1356.5 | I5: =SUM('Ablesewerte Strom'!I5-'Ablesewerte Strom'!H5) -> 1601.7 | J5: =SUM('Ablesewerte Strom'!J5-'Ablesewerte Strom'!I5) -> 1357.3 | K5: =SUM('Ablesewerte Strom'!K5-'Ablesewerte Strom'!J5) -> 1056.8 | L5: =SUM('Ablesewerte Strom'!L5-'Ablesewerte Strom'!K5) -> 1483.3 | M5: =SUM('Ablesewerte Strom'!M5-'Ablesewerte Strom'!L5) -> 2468.4 | ... O5: =SUM('Ablesewerte Strom'!O5-'Ablesewerte Strom'!N5) -> 2854.4
A6: L13 Internat | D6: 0 | E6: =SUM('Ablesewerte Strom'!E6-'Ablesewerte Strom'!D6) -> 0 | F6: =SUM('Ablesewerte Strom'!F6-'Ablesewerte Strom'!E6) -> 0 | G6: =SUM('Ablesewerte Strom'!G6-'Ablesewerte Strom'!F6) -> 28718.5 | H6: =SUM('Ablesewerte Strom'!H6-'Ablesewerte Strom'!G6) -> 95.9 | I6: =SUM('Ablesewerte Strom'!I6-'Ablesewerte Strom'!H6) -> 135.5 | J6: =SUM('Ablesewerte Strom'!J6-'Ablesewerte Strom'!I6) -> 102.5 | K6: =SUM('Ablesewerte Strom'!K6-'Ablesewerte Strom'!J6) -> 25.4 | L6: =SUM('Ablesewerte Strom'!L6-'Ablesewerte Strom'!K6) -> 160.9 | ... O6: =SUM('Ablesewerte Strom'!O6-'Ablesewerte Strom'!N6) -> 220.1
A7: L13 Gemeinschaft | D7: 0 | E7: =SUM('Ablesewerte Strom'!E7-'Ablesewerte Strom'!D7) -> 0 | F7: =SUM('Ablesewerte Strom'!F7-'Ablesewerte Strom'!E7) -> 0 | G7: =SUM('Ablesewerte Strom'!G7-'Ablesewerte Strom'!F7) -> 36475 | H7: =SUM('Ablesewerte Strom'!H7-'Ablesewerte Strom'!G7) -> 104.4 | I7: =SUM('Ablesewerte Strom'!I7-'Ablesewerte Strom'!H7) -> 68.4 | J7: =SUM('Ablesewerte Strom'!J7-'Ablesewerte Strom'!I7) -> 60.6 | K7: =SUM('Ablesewerte Strom'!K7-'Ablesewerte Strom'!J7) -> 70 | L7: =SUM('Ablesewerte Strom'!L7-'Ablesewerte Strom'!K7) -> 82 | ... O7: =SUM('Ablesewerte Strom'!O7-'Ablesewerte Strom'!N7) -> 196.7
A8: Schule** | D8: =SUM('Ablesewerte Strom'!D8-'Ablesewerte Strom'!C8) -> 0 | E8: =SUM('Ablesewerte Strom'!E8-'Ablesewerte Strom'!D8) -> 0 | F8: =SUM('Ablesewerte Strom'!F8-'Ablesewerte Strom'!E8) -> 0 | G8: =SUM('Ablesewerte Strom'!G8-'Ablesewerte Strom'!F8) -> 0 | H8: =SUM('Ablesewerte Strom'!H8-'Ablesewerte Strom'!G8) -> 0 | I8: =SUM('Ablesewerte Strom'!I8-'Ablesewerte Strom'!H8) -> 0 | J8: =SUM('Ablesewerte Strom'!J8-'Ablesewerte Strom'!I8) -> 0 | K8: =SUM('Ablesewerte Strom'!K8-'Ablesewerte Strom'!J8) -> 0 | ... O8: =SUM('Ablesewerte Strom'!O8-'Ablesewerte Strom'!N8) -> 0
A9: UZ P002 | D9: =SUM('Ablesewerte Strom'!D9-'Ablesewerte Strom'!C9) -> 39.81 | E9: =SUM('Ablesewerte Strom'!E9-'Ablesewerte Strom'!D9) -> 37.17 | F9: =SUM('Ablesewerte Strom'!F9-'Ablesewerte Strom'!E9) -> 45.16 | G9: =SUM('Ablesewerte Strom'!G9-'Ablesewerte Strom'!F9) -> 49.19 | H9: =SUM('Ablesewerte Strom'!H9-'Ablesewerte Strom'!G9) -> 32.91 | I9: =SUM('Ablesewerte Strom'!I9-'Ablesewerte Strom'!H9) -> 47.22 | J9: =SUM('Ablesewerte Strom'!J9-'Ablesewerte Strom'!I9) -> 41.71 | K9: =SUM('Ablesewerte Strom'!K9-'Ablesewerte Strom'!J9) -> 62.47 | ... O9: =SUM('Ablesewerte Strom'!O9-'Ablesewerte Strom'!N9) -> 45.52
A10: UZ P003 | D10: =SUM('Ablesewerte Strom'!D10-'Ablesewerte Strom'!C10) -> 30.09 | E10: =SUM('Ablesewerte Strom'!E10-'Ablesewerte Strom'!D10) -> 27.78 | F10: =SUM('Ablesewerte Strom'!F10-'Ablesewerte Strom'!E10) -> 25.76 | G10: =SUM('Ablesewerte Strom'!G10-'Ablesewerte Strom'!F10) -> 25.06 | H10: =SUM('Ablesewerte Strom'!H10-'Ablesewerte Strom'!G10) -> 16.6 | I10: =SUM('Ablesewerte Strom'!I10-'Ablesewerte Strom'!H10) -> 22.58 | J10: =SUM('Ablesewerte Strom'!J10-'Ablesewerte Strom'!I10) -> 19.75 | K10: =SUM('Ablesewerte Strom'!K10-'Ablesewerte Strom'!J10) -> 16.22 | ... O10: =SUM('Ablesewerte Strom'!O10-'Ablesewerte Strom'!N10) -> 28.71
A11: UZ P004 | D11: =SUM('Ablesewerte Strom'!D11-'Ablesewerte Strom'!C11) -> 530.2 | E11: =SUM('Ablesewerte Strom'!E11-'Ablesewerte Strom'!D11) -> 460.4 | F11: =SUM('Ablesewerte Strom'!F11-'Ablesewerte Strom'!E11) -> 453.5 | G11: =SUM('Ablesewerte Strom'!G11-'Ablesewerte Strom'!F11) -> 540.4 | H11: =SUM('Ablesewerte Strom'!H11-'Ablesewerte Strom'!G11) -> 374.3 | I11: =SUM('Ablesewerte Strom'!I11-'Ablesewerte Strom'!H11) -> 453.4 | J11: =SUM('Ablesewerte Strom'!J11-'Ablesewerte Strom'!I11) -> 404.6 | K11: =SUM('Ablesewerte Strom'!K11-'Ablesewerte Strom'!J11) -> 346.4 | ... O11: =SUM('Ablesewerte Strom'!O11-'Ablesewerte Strom'!N11) -> 809.2
A12: UZ P9 | D12: =SUM('Ablesewerte Strom'!D12-'Ablesewerte Strom'!C12) -> 0 | E12: =SUM('Ablesewerte Strom'!E12-'Ablesewerte Strom'!D12) -> 0 | F12: =SUM('Ablesewerte Strom'!F12-'Ablesewerte Strom'!E12) -> 0 | G12: =SUM('Ablesewerte Strom'!G12-'Ablesewerte Strom'!F12) -> 0 | H12: =SUM('Ablesewerte Strom'!H12-'Ablesewerte Strom'!G12) -> 0 | I12: =SUM('Ablesewerte Strom'!I12-'Ablesewerte Strom'!H12) -> 0 | J12: =SUM('Ablesewerte Strom'!J12-'Ablesewerte Strom'!I12) -> 0 | K12: =SUM('Ablesewerte Strom'!K12-'Ablesewerte Strom'!J12) -> 0 | ... O12: =SUM('Ablesewerte Strom'!O12-'Ablesewerte Strom'!N12) -> 0
A13: UZ P10 | D13: =SUM('Ablesewerte Strom'!D13-'Ablesewerte Strom'!C13) -> 800.6 | E13: =SUM('Ablesewerte Strom'!E13-'Ablesewerte Strom'!D13) -> 2.2 | F13: =SUM('Ablesewerte Strom'!F13-'Ablesewerte Strom'!E13) -> 1.4 | G13: =SUM('Ablesewerte Strom'!G13-'Ablesewerte Strom'!F13) -> 3.9 | H13: =SUM('Ablesewerte Strom'!H13-'Ablesewerte Strom'!G13) -> 5.3 | I13: =SUM('Ablesewerte Strom'!I13-'Ablesewerte Strom'!H13) -> 1.4 | J13: =SUM('Ablesewerte Strom'!J13-'Ablesewerte Strom'!I13) -> 1.7 | K13: =SUM('Ablesewerte Strom'!K13-'Ablesewerte Strom'!J13) -> 3.1 | ... O13: =SUM('Ablesewerte Strom'!O13-'Ablesewerte Strom'!N13) -> 0.7
A14: Sporthalle** | D14: =SUM('Ablesewerte Strom'!D14-'Ablesewerte Strom'!C14) -> 0 | E14: =SUM('Ablesewerte Strom'!E14-'Ablesewerte Strom'!D14) -> 0 | F14: =SUM('Ablesewerte Strom'!F14-'Ablesewerte Strom'!E14) -> 0 | G14: =SUM('Ablesewerte Strom'!G14-'Ablesewerte Strom'!F14) -> 0 | H14: =SUM('Ablesewerte Strom'!H14-'Ablesewerte Strom'!G14) -> 0 | I14: =SUM('Ablesewerte Strom'!I14-'Ablesewerte Strom'!H14) -> 0 | J14: =SUM('Ablesewerte Strom'!J14-'Ablesewerte Strom'!I14) -> 0 | K14: =SUM('Ablesewerte Strom'!K14-'Ablesewerte Strom'!J14) -> 0 | ... O14: =SUM('Ablesewerte Strom'!O14-'Ablesewerte Strom'!N14) -> 0
A15: Sporthälle UZ P4 | D15: =SUM('Ablesewerte Strom'!D15-'Ablesewerte Strom'!C15) -> 696.3 | E15: =SUM('Ablesewerte Strom'!E15-'Ablesewerte Strom'!D15) -> 682.5 | F15: =SUM('Ablesewerte Strom'!F15-'Ablesewerte Strom'!E15) -> 719.4 | G15: =SUM('Ablesewerte Strom'!G15-'Ablesewerte Strom'!F15) -> 671.5 | H15: =SUM('Ablesewerte Strom'!H15-'Ablesewerte Strom'!G15) -> 475.2 | I15: =SUM('Ablesewerte Strom'!I15-'Ablesewerte Strom'!H15) -> 495.6 | J15: =SUM('Ablesewerte Strom'!J15-'Ablesewerte Strom'!I15) -> 453.7 | K15: =SUM('Ablesewerte Strom'!K15-'Ablesewerte Strom'!J15) -> 232.8 | ... O15: =SUM('Ablesewerte Strom'!O15-'Ablesewerte Strom'!N15) -> 847.8
A17: nicht abgelesene Werte
A18: Wert stammt aus Abrechnung
A21: 2006
A22: Strom | C22: ='Ablesewerte Strom'!C2 -> Jan | D22: Jan | E22: Feb | F22: Mrz | G22: Apr | H22: Mai | I22: Jun | J22: Jul | K22: Aug | L22: Sep | M22: Okt | N22: Nov | O22: Dez
C23: ='Ablesewerte Strom'!C3 -> 10.1.
A24: Internat | D24: =SUM('Ablesewerte Strom'!D23-'Ablesewerte Strom'!C23) -> 3129.6 | E24: =SUM('Ablesewerte Strom'!E23-'Ablesewerte Strom'!D23) -> 4082.1 | F24: =SUM('Ablesewerte Strom'!F23-'Ablesewerte Strom'!E23) -> 3270.4 | G24: =SUM('Ablesewerte Strom'!G23-'Ablesewerte Strom'!F23) -> 2653.5 | H24: =SUM('Ablesewerte Strom'!H23-'Ablesewerte Strom'!G23) -> 2168.5 | I24: =SUM('Ablesewerte Strom'!I23-'Ablesewerte Strom'!H23) -> 2710.5 | J24: =SUM('Ablesewerte Strom'!J23-'Ablesewerte Strom'!I23) -> 2257.5 | K24: =SUM('Ablesewerte Strom'!K23-'Ablesewerte Strom'!J23) -> 1589 | ... O24: =SUM('Ablesewerte Strom'!O23-'Ablesewerte Strom'!N23) -> 3238.6 | Q24: =SUM(D24:P24) -> 34139.4
A25: UZ Aula * | D25: =SUM('Ablesewerte Strom'!D24-'Ablesewerte Strom'!C24) -> 2255.2 | E25: =SUM('Ablesewerte Strom'!E24-'Ablesewerte Strom'!D24) -> 3108.6 | F25: =SUM('Ablesewerte Strom'!F24-'Ablesewerte Strom'!E24) -> 2321.3 | G25: =SUM('Ablesewerte Strom'!G24-'Ablesewerte Strom'!F24) -> 2086.2 | H25: =SUM('Ablesewerte Strom'!H24-'Ablesewerte Strom'!G24) -> 1454.1 | I25: =SUM('Ablesewerte Strom'!I24-'Ablesewerte Strom'!H24) -> 1905.2 | J25: =SUM('Ablesewerte Strom'!J24-'Ablesewerte Strom'!I24) -> 1389.2 | K25: =SUM('Ablesewerte Strom'!K24-'Ablesewerte Strom'!J24) -> 1177.6 | ... O25: =SUM('Ablesewerte Strom'!O24-'Ablesewerte Strom'!N24) -> 2255.3 | Q25: =SUM(D25:P25) -> 23875.8
A26: L13 Internat | D26: =SUM('Ablesewerte Strom'!D25-'Ablesewerte Strom'!C25) -> 207 | E26: =SUM('Ablesewerte Strom'!E25-'Ablesewerte Strom'!D25) -> 232.7 | F26: =SUM('Ablesewerte Strom'!F25-'Ablesewerte Strom'!E25) -> 216 | G26: =SUM('Ablesewerte Strom'!G25-'Ablesewerte Strom'!F25) -> 110.4 | H26: =SUM('Ablesewerte Strom'!H25-'Ablesewerte Strom'!G25) -> 123.3 | I26: =SUM('Ablesewerte Strom'!I25-'Ablesewerte Strom'!H25) -> 91.7 | J26: =SUM('Ablesewerte Strom'!J25-'Ablesewerte Strom'!I25) -> 22.2 | K26: =SUM('Ablesewerte Strom'!K25-'Ablesewerte Strom'!J25) -> 13.2 | ... O26: =SUM('Ablesewerte Strom'!O25-'Ablesewerte Strom'!N25) -> 159.5 | Q26: =SUM(D26:P26) -> 1637.3
A27: L13 Gemeinschaft | D27: =SUM('Ablesewerte Strom'!D26-'Ablesewerte Strom'!C26) -> 158.5 | E27: =SUM('Ablesewerte Strom'!E26-'Ablesewerte Strom'!D26) -> 253.8 | F27: =SUM('Ablesewerte Strom'!F26-'Ablesewerte Strom'!E26) -> 234.2 | G27: =SUM('Ablesewerte Strom'!G26-'Ablesewerte Strom'!F26) -> 210.7 | H27: =SUM('Ablesewerte Strom'!H26-'Ablesewerte Strom'!G26) -> 193.8 | I27: =SUM('Ablesewerte Strom'!I26-'Ablesewerte Strom'!H26) -> 147.1 | J27: =SUM('Ablesewerte Strom'!J26-'Ablesewerte Strom'!I26) -> 135 | K27: =SUM('Ablesewerte Strom'!K26-'Ablesewerte Strom'!J26) -> 52.4 | ... O27: =SUM('Ablesewerte Strom'!O26-'Ablesewerte Strom'!N26) -> 138.4 | Q27: =SUM(D27:P27) -> 1959.3
A28: Schule** | B28: HT | E28: 13801 | F28: 7220 | G28: 5096 | H28: 6184 | I28: 5396 | J28: 6864 | K28: 6551 | L28: 5070 | M28: 7402 | N28: 7988 | O28: 7384
B29: NT | E29: 3240 | F29: 1735 | G29: 1626 | H29: 1793 | I29: 1748 | J29: 1977 | K29: 1886 | L29: 1672 | M29: 1886 | N29: 1771 | O29: 1735 | Q29: =SUM(E28:O29) -> 100025
A30: UZ P002*** | D30: =SUM('Ablesewerte Strom'!D28-'Ablesewerte Strom'!C28) -> 39.79 | E30: =SUM('Ablesewerte Strom'!E28-'Ablesewerte Strom'!D28) -> 48.18 | F30: =SUM('Ablesewerte Strom'!F28-'Ablesewerte Strom'!E28) -> 50.27 | G30: =SUM('Ablesewerte Strom'!G28-'Ablesewerte Strom'!F28) -> 34.55 | H30: =SUM('Ablesewerte Strom'!H28-'Ablesewerte Strom'!G28) -> 42.14 | I30: =SUM('Ablesewerte Strom'!I28-'Ablesewerte Strom'!H28) -> 46.59 | J30: =SUM('Ablesewerte Strom'!J28-'Ablesewerte Strom'!I28) -> 56.24 | K30: =SUM('Ablesewerte Strom'!K28-'Ablesewerte Strom'!J28) -> 58.54 | ... O30: =SUM('Ablesewerte Strom'!O28-'Ablesewerte Strom'!N28) -> 40.85
A31: UZ P003*** | D31: =SUM('Ablesewerte Strom'!D29-'Ablesewerte Strom'!C29) -> 24.14 | E31: =SUM('Ablesewerte Strom'!E29-'Ablesewerte Strom'!D29) -> 29.04 | F31: =SUM('Ablesewerte Strom'!F29-'Ablesewerte Strom'!E29) -> 27.09 | G31: =SUM('Ablesewerte Strom'!G29-'Ablesewerte Strom'!F29) -> 16.75 | H31: =SUM('Ablesewerte Strom'!H29-'Ablesewerte Strom'!G29) -> 19.92 | I31: =SUM('Ablesewerte Strom'!I29-'Ablesewerte Strom'!H29) -> 20.71 | J31: =SUM('Ablesewerte Strom'!J29-'Ablesewerte Strom'!I29) -> 23.6 | K31: =SUM('Ablesewerte Strom'!K29-'Ablesewerte Strom'!J29) -> 15.35 | ... O31: =SUM('Ablesewerte Strom'!O29-'Ablesewerte Strom'!N29) -> 23.86
A32: UZ P004*** | D32: =SUM('Ablesewerte Strom'!D30-'Ablesewerte Strom'!C30) -> 761.1 | E32: =SUM('Ablesewerte Strom'!E30-'Ablesewerte Strom'!D30) -> 888.7 | F32: =SUM('Ablesewerte Strom'!F30-'Ablesewerte Strom'!E30) -> 802.4 | G32: =SUM('Ablesewerte Strom'!G30-'Ablesewerte Strom'!F30) -> 509.8 | H32: =SUM('Ablesewerte Strom'!H30-'Ablesewerte Strom'!G30) -> 556.3 | I32: =SUM('Ablesewerte Strom'!I30-'Ablesewerte Strom'!H30) -> 508.4 | J32: =SUM('Ablesewerte Strom'!J30-'Ablesewerte Strom'!I30) -> 565.9 | K32: =SUM('Ablesewerte Strom'!K30-'Ablesewerte Strom'!J30) -> 276.5 | ... O32: =SUM('Ablesewerte Strom'!O30-'Ablesewerte Strom'!N30) -> 701.6
A33: UZ P9*** | D33: =SUM('Ablesewerte Strom'!D31-'Ablesewerte Strom'!C31) -> 0 | E33: =SUM('Ablesewerte Strom'!E31-'Ablesewerte Strom'!D31) -> 0 | F33: =SUM('Ablesewerte Strom'!F31-'Ablesewerte Strom'!E31) -> 0 | G33: =SUM('Ablesewerte Strom'!G31-'Ablesewerte Strom'!F31) -> 0 | H33: =SUM('Ablesewerte Strom'!H31-'Ablesewerte Strom'!G31) -> 0 | I33: =SUM('Ablesewerte Strom'!I31-'Ablesewerte Strom'!H31) -> 0 | J33: =SUM('Ablesewerte Strom'!J31-'Ablesewerte Strom'!I31) -> 0 | K33: =SUM('Ablesewerte Strom'!K31-'Ablesewerte Strom'!J31) -> 0 | ... O33: =SUM('Ablesewerte Strom'!O31-'Ablesewerte Strom'!N31) -> 0
A34: UZ P10*** | D34: =SUM('Ablesewerte Strom'!D32-'Ablesewerte Strom'!C32) -> 0.8 | E34: =SUM('Ablesewerte Strom'!E32-'Ablesewerte Strom'!D32) -> 0.7 | F34: =SUM('Ablesewerte Strom'!F32-'Ablesewerte Strom'!E32) -> 1.5 | G34: =SUM('Ablesewerte Strom'!G32-'Ablesewerte Strom'!F32) -> 2.1 | H34: =SUM('Ablesewerte Strom'!H32-'Ablesewerte Strom'!G32) -> 2.6 | I34: =SUM('Ablesewerte Strom'!I32-'Ablesewerte Strom'!H32) -> 2.9 | J34: =SUM('Ablesewerte Strom'!J32-'Ablesewerte Strom'!I32) -> 1.4 | K34: =SUM('Ablesewerte Strom'!K32-'Ablesewerte Strom'!J32) -> 2.9 | ... O34: =SUM('Ablesewerte Strom'!O32-'Ablesewerte Strom'!N32) -> 0.7
A35: Sporthalle** | D35: 3081 | E35: 3240 | F35: 2656 | G35: 1199 | H35: 1231 | I35: 841 | O35: 13837
D36: 808 | E36: 727 | F36: 714 | G36: 394 | H36: 417 | I36: 342 | O36: 3345 | Q36: =SUM(D35:O36) -> 32832
A37: Sporthälle UZ P4*** | D37: =SUM('Ablesewerte Strom'!D34-'Ablesewerte Strom'!C34) -> 561.1 | E37: =SUM('Ablesewerte Strom'!E34-'Ablesewerte Strom'!D34) -> 793.6 | F37: =SUM('Ablesewerte Strom'!F34-'Ablesewerte Strom'!E34) -> 669.3 | G37: =SUM('Ablesewerte Strom'!G34-'Ablesewerte Strom'!F34) -> 616.2 | H37: =SUM('Ablesewerte Strom'!H34-'Ablesewerte Strom'!G34) -> 540.7 | I37: =SUM('Ablesewerte Strom'!I34-'Ablesewerte Strom'!H34) -> 560 | J37: =SUM('Ablesewerte Strom'!J34-'Ablesewerte Strom'!I34) -> 576.2 | K37: =SUM('Ablesewerte Strom'!K34-'Ablesewerte Strom'!J34) -> 458.2 | ... O37: =SUM('Ablesewerte Strom'!O34-'Ablesewerte Strom'!N34) -> 583 | Q37: KWH | R37: =SUM(Q24:Q37) -> 194468.8
A40: 2007
A41: Strom | C41: ='Ablesewerte Strom'!C19 -> 0 | D41: Jan | E41: Feb | F41: Mrz | G41: Apr | H41: Mai | I41: Jun | J41: Jul | K41: Aug | L41: Sep | M41: Okt | N41: Nov | O41: Dez
A43: Internat | D43: =SUM('Ablesewerte Strom'!D42-'Ablesewerte Strom'!C42) -> 4365.8 | E43: =SUM('Ablesewerte Strom'!E42-'Ablesewerte Strom'!D42) -> 3739 | F43: =SUM('Ablesewerte Strom'!F42-'Ablesewerte Strom'!E42) -> 4020.5 | G43: =SUM('Ablesewerte Strom'!G42-'Ablesewerte Strom'!F42) -> 2388.7 | H43: =SUM('Ablesewerte Strom'!H42-'Ablesewerte Strom'!G42) -> 2857.3 | I43: =SUM('Ablesewerte Strom'!I42-'Ablesewerte Strom'!H42) -> 2496.3 | J43: =SUM('Ablesewerte Strom'!J42-'Ablesewerte Strom'!I42) -> 3009.6 | K43: =SUM('Ablesewerte Strom'!K42-'Ablesewerte Strom'!J42) -> 683.9 | ... N43: =SUM('Ablesewerte Strom'!N42-'Ablesewerte Strom'!M42) -> 4393.6 | O43: =SUM('Ablesewerte Strom'!C60-'Ablesewerte Strom'!N42) -> 4384.7 | Q43: =SUM(D43:O43) -> 39895.9
A44: UZ Aula * | D44: =SUM('Ablesewerte Strom'!D43-'Ablesewerte Strom'!C43) -> 3027 | E44: =SUM('Ablesewerte Strom'!E43-'Ablesewerte Strom'!D43) -> 2596.1 | F44: =SUM('Ablesewerte Strom'!F43-'Ablesewerte Strom'!E43) -> 2696.1 | G44: =SUM('Ablesewerte Strom'!G43-'Ablesewerte Strom'!F43) -> 1569 | H44: =SUM('Ablesewerte Strom'!H43-'Ablesewerte Strom'!G43) -> 1877.3 | I44: =SUM('Ablesewerte Strom'!I43-'Ablesewerte Strom'!H43) -> 1573.7 | J44: =SUM('Ablesewerte Strom'!J43-'Ablesewerte Strom'!I43) -> 1962.9 | K44: =SUM('Ablesewerte Strom'!K43-'Ablesewerte Strom'!J43) -> 437.2 | ... N44: =SUM('Ablesewerte Strom'!N43-'Ablesewerte Strom'!M43) -> 3199 | O44: =SUM('Ablesewerte Strom'!C61-'Ablesewerte Strom'!N43) -> 3259.7 | Q44: =SUM(D44:O44) -> 27634.2
A45: L13 Internat | D45: =SUM('Ablesewerte Strom'!D44-'Ablesewerte Strom'!C44) -> 217.5 | E45: =SUM('Ablesewerte Strom'!E44-'Ablesewerte Strom'!D44) -> 169.5 | F45: =SUM('Ablesewerte Strom'!F44-'Ablesewerte Strom'!E44) -> 196.6 | G45: =SUM('Ablesewerte Strom'!G44-'Ablesewerte Strom'!F44) -> 128.3 | H45: =SUM('Ablesewerte Strom'!H44-'Ablesewerte Strom'!G44) -> 132.8 | I45: =SUM('Ablesewerte Strom'!I44-'Ablesewerte Strom'!H44) -> 121.5 | J45: =SUM('Ablesewerte Strom'!J44-'Ablesewerte Strom'!I44) -> 85.3 | K45: =SUM('Ablesewerte Strom'!K44-'Ablesewerte Strom'!J44) -> 3.2 | ... N45: =SUM('Ablesewerte Strom'!N44-'Ablesewerte Strom'!M44) -> 222.2 | O45: =SUM('Ablesewerte Strom'!C62-'Ablesewerte Strom'!N44) -> 186.9 | Q45: =SUM(D45:O45) -> 1782.7
A46: L13 Gemeinschaft | D46: =SUM('Ablesewerte Strom'!D45-'Ablesewerte Strom'!C45) -> 259.3 | E46: =SUM('Ablesewerte Strom'!E45-'Ablesewerte Strom'!D45) -> 166.7 | F46: =SUM('Ablesewerte Strom'!F45-'Ablesewerte Strom'!E45) -> 208.9 | G46: =SUM('Ablesewerte Strom'!G45-'Ablesewerte Strom'!F45) -> 180.6 | H46: =SUM('Ablesewerte Strom'!H45-'Ablesewerte Strom'!G45) -> 188.3 | I46: =SUM('Ablesewerte Strom'!I45-'Ablesewerte Strom'!H45) -> 110.6 | J46: =SUM('Ablesewerte Strom'!J45-'Ablesewerte Strom'!I45) -> 166.8 | K46: =SUM('Ablesewerte Strom'!K45-'Ablesewerte Strom'!J45) -> 84.3 | ... N46: =SUM('Ablesewerte Strom'!N45-'Ablesewerte Strom'!M45) -> 198.8 | O46: =SUM('Ablesewerte Strom'!C63-'Ablesewerte Strom'!N45) -> 297 | Q46: =SUM(D46:O46) -> 2271.3
A47: Schule** | D47: 7747 | E47: 6956 | F47: 7789 | G47: 5322 | H47: 6187 | I47: 6140 | J47: 6794 | K47: 5140 | L47: 6377 | M47: 6934 | N47: 8411 | O47: 7424
D48: 1756 | E48: 1688 | F48: 1802 | G48: 1693 | H48: 1811 | I48: 1819 | J48: 1889 | K48: 1607 | L48: 1756 | M48: 1811 | N48: 1763 | O48: 1786 | Q48: =SUM(D47:O48) -> 102402
A49: UZ P002*** | D49: =SUM('Ablesewerte Strom'!D47-'Ablesewerte Strom'!C47) -> 53.7 | E49: =SUM('Ablesewerte Strom'!E47-'Ablesewerte Strom'!D47) -> 44.63 | F49: =SUM('Ablesewerte Strom'!F47-'Ablesewerte Strom'!E47) -> 53.34 | G49: =SUM('Ablesewerte Strom'!G47-'Ablesewerte Strom'!F47) -> 37.04 | H49: =SUM('Ablesewerte Strom'!H47-'Ablesewerte Strom'!G47) -> 43.94 | I49: =SUM('Ablesewerte Strom'!I47-'Ablesewerte Strom'!H47) -> 46.86 | J49: =SUM('Ablesewerte Strom'!J47-'Ablesewerte Strom'!I47) -> 86.87 | K49: =SUM('Ablesewerte Strom'!K47-'Ablesewerte Strom'!J47) -> 11.9 | ... N49: =SUM('Ablesewerte Strom'!N47-'Ablesewerte Strom'!M47) -> 50.19 | O49: =SUM('Ablesewerte Strom'!C65-'Ablesewerte Strom'!N47) -> 47.84
A50: UZ P003*** | D50: =SUM('Ablesewerte Strom'!D48-'Ablesewerte Strom'!C48) -> 34.79 | E50: =SUM('Ablesewerte Strom'!E48-'Ablesewerte Strom'!D48) -> 28.25 | F50: =SUM('Ablesewerte Strom'!F48-'Ablesewerte Strom'!E48) -> 30.67 | G50: =SUM('Ablesewerte Strom'!G48-'Ablesewerte Strom'!F48) -> 17.09 | H50: =SUM('Ablesewerte Strom'!H48-'Ablesewerte Strom'!G48) -> 20.93 | I50: =SUM('Ablesewerte Strom'!I48-'Ablesewerte Strom'!H48) -> 20.28 | J50: =SUM('Ablesewerte Strom'!J48-'Ablesewerte Strom'!I48) -> 26.29 | K50: =SUM('Ablesewerte Strom'!K48-'Ablesewerte Strom'!J48) -> 4.72 | ... N50: =SUM('Ablesewerte Strom'!N48-'Ablesewerte Strom'!M48) -> 30.55 | O50: =SUM('Ablesewerte Strom'!C66-'Ablesewerte Strom'!N48) -> 28.35
A51: UZ P004*** | D51: =SUM('Ablesewerte Strom'!D49-'Ablesewerte Strom'!C49) -> 1000.8 | E51: =SUM('Ablesewerte Strom'!E49-'Ablesewerte Strom'!D49) -> 769.3 | F51: =SUM('Ablesewerte Strom'!F49-'Ablesewerte Strom'!E49) -> 733.3 | G51: =SUM('Ablesewerte Strom'!G49-'Ablesewerte Strom'!F49) -> 456.3 | H51: =SUM('Ablesewerte Strom'!H49-'Ablesewerte Strom'!G49) -> 583.7 | I51: =SUM('Ablesewerte Strom'!I49-'Ablesewerte Strom'!H49) -> 479.3 | J51: =SUM('Ablesewerte Strom'!J49-'Ablesewerte Strom'!I49) -> 688.6 | K51: =SUM('Ablesewerte Strom'!K49-'Ablesewerte Strom'!J49) -> 182.2 | ... N51: =SUM('Ablesewerte Strom'!N49-'Ablesewerte Strom'!M49) -> 1170.4 | O51: =SUM('Ablesewerte Strom'!C67-'Ablesewerte Strom'!N49) -> 1041.6
A52: UZ P9*** | D52: =SUM('Ablesewerte Strom'!D50-'Ablesewerte Strom'!C50) -> 0 | E52: =SUM('Ablesewerte Strom'!E50-'Ablesewerte Strom'!D50) -> 0 | F52: =SUM('Ablesewerte Strom'!F50-'Ablesewerte Strom'!E50) -> 0 | G52: =SUM('Ablesewerte Strom'!G50-'Ablesewerte Strom'!F50) -> 0 | H52: =SUM('Ablesewerte Strom'!H50-'Ablesewerte Strom'!G50) -> 0 | I52: =SUM('Ablesewerte Strom'!I50-'Ablesewerte Strom'!H50) -> 0 | J52: =SUM('Ablesewerte Strom'!J50-'Ablesewerte Strom'!I50) -> 0 | K52: =SUM('Ablesewerte Strom'!K50-'Ablesewerte Strom'!J50) -> 0 | ... N52: =SUM('Ablesewerte Strom'!N50-'Ablesewerte Strom'!M50) -> 0 | O52: =SUM('Ablesewerte Strom'!C68-'Ablesewerte Strom'!N50) -> 0
A53: UZ P10*** | D53: =SUM('Ablesewerte Strom'!D51-'Ablesewerte Strom'!C51) -> 3.7 | E53: =SUM('Ablesewerte Strom'!E51-'Ablesewerte Strom'!D51) -> 1.2 | F53: =SUM('Ablesewerte Strom'!F51-'Ablesewerte Strom'!E51) -> 0.8 | G53: =SUM('Ablesewerte Strom'!G51-'Ablesewerte Strom'!F51) -> 3.1 | H53: =SUM('Ablesewerte Strom'!H51-'Ablesewerte Strom'!G51) -> 0.4 | I53: =SUM('Ablesewerte Strom'!I51-'Ablesewerte Strom'!H51) -> 0.8 | J53: =SUM('Ablesewerte Strom'!J51-'Ablesewerte Strom'!I51) -> 0.4 | K53: =SUM('Ablesewerte Strom'!K51-'Ablesewerte Strom'!J51) -> 1 | ... N53: =SUM('Ablesewerte Strom'!N51-'Ablesewerte Strom'!M51) -> 2.2 | O53: =SUM('Ablesewerte Strom'!C69-'Ablesewerte Strom'!N51) -> 0.7
A54: Sporthalle** | O54: 31523
O55: 8110 | Q55: =SUM(D54:O55) -> 39633
A56: Sporthälle UZ P4*** | D56: =SUM('Ablesewerte Strom'!D53-'Ablesewerte Strom'!C53) -> 1246.7 | E56: =SUM('Ablesewerte Strom'!E53-'Ablesewerte Strom'!D53) -> 1050.8 | F56: =SUM('Ablesewerte Strom'!F53-'Ablesewerte Strom'!E53) -> 1185.1 | G56: =SUM('Ablesewerte Strom'!G53-'Ablesewerte Strom'!F53) -> 960.9 | H56: =SUM('Ablesewerte Strom'!H53-'Ablesewerte Strom'!G53) -> 1336.3 | I56: =SUM('Ablesewerte Strom'!I53-'Ablesewerte Strom'!H53) -> 1011.4 | J56: =SUM('Ablesewerte Strom'!J53-'Ablesewerte Strom'!I53) -> 1121.1 | K56: =SUM('Ablesewerte Strom'!K53-'Ablesewerte Strom'!J53) -> 320.5 | ... N56: =SUM('Ablesewerte Strom'!N53-'Ablesewerte Strom'!M53) -> 1016.7 | O56: =SUM('Ablesewerte Strom'!C71-'Ablesewerte Strom'!N53) -> 1318.4 | Q56: KWH | R56: =SUM(Q43:Q55) -> 213619.1
A59: ** - lassen sich nicht ablesen
A60: *** - Unterzähler
A63: 2008
A64: Strom | D64: Jan | E64: Feb | F64: Mrz | G64: Apr | H64: Mai | I64: Jun | J64: Jul | K64: Aug | L64: Sep | M64: Okt | N64: Nov | O64: Dez
A66: Internat | D66: =SUM('Ablesewerte Strom'!D60-'Ablesewerte Strom'!C60) -> 3887.8 | E66: =SUM('Ablesewerte Strom'!E60-'Ablesewerte Strom'!D60) -> 3814 | F66: =SUM('Ablesewerte Strom'!F60-'Ablesewerte Strom'!E60) -> 2980.5 | G66: =SUM('Ablesewerte Strom'!G60-'Ablesewerte Strom'!F60) -> 4143.7 | H66: =SUM('Ablesewerte Strom'!H60-'Ablesewerte Strom'!G60) -> 2471.9 | I66: =SUM('Ablesewerte Strom'!I60-'Ablesewerte Strom'!H60) -> 2812.3 | J66: =SUM('Ablesewerte Strom'!J60-'Ablesewerte Strom'!I60) -> 2675.7 | K66: =SUM('Ablesewerte Strom'!K60-'Ablesewerte Strom'!J60) -> 1118.6 | ... O66: =SUM('Ablesewerte Strom'!O60-'Ablesewerte Strom'!N60) -> 2587.3 | Q66: =SUM(D66:O66) -> 36159.9
A67: UZ Aula * | D67: =SUM('Ablesewerte Strom'!D61-'Ablesewerte Strom'!C61) -> 2663.9 | E67: =SUM('Ablesewerte Strom'!E61-'Ablesewerte Strom'!D61) -> 2724.3 | F67: =SUM('Ablesewerte Strom'!F61-'Ablesewerte Strom'!E61) -> 2103 | G67: =SUM('Ablesewerte Strom'!G61-'Ablesewerte Strom'!F61) -> 2842.1 | H67: =SUM('Ablesewerte Strom'!H61-'Ablesewerte Strom'!G61) -> 1571.9 | I67: =SUM('Ablesewerte Strom'!I61-'Ablesewerte Strom'!H61) -> 1622.8 | J67: =SUM('Ablesewerte Strom'!J61-'Ablesewerte Strom'!I61) -> 1571.6 | K67: =SUM('Ablesewerte Strom'!K61-'Ablesewerte Strom'!J61) -> 672.4 | ... O67: =SUM('Ablesewerte Strom'!O61-'Ablesewerte Strom'!N61) -> 1624.4 | Q67: =SUM(D67:O67) -> 23403.7 | S67: =Q66-Q67 -> 12756.2
A68: L13 Internat | D68: =SUM('Ablesewerte Strom'!D62-'Ablesewerte Strom'!C62) -> 213.3 | E68: =SUM('Ablesewerte Strom'!E62-'Ablesewerte Strom'!D62) -> 161 | F68: =SUM('Ablesewerte Strom'!F62-'Ablesewerte Strom'!E62) -> 94.3 | G68: =SUM('Ablesewerte Strom'!G62-'Ablesewerte Strom'!F62) -> 120.5 | H68: =SUM('Ablesewerte Strom'!H62-'Ablesewerte Strom'!G62) -> 72.9 | I68: =SUM('Ablesewerte Strom'!I62-'Ablesewerte Strom'!H62) -> 80.8 | J68: =SUM('Ablesewerte Strom'!J62-'Ablesewerte Strom'!I62) -> 59.4 | K68: =SUM('Ablesewerte Strom'!K62-'Ablesewerte Strom'!J62) -> 25.5 | ... O68: =SUM('Ablesewerte Strom'!O62-'Ablesewerte Strom'!N62) -> 106.9 | Q68: =SUM(D68:O68) -> 1340.8
A69: L13 Gemeinschaft | D69: =SUM('Ablesewerte Strom'!D63-'Ablesewerte Strom'!C63) -> 209.9 | E69: =SUM('Ablesewerte Strom'!E63-'Ablesewerte Strom'!D63) -> 260.7 | F69: =SUM('Ablesewerte Strom'!F63-'Ablesewerte Strom'!E63) -> 215.9 | G69: =SUM('Ablesewerte Strom'!G63-'Ablesewerte Strom'!F63) -> 246.7 | H69: =SUM('Ablesewerte Strom'!H63-'Ablesewerte Strom'!G63) -> 268.4 | I69: =SUM('Ablesewerte Strom'!I63-'Ablesewerte Strom'!H63) -> 173.8 | J69: =SUM('Ablesewerte Strom'!J63-'Ablesewerte Strom'!I63) -> 203.7 | K69: =SUM('Ablesewerte Strom'!K63-'Ablesewerte Strom'!J63) -> 172.4 | ... O69: =SUM('Ablesewerte Strom'!O63-'Ablesewerte Strom'!N63) -> 151 | Q69: =SUM(D69:O69) -> 2503.4
A70: Schule** | D70: 8160 | E70: 6780 | F70: 5996 | G70: 8750 | H70: 5483 | I70: 7982 | J70: 6725 | K70: 5927 | L70: 7421 | M70: 7688 | N70: 8766 | O70: 7440
D71: 1783 | E71: 1692 | F71: 1738 | G71: 1789 | H71: 1813 | I71: 1982 | J71: 1954 | K71: 1812 | L71: 1744 | M71: 1661 | N71: 1510 | O71: 1423 | Q71: =SUM(D70:O71) -> 108019
A72: UZ P002*** | D72: =SUM('Ablesewerte Strom'!D65-'Ablesewerte Strom'!C65) -> 47.64 | E72: =SUM('Ablesewerte Strom'!E65-'Ablesewerte Strom'!D65) -> 46.35 | F72: =SUM('Ablesewerte Strom'!F65-'Ablesewerte Strom'!E65) -> 38.18 | G72: =SUM('Ablesewerte Strom'!G65-'Ablesewerte Strom'!F65) -> 67.38 | H72: =SUM('Ablesewerte Strom'!H65-'Ablesewerte Strom'!G65) -> 47 | I72: =SUM('Ablesewerte Strom'!I65-'Ablesewerte Strom'!H65) -> 73.67 | J72: =SUM('Ablesewerte Strom'!J65-'Ablesewerte Strom'!I65) -> 63.56 | K72: =SUM('Ablesewerte Strom'!K65-'Ablesewerte Strom'!J65) -> 48.99 | ... O72: =SUM('Ablesewerte Strom'!O65-'Ablesewerte Strom'!N65) -> 45.14
A73: UZ P003*** | D73: =SUM('Ablesewerte Strom'!D66-'Ablesewerte Strom'!C66) -> 28.08 | E73: =SUM('Ablesewerte Strom'!E66-'Ablesewerte Strom'!D66) -> 27.17 | F73: =SUM('Ablesewerte Strom'!F66-'Ablesewerte Strom'!E66) -> 20.1 | G73: =SUM('Ablesewerte Strom'!G66-'Ablesewerte Strom'!F66) -> 28.35 | H73: =SUM('Ablesewerte Strom'!H66-'Ablesewerte Strom'!G66) -> 17.88 | I73: =SUM('Ablesewerte Strom'!I66-'Ablesewerte Strom'!H66) -> 23.51 | J73: =SUM('Ablesewerte Strom'!J66-'Ablesewerte Strom'!I66) -> 22.76 | K73: =SUM('Ablesewerte Strom'!K66-'Ablesewerte Strom'!J66) -> 15.07 | ... O73: =SUM('Ablesewerte Strom'!O66-'Ablesewerte Strom'!N66) -> 23.69
A74: UZ P004*** | D74: =SUM('Ablesewerte Strom'!D67-'Ablesewerte Strom'!C67) -> 1171.1 | E74: =SUM('Ablesewerte Strom'!E67-'Ablesewerte Strom'!D67) -> 960.3 | F74: =SUM('Ablesewerte Strom'!F67-'Ablesewerte Strom'!E67) -> 746.5 | G74: =SUM('Ablesewerte Strom'!G67-'Ablesewerte Strom'!F67) -> 1055.6 | H74: =SUM('Ablesewerte Strom'!H67-'Ablesewerte Strom'!G67) -> 541.5 | I74: =SUM('Ablesewerte Strom'!I67-'Ablesewerte Strom'!H67) -> 663.6 | J74: =SUM('Ablesewerte Strom'!J67-'Ablesewerte Strom'!I67) -> 486.2 | K74: =SUM('Ablesewerte Strom'!K67-'Ablesewerte Strom'!J67) -> 317.5 | ... O74: =SUM('Ablesewerte Strom'!O67-'Ablesewerte Strom'!N67) -> 867 | P74: =SUM(D74:O74) -> 9935 | S74: =Q71-P74 -> 98084
A75: UZ P9*** | D75: =SUM('Ablesewerte Strom'!D68-'Ablesewerte Strom'!C68) -> 0 | E75: =SUM('Ablesewerte Strom'!E68-'Ablesewerte Strom'!D68) -> 0 | F75: =SUM('Ablesewerte Strom'!F68-'Ablesewerte Strom'!E68) -> 0 | G75: =SUM('Ablesewerte Strom'!G68-'Ablesewerte Strom'!F68) -> 0 | H75: =SUM('Ablesewerte Strom'!H68-'Ablesewerte Strom'!G68) -> 0 | I75: =SUM('Ablesewerte Strom'!I68-'Ablesewerte Strom'!H68) -> 0 | J75: =SUM('Ablesewerte Strom'!J68-'Ablesewerte Strom'!I68) -> 0 | K75: =SUM('Ablesewerte Strom'!K68-'Ablesewerte Strom'!J68) -> 0 | ... O75: =SUM('Ablesewerte Strom'!O68-'Ablesewerte Strom'!N68) -> 0
A76: UZ P10*** | D76: =SUM('Ablesewerte Strom'!D69-'Ablesewerte Strom'!C69) -> 55.6 | E76: =SUM('Ablesewerte Strom'!E69-'Ablesewerte Strom'!D69) -> 11.9 | F76: =SUM('Ablesewerte Strom'!F69-'Ablesewerte Strom'!E69) -> 8.2 | G76: =SUM('Ablesewerte Strom'!G69-'Ablesewerte Strom'!F69) -> 1.2 | H76: =SUM('Ablesewerte Strom'!H69-'Ablesewerte Strom'!G69) -> 2.2 | I76: =SUM('Ablesewerte Strom'!I69-'Ablesewerte Strom'!H69) -> 1.3 | J76: =SUM('Ablesewerte Strom'!J69-'Ablesewerte Strom'!I69) -> 1.6 | K76: =SUM('Ablesewerte Strom'!K69-'Ablesewerte Strom'!J69) -> 0.3 | ... O76: =SUM('Ablesewerte Strom'!O69-'Ablesewerte Strom'!N69) -> 0.5
A77: Sporthalle** | O77: 30816
O78: 7765 | Q78: =SUM(D77:O78) -> 38581
A79: Sporthälle UZ P4*** | D79: =SUM('Ablesewerte Strom'!D71-'Ablesewerte Strom'!C71) -> 1042.3 | E79: =SUM('Ablesewerte Strom'!E71-'Ablesewerte Strom'!D71) -> 1262.6 | F79: =SUM('Ablesewerte Strom'!F71-'Ablesewerte Strom'!E71) -> 1116.3 | G79: =SUM('Ablesewerte Strom'!G71-'Ablesewerte Strom'!F71) -> 1088.8 | H79: =SUM('Ablesewerte Strom'!H71-'Ablesewerte Strom'!G71) -> 1223.4 | I79: =SUM('Ablesewerte Strom'!I71-'Ablesewerte Strom'!H71) -> 1196.5 | J79: =SUM('Ablesewerte Strom'!J71-'Ablesewerte Strom'!I71) -> 1570.1 | K79: =SUM('Ablesewerte Strom'!K71-'Ablesewerte Strom'!J71) -> 876 | ... O79: =SUM('Ablesewerte Strom'!O71-'Ablesewerte Strom'!N71) -> 1104 | Q79: KWH | R79: =SUM(Q66:Q78) -> 210007.8
A84: 2009
A85: Strom | D85: Jan | E85: Feb | F85: Mrz | G85: Apr | H85: Mai | I85: Jun | J85: Jul | K85: Aug | L85: Sep | M85: Okt | N85: Nov | O85: Dez
A87: Internat | D87: =SUM('Ablesewerte Strom'!D79-'Ablesewerte Strom'!C79) -> 4406 | E87: =SUM('Ablesewerte Strom'!E79-'Ablesewerte Strom'!D79) -> 3120.2 | F87: =SUM('Ablesewerte Strom'!F79-'Ablesewerte Strom'!E79) -> 4190.7 | G87: =SUM('Ablesewerte Strom'!G79-'Ablesewerte Strom'!F79) -> 2086.4 | H87: =SUM('Ablesewerte Strom'!H79-'Ablesewerte Strom'!G79) -> 2699.3 | I87: =SUM('Ablesewerte Strom'!I79-'Ablesewerte Strom'!H79) -> 2224.6 | J87: =SUM('Ablesewerte Strom'!J79-'Ablesewerte Strom'!I79) -> 2317.9 | K87: =SUM('Ablesewerte Strom'!K79-'Ablesewerte Strom'!J79) -> 1346.8 | ... O87: =SUM('Ablesewerte Strom'!O79-'Ablesewerte Strom'!N79) -> 3000.7 | Q87: =SUM(D87:O87) -> 35482.6
A88: UZ Aula * | D88: =SUM('Ablesewerte Strom'!D80-'Ablesewerte Strom'!C80) -> 3106.6 | E88: =SUM('Ablesewerte Strom'!E80-'Ablesewerte Strom'!D80) -> 2018.7 | F88: =SUM('Ablesewerte Strom'!F80-'Ablesewerte Strom'!E80) -> 2765.5 | G88: =SUM('Ablesewerte Strom'!G80-'Ablesewerte Strom'!F80) -> 1196.4 | H88: =SUM('Ablesewerte Strom'!H80-'Ablesewerte Strom'!G80) -> 1742.5 | I88: =SUM('Ablesewerte Strom'!I80-'Ablesewerte Strom'!H80) -> 1202 | J88: =SUM('Ablesewerte Strom'!J80-'Ablesewerte Strom'!I80) -> 1360.3 | K88: =SUM('Ablesewerte Strom'!K80-'Ablesewerte Strom'!J80) -> 709.1 | ... O88: =SUM('Ablesewerte Strom'!O80-'Ablesewerte Strom'!N80) -> 1989.6 | Q88: =SUM(D88:O88) -> 22848.4 | S88: =Q87-Q88 -> 12634.2
A89: L13 Internat | D89: =SUM('Ablesewerte Strom'!D81-'Ablesewerte Strom'!C81) -> 141.9 | E89: =SUM('Ablesewerte Strom'!E81-'Ablesewerte Strom'!D81) -> 137.1 | F89: =SUM('Ablesewerte Strom'!F81-'Ablesewerte Strom'!E81) -> 194.5 | G89: =SUM('Ablesewerte Strom'!G81-'Ablesewerte Strom'!F81) -> 84.2 | H89: =SUM('Ablesewerte Strom'!H81-'Ablesewerte Strom'!G81) -> 116.6 | I89: =SUM('Ablesewerte Strom'!I81-'Ablesewerte Strom'!H81) -> 135.1 | J89: =SUM('Ablesewerte Strom'!J81-'Ablesewerte Strom'!I81) -> 67.1 | K89: =SUM('Ablesewerte Strom'!K81-'Ablesewerte Strom'!J81) -> 3 | ... O89: =SUM('Ablesewerte Strom'!O81-'Ablesewerte Strom'!N81) -> 201.8 | Q89: =SUM(D89:O89) -> 1666.4
A90: L13 Gemeinschaft | D90: =SUM('Ablesewerte Strom'!D82-'Ablesewerte Strom'!C82) -> 283.2 | E90: =SUM('Ablesewerte Strom'!E82-'Ablesewerte Strom'!D82) -> 192.9 | F90: =SUM('Ablesewerte Strom'!F82-'Ablesewerte Strom'!E82) -> 203.7 | G90: =SUM('Ablesewerte Strom'!G82-'Ablesewerte Strom'!F82) -> 134.2 | H90: =SUM('Ablesewerte Strom'!H82-'Ablesewerte Strom'!G82) -> 142.5 | I90: =SUM('Ablesewerte Strom'!I82-'Ablesewerte Strom'!H82) -> 126.5 | J90: =SUM('Ablesewerte Strom'!J82-'Ablesewerte Strom'!I82) -> 121.8 | K90: =SUM('Ablesewerte Strom'!K82-'Ablesewerte Strom'!J82) -> 135.5 | ... O90: =SUM('Ablesewerte Strom'!O82-'Ablesewerte Strom'!N82) -> 107.6 | Q90: =SUM(D90:O90) -> 1860.6
A91: Schule** | D91: 7120 | E91: 6955 | F91: 8959 | G91: 6426 | H91: 5870 | I91: 6866 | J91: 7150 | K91: 5923 | L91: 6308 | M91: 7897 | N91: 10249 | O91: 9032
D92: 1427 | E92: 1370 | F92: 1580 | G92: 1541 | H92: 1475 | I92: 1531 | J92: 1656 | K92: 1404 | L92: 1606 | M92: 1714 | N92: 2027 | O92: 2117 | Q92: =SUM(D91:O92) -> 108203
A93: UZ P002*** | D93: =SUM('Ablesewerte Strom'!D84-'Ablesewerte Strom'!C84) -> 53.57 | E93: =SUM('Ablesewerte Strom'!E84-'Ablesewerte Strom'!D84) -> 51.8 | F93: =SUM('Ablesewerte Strom'!F84-'Ablesewerte Strom'!E84) -> 72.3 | G93: =SUM('Ablesewerte Strom'!G84-'Ablesewerte Strom'!F84) -> 52.74 | H93: =SUM('Ablesewerte Strom'!H84-'Ablesewerte Strom'!G84) -> 55.63 | I93: =SUM('Ablesewerte Strom'!I84-'Ablesewerte Strom'!H84) -> 66.65 | J93: =SUM('Ablesewerte Strom'!J84-'Ablesewerte Strom'!I84) -> 62.22 | K93: =SUM('Ablesewerte Strom'!K84-'Ablesewerte Strom'!J84) -> 70.35 | ... O93: =SUM('Ablesewerte Strom'!O84-'Ablesewerte Strom'!N84) -> 57.89 | P93: =SUM(D93:O93) -> 734.44
A94: UZ P003*** | D94: =SUM('Ablesewerte Strom'!D85-'Ablesewerte Strom'!C85) -> 31.38 | E94: =SUM('Ablesewerte Strom'!E85-'Ablesewerte Strom'!D85) -> 24.75 | F94: =SUM('Ablesewerte Strom'!F85-'Ablesewerte Strom'!E85) -> 32.28 | G94: =SUM('Ablesewerte Strom'!G85-'Ablesewerte Strom'!F85) -> 20.62 | H94: =SUM('Ablesewerte Strom'!H85-'Ablesewerte Strom'!G85) -> 20.75 | I94: =SUM('Ablesewerte Strom'!I85-'Ablesewerte Strom'!H85) -> 23.36 | J94: =SUM('Ablesewerte Strom'!J85-'Ablesewerte Strom'!I85) -> 22.96 | K94: =SUM('Ablesewerte Strom'!K85-'Ablesewerte Strom'!J85) -> -23.21 | ... O94: =SUM('Ablesewerte Strom'!O85-'Ablesewerte Strom'!N85) -> 27.16 | P94: =SUM(D94:O94) -> 299.2
A95: UZ P004*** | D95: =SUM('Ablesewerte Strom'!D86-'Ablesewerte Strom'!C86) -> 1186.1 | E95: =SUM('Ablesewerte Strom'!E86-'Ablesewerte Strom'!D86) -> 370.1 | F95: =SUM('Ablesewerte Strom'!F86-'Ablesewerte Strom'!E86) -> 1763.7 | G95: =SUM('Ablesewerte Strom'!G86-'Ablesewerte Strom'!F86) -> 690.3 | H95: =SUM('Ablesewerte Strom'!H86-'Ablesewerte Strom'!G86) -> 717.9 | I95: =SUM('Ablesewerte Strom'!I86-'Ablesewerte Strom'!H86) -> 689.2 | J95: =SUM('Ablesewerte Strom'!J86-'Ablesewerte Strom'!I86) -> 678.3 | K95: =SUM('Ablesewerte Strom'!K86-'Ablesewerte Strom'!J86) -> 402.8 | ... O95: =SUM('Ablesewerte Strom'!O86-'Ablesewerte Strom'!N86) -> 1030.9 | P95: =SUM(D95:O95) -> 10655.6 | S95: =Q92-P95 -> 97547.4
A96: UZ P9*** | D96: =SUM('Ablesewerte Strom'!D87-'Ablesewerte Strom'!C87) -> 0 | E96: =SUM('Ablesewerte Strom'!E87-'Ablesewerte Strom'!D87) -> 0 | F96: =SUM('Ablesewerte Strom'!F87-'Ablesewerte Strom'!E87) -> 0 | G96: =SUM('Ablesewerte Strom'!G87-'Ablesewerte Strom'!F87) -> 0 | H96: =SUM('Ablesewerte Strom'!H87-'Ablesewerte Strom'!G87) -> 0 | I96: =SUM('Ablesewerte Strom'!I87-'Ablesewerte Strom'!H87) -> 0 | J96: =SUM('Ablesewerte Strom'!J87-'Ablesewerte Strom'!I87) -> -0.9 | K96: =SUM('Ablesewerte Strom'!K87-'Ablesewerte Strom'!J87) -> 2.1 | ... O96: =SUM('Ablesewerte Strom'!O87-'Ablesewerte Strom'!N87) -> 817.6 | P96: =SUM(D96:O96) -> 1336.4
A97: UZ P10*** | D97: =SUM('Ablesewerte Strom'!D88-'Ablesewerte Strom'!C88) -> 0.7 | E97: =SUM('Ablesewerte Strom'!E88-'Ablesewerte Strom'!D88) -> 0.9 | F97: =SUM('Ablesewerte Strom'!F88-'Ablesewerte Strom'!E88) -> 0.9 | G97: =SUM('Ablesewerte Strom'!G88-'Ablesewerte Strom'!F88) -> 0.4 | H97: =SUM('Ablesewerte Strom'!H88-'Ablesewerte Strom'!G88) -> 18.5 | I97: =SUM('Ablesewerte Strom'!I88-'Ablesewerte Strom'!H88) -> 0.5 | J97: =SUM('Ablesewerte Strom'!J88-'Ablesewerte Strom'!I88) -> 7.1 | K97: =SUM('Ablesewerte Strom'!K88-'Ablesewerte Strom'!J88) -> 3.3 | ... O97: =SUM('Ablesewerte Strom'!O88-'Ablesewerte Strom'!N88) -> 508.3 | P97: =SUM(D97:O97) -> 1847.7
A98: Sporthalle** | O98: 33505
O99: 7659 | Q99: =SUM(D98:O99) -> 41164
A100: Sporthälle UZ P4*** | D100: =SUM('Ablesewerte Strom'!D90-'Ablesewerte Strom'!C90) -> 1827.5 | E100: =SUM('Ablesewerte Strom'!E90-'Ablesewerte Strom'!D90) -> 1459 | F100: =SUM('Ablesewerte Strom'!F90-'Ablesewerte Strom'!E90) -> 1626.8 | G100: =SUM('Ablesewerte Strom'!G90-'Ablesewerte Strom'!F90) -> 1579.1 | H100: =SUM('Ablesewerte Strom'!H90-'Ablesewerte Strom'!G90) -> 1325.4 | I100: =SUM('Ablesewerte Strom'!I90-'Ablesewerte Strom'!H90) -> 1447.1 | J100: =SUM('Ablesewerte Strom'!J90-'Ablesewerte Strom'!I90) -> 1331.7 | K100: =SUM('Ablesewerte Strom'!K90-'Ablesewerte Strom'!J90) -> 1660.8 | ... O100: =SUM('Ablesewerte Strom'!O90-'Ablesewerte Strom'!N90) -> 1002.2 | P100: =SUM(D100:O100) -> 17502.8 | Q100: KWH | R100: =SUM(Q87:Q99) -> 211225
A105: 2010
A106: Strom | D106: Jan | E106: Feb | F106: Mrz | G106: Apr | H106: Mai | I106: Jun | J106: Jul | K106: Aug | L106: Sep | M106: Okt | N106: Nov | O106: Dez
A108: Internat | D108: =SUM('Ablesewerte Strom'!D98-'Ablesewerte Strom'!C98) -> 4818 | E108: =SUM('Ablesewerte Strom'!E98-'Ablesewerte Strom'!D98) -> 3391.8 | F108: =SUM('Ablesewerte Strom'!F98-'Ablesewerte Strom'!E98) -> 4176.4 | G108: =SUM('Ablesewerte Strom'!G98-'Ablesewerte Strom'!F98) -> 3016.3 | H108: =SUM('Ablesewerte Strom'!H98-'Ablesewerte Strom'!G98) -> 2245.9 | I108: =SUM('Ablesewerte Strom'!I98-'Ablesewerte Strom'!H98) -> 3333.4 | J108: =SUM('Ablesewerte Strom'!J98-'Ablesewerte Strom'!I98) -> 3037.5 | K108: =SUM('Ablesewerte Strom'!K98-'Ablesewerte Strom'!J98) -> 1819.2 | ... O108: =SUM('Ablesewerte Strom'!O98-'Ablesewerte Strom'!N98) -> 3524.7 | Q108: =SUM(D108:O108) -> 39900.1
A109: UZ Aula * | D109: =SUM('Ablesewerte Strom'!D99-'Ablesewerte Strom'!C99) -> 3545.3 | E109: =SUM('Ablesewerte Strom'!E99-'Ablesewerte Strom'!D99) -> 2272.6 | F109: =SUM('Ablesewerte Strom'!F99-'Ablesewerte Strom'!E99) -> 3012.9 | G109: =SUM('Ablesewerte Strom'!G99-'Ablesewerte Strom'!F99) -> 2003.9 | H109: =SUM('Ablesewerte Strom'!H99-'Ablesewerte Strom'!G99) -> 1547.2 | I109: =SUM('Ablesewerte Strom'!I99-'Ablesewerte Strom'!H99) -> 2082.8 | J109: =SUM('Ablesewerte Strom'!J99-'Ablesewerte Strom'!I99) -> 2035.9 | K109: =SUM('Ablesewerte Strom'!K99-'Ablesewerte Strom'!J99) -> 1154.3 | ... O109: =SUM('Ablesewerte Strom'!O99-'Ablesewerte Strom'!N99) -> 2412.1 | Q109: =SUM(D109:O109) -> 27326.3 | S109: =Q108-Q109 -> 12573.8
A110: L13 Internat | D110: =SUM('Ablesewerte Strom'!D100-'Ablesewerte Strom'!C100) -> 229.9 | E110: =SUM('Ablesewerte Strom'!E100-'Ablesewerte Strom'!D100) -> 191.4 | F110: =SUM('Ablesewerte Strom'!F100-'Ablesewerte Strom'!E100) -> 224.2 | G110: =SUM('Ablesewerte Strom'!G100-'Ablesewerte Strom'!F100) -> 170.2 | H110: =SUM('Ablesewerte Strom'!H100-'Ablesewerte Strom'!G100) -> 106.9 | I110: =SUM('Ablesewerte Strom'!I100-'Ablesewerte Strom'!H100) -> 142.4 | J110: =SUM('Ablesewerte Strom'!J100-'Ablesewerte Strom'!I100) -> 4.1 | K110: =SUM('Ablesewerte Strom'!K100-'Ablesewerte Strom'!J100) -> 36.4 | ... O110: =SUM('Ablesewerte Strom'!O100-'Ablesewerte Strom'!N100) -> 54.8 | Q110: =SUM(D110:O110) -> 1391.2
A111: L13 Gemeinschaft | D111: =SUM('Ablesewerte Strom'!D101-'Ablesewerte Strom'!C101) -> 183.6 | E111: =SUM('Ablesewerte Strom'!E101-'Ablesewerte Strom'!D101) -> 128.5 | F111: =SUM('Ablesewerte Strom'!F101-'Ablesewerte Strom'!E101) -> 154.9 | G111: =SUM('Ablesewerte Strom'!G101-'Ablesewerte Strom'!F101) -> 141.4 | H111: =SUM('Ablesewerte Strom'!H101-'Ablesewerte Strom'!G101) -> 77.4 | I111: =SUM('Ablesewerte Strom'!I101-'Ablesewerte Strom'!H101) -> 183 | J111: =SUM('Ablesewerte Strom'!J101-'Ablesewerte Strom'!I101) -> 122.4 | K111: =SUM('Ablesewerte Strom'!K101-'Ablesewerte Strom'!J101) -> 133.4 | ... O111: =SUM('Ablesewerte Strom'!O101-'Ablesewerte Strom'!N101) -> 181.1 | Q111: =SUM(D111:O111) -> 1827.5
A112: Schule** | D112: 8505 | E112: 7995 | F112: 8257 | G112: 6271 | H112: 5865 | I112: 6821 | J112: 6712 | K112: 5956 | L112: 6505 | M112: 9568 | N112: 9023 | O112: 8117
D113: 1918 | E113: 1804 | F113: 1861 | G113: 1789 | H113: 1750 | I113: 1756 | J113: 1997 | K113: 1696 | L113: 1676 | M113: 1887 | N113: 1780 | O113: 1737 | Q113: =SUM(D112:O113) -> 111246
A114: UZ P002*** | D114: =SUM('Ablesewerte Strom'!D103-'Ablesewerte Strom'!C103) -> 65.24 | E114: =SUM('Ablesewerte Strom'!E103-'Ablesewerte Strom'!D103) -> 61.09 | F114: =SUM('Ablesewerte Strom'!F103-'Ablesewerte Strom'!E103) -> 68.69 | G114: =SUM('Ablesewerte Strom'!G103-'Ablesewerte Strom'!F103) -> 62.11 | H114: =SUM('Ablesewerte Strom'!H103-'Ablesewerte Strom'!G103) -> 42.14 | I114: =SUM('Ablesewerte Strom'!I103-'Ablesewerte Strom'!H103) -> 76.32 | J114: =SUM('Ablesewerte Strom'!J103-'Ablesewerte Strom'!I103) -> 73.57 | K114: =SUM('Ablesewerte Strom'!K103-'Ablesewerte Strom'!J103) -> 68.13 | ... O114: =SUM('Ablesewerte Strom'!O103-'Ablesewerte Strom'!N103) -> 62.41 | P114: =SUM(D114:O114) -> 788.15
A115: UZ P003*** | D115: =SUM('Ablesewerte Strom'!D104-'Ablesewerte Strom'!C104) -> 33.4 | E115: =SUM('Ablesewerte Strom'!E104-'Ablesewerte Strom'!D104) -> 28.13 | F115: =SUM('Ablesewerte Strom'!F104-'Ablesewerte Strom'!E104) -> 28.4 | G115: =SUM('Ablesewerte Strom'!G104-'Ablesewerte Strom'!F104) -> 21.85 | H115: =SUM('Ablesewerte Strom'!H104-'Ablesewerte Strom'!G104) -> 15.18 | I115: =SUM('Ablesewerte Strom'!I104-'Ablesewerte Strom'!H104) -> 26.54 | J115: =SUM('Ablesewerte Strom'!J104-'Ablesewerte Strom'!I104) -> 22.83 | K115: =SUM('Ablesewerte Strom'!K104-'Ablesewerte Strom'!J104) -> 14.96 | ... O115: =SUM('Ablesewerte Strom'!O104-'Ablesewerte Strom'!N104) -> 28.31 | P115: =SUM(D115:O115) -> 305.03
A116: UZ P004*** | D116: =SUM('Ablesewerte Strom'!D105-'Ablesewerte Strom'!C105) -> 1215.1 | E116: =SUM('Ablesewerte Strom'!E105-'Ablesewerte Strom'!D105) -> 958.4 | F116: =SUM('Ablesewerte Strom'!F105-'Ablesewerte Strom'!E105) -> 911.9 | G116: =SUM('Ablesewerte Strom'!G105-'Ablesewerte Strom'!F105) -> 902.2 | H116: =SUM('Ablesewerte Strom'!H105-'Ablesewerte Strom'!G105) -> 619.4 | I116: =SUM('Ablesewerte Strom'!I105-'Ablesewerte Strom'!H105) -> 902.9 | J116: =SUM('Ablesewerte Strom'!J105-'Ablesewerte Strom'!I105) -> 592.6 | K116: =SUM('Ablesewerte Strom'!K105-'Ablesewerte Strom'!J105) -> 385.9 | ... O116: =SUM('Ablesewerte Strom'!O105-'Ablesewerte Strom'!N105) -> 1001.8 | P116: =SUM(D116:O116) -> 10699.7 | S116: =Q113-P116 -> 100546.3
A117: UZ P9*** | D117: =SUM('Ablesewerte Strom'!D106-'Ablesewerte Strom'!C106) -> 549.3 | E117: =SUM('Ablesewerte Strom'!E106-'Ablesewerte Strom'!D106) -> 496 | F117: =SUM('Ablesewerte Strom'!F106-'Ablesewerte Strom'!E106) -> 251.1 | G117: =SUM('Ablesewerte Strom'!G106-'Ablesewerte Strom'!F106) -> 13.5 | H117: =SUM('Ablesewerte Strom'!H106-'Ablesewerte Strom'!G106) -> 20.5 | I117: =SUM('Ablesewerte Strom'!I106-'Ablesewerte Strom'!H106) -> 2.2 | J117: =SUM('Ablesewerte Strom'!J106-'Ablesewerte Strom'!I106) -> 3.1 | K117: =SUM('Ablesewerte Strom'!K106-'Ablesewerte Strom'!J106) -> 20.4 | ... O117: =SUM('Ablesewerte Strom'!O106-'Ablesewerte Strom'!N106) -> 231.8 | P117: =SUM(D117:O117) -> 1976
A118: UZ P10*** | D118: =SUM('Ablesewerte Strom'!D107-'Ablesewerte Strom'!C107) -> 716.1 | E118: =SUM('Ablesewerte Strom'!E107-'Ablesewerte Strom'!D107) -> 144.3 | F118: =SUM('Ablesewerte Strom'!F107-'Ablesewerte Strom'!E107) -> 222.8 | G118: =SUM('Ablesewerte Strom'!G107-'Ablesewerte Strom'!F107) -> 162.1 | H118: =SUM('Ablesewerte Strom'!H107-'Ablesewerte Strom'!G107) -> 60.2 | I118: =SUM('Ablesewerte Strom'!I107-'Ablesewerte Strom'!H107) -> 12.6 | J118: =SUM('Ablesewerte Strom'!J107-'Ablesewerte Strom'!I107) -> 6.3 | K118: =SUM('Ablesewerte Strom'!K107-'Ablesewerte Strom'!J107) -> 11 | ... O118: =SUM('Ablesewerte Strom'!O107-'Ablesewerte Strom'!N107) -> 126.6 | P118: =SUM(D118:O118) -> 1989.6
A119: Sporthalle** | O119: 35401
O120: 9637 | Q120: =SUM(D119:O120) -> 45038
A121: Sporthälle UZ P4*** | D121: =SUM('Ablesewerte Strom'!D109-'Ablesewerte Strom'!C109) -> 1847.9 | E121: =SUM('Ablesewerte Strom'!E109-'Ablesewerte Strom'!D109) -> 1206.7 | F121: =SUM('Ablesewerte Strom'!F109-'Ablesewerte Strom'!E109) -> 1318.1 | G121: =SUM('Ablesewerte Strom'!G109-'Ablesewerte Strom'!F109) -> 1436.7 | H121: =SUM('Ablesewerte Strom'!H109-'Ablesewerte Strom'!G109) -> 775.9 | I121: =SUM('Ablesewerte Strom'!I109-'Ablesewerte Strom'!H109) -> 1495.5 | J121: =SUM('Ablesewerte Strom'!J109-'Ablesewerte Strom'!I109) -> 1064.8 | K121: =SUM('Ablesewerte Strom'!K109-'Ablesewerte Strom'!J109) -> 330.4 | ... O121: =SUM('Ablesewerte Strom'!O109-'Ablesewerte Strom'!N109) -> 1183.3 | P121: =SUM(D121:O121) -> 14361 | Q121: KWH | R121: =SUM(Q108:Q120) -> 226729.1
...

Sheet Ablesewerte Wasser
A1: Wasser
A2: 2005 | C2: Jan | D2: Feb | E2: Mrz | F2: Apr | G2: Mai | H2: Jun | I2: Jul | J2: Aug | K2: Sep | L2: Okt | M2: Nov | N2: Dez
B3: m³ | C3: 10.1. | D3: 1.2. | E3: 1.3. | F3: 1.4. | G3: 2.5. | H3: 1.6. | I3: 1.7. | J3: 28.7. | K3: 1.9. | L3: 5.10. | M3: 7.11. | N3: 1.12. | O3: 9.1.
A5: Zähler Schloss | C5: 614 | F5: 1210 | G5: 1401 | H5: 1511 | I5: 1756 | J5: 1945 | K5: 2087 | L5: 2248 | M5: 2436 | N5: 2627 | O5: 2795 | Q5: =SUM(O5-C5) -> 2181
A6: davon Sporthalle | F6: 251 | G6: 266 | H6: 274 | I6: 311 | J6: 321 | K6: 323 | L6: 334 | M6: 349 | N6: 367 | O6: 382 | Q6: =SUM(O6-F6) -> 131 | R6: (ab April)
A7: Aula | C7: 6 | I7: 33 | J7: 36 | K7: 43 | L7: 48 | M7: 50 | N7: 52 | O7: 54 | Q7: =SUM(O7-C7) -> 48
A8: Lichtenstern 13 | C8: 313 | G8: 466 | H8: 486 | I8: 510 | J8: 541 | K8: 551 | L8: 581 | M8: 615 | N8: 645 | O8: 680 | Q8: =SUM(O8-C8) -> 367 | R8: gesamt
R9: =SUM(Q5:Q8) -> 2727 | S9: m³
A10: nicht abgelesene Werte
A11: Wert stammt aus Abrechnung
A13: 2006 | B13: m³ | C13: Jan | D13: Feb | E13: Mrz | F13: Apr | G13: Mai | H13: Jun | I13: Jul | J13: Aug | K13: Sep | L13: Okt | M13: Nov | N13: Dez | Q13: Verbrauch
C14: 9.1. | D14: 1.2. | E14: 6.3. | F14: 4.4. | G14: 3.5. | H14: 1.6. | I14: 3.7. | J14: 7.8. | K14: 1.9. | L14: 4.10. | M14: 2.11. | N14: 1.12. | O14: 22.12. | Q14: pro Messstelle
A16: Zähler Schloss | C16: 2795 | D16: 2993 | E16: 3200 | F16: 3447 | G16: 3579 | H16: 3798 | I16: 3986 | J16: 4184 | K16: 4293 | L16: 4430 | M16: 4696 | N16: 4985 | O16: 5189 | Q16: =SUM(O16-C16) -> 2394
A17: davon Sporthalle | C17: 382 | D17: 402 | E17: 424 | F17: 441.2 | G17: 451.1 | H17: 461 | I17: 476 | J17: 495 | K17: 497 | L17: 505 | M17: 523 | N17: 545 | O17: 560 | Q17: =SUM(O17-C17) -> 178
A18: Aula | C18: 54 | D18: 56 | E18: 59 | F18: 61 | G18: 63 | H18: 66 | I18: 70 | J18: 78 | K18: 105 | L18: 129 | M18: 153 | N18: 167.2 | O18: 173 | Q18: =SUM(O18-C18) -> 119
A19: Lichtenstern 13 | C19: 680 | D19: 724 | E19: 768.3 | F19: 807 | G19: 838 | H19: 871 | I19: 899 | J19: 923 | K19: 932 | L19: 961 | M19: 993 | N19: 1029 | O19: 1060 | Q19: =SUM(O19-C19) -> 380 | R19: gesamt
R20: =SUM(Q16:Q19) -> 3071 | S20: m³
A21: 2007 | B21: m³ | C21: Jan | D21: Feb | E21: Mrz | F21: Apr | G21: Mai | H21: Jun | I21: Jul | J21: Aug | K21: Sep | L21: Okt | M21: Nov | N21: Dez
C22: 22.12 | D22: 1.2. | E22: 1.3. | F22: 3.4. | G22: 2.5. | H22: 4.6. | I22: 2.7. | J22: 13.8. | K22: 3.9. | L22: 29.9. | M22: 6.11. | N22: 3.12. | O22: 7.1.
A23: Zähler Schloss | C23: 5189 | D23: 5410 | E23: 5633 | F23: 5918 | G23: 6097 | H23: 6281 | I23: 6503 | J23: 6738 | K23: 6747 | L23: 6932 | M23: 7160 | N23: 7417 | O23: 7635 | Q23: =SUM(O23-C23) -> 2446
A24: davon Sporthalle | C24: 560 | D24: 579 | E24: 601 | F24: 624 | G24: 643 | H24: 654 | I24: 670 | J24: 692 | K24: 693 | L24: 703 | M24: 724 | N24: 748 | O24: 763 | Q24: =SUM(O24-C24) -> 203
A25: Aula | C25: 173 | D25: 177 | E25: 180 | F25: 186 | G25: 191 | H25: 195 | I25: 198 | J25: 238 | K25: 238 | L25: 244 | M25: 253 | N25: 257 | O25: 260 | Q25: =SUM(O25-C25) -> 87
A26: Lichtenstern 13 | C26: 1060 | D26: 1100 | E26: 1137 | F26: 1179 | G26: 1211 | H26: 1246 | I26: 1273 | J26: 1300 | K26: 1311 | L26: 1336 | M26: 1365 | N26: 1396 | O26: 1428 | Q26: =SUM(O26-C26) -> 368 | R26: gesamt
R27: =SUM(Q23:Q26) -> 3104 | S27: m³
A28: 2008 | B28: m³ | C28: Jan | D28: Feb | E28: Mrz | F28: Apr | G28: Mai | H28: Jun | I28: Jul | J28: Aug | K28: Sep | L28: Okt | M28: Nov | N28: Dez
C29: 07.01.2008 | D29: 01.02.2008 | E29: 03.03.2008 | F29: 01.04.2008 | G29: 30.04.2008 | H29: 02.06.2008 | I29: 01.07.2008 | J29: 04.08.2008 | K29: 02.09.2008 | L29: 01.10.2008 | M29: 03.11.2008 | N29: 02.12.2008 | O29: 23.12.2008
A30: Zähler Schloss | C30: 7635 | D30: 7896 | E30: 8115 | F30: 8287 | G30: 8597 | H30: 8763 | I30: 9079 | J30: 9307 | K30: 9396 | L30: 9614 | M30: 9815 | N30: 10081 | O30: 10258 | Q30: =SUM(O30-C30) -> 2623
A31: davon Sporthalle | C31: 763 | D31: 787 | E31: 810 | F31: 831 | G31: 852 | H31: 867 | I31: 882 | J31: 899 | K31: 900 | L31: 915 | M31: 938 | N31: 967 | O31: 990 | Q31: =SUM(O31-C31) -> 227
A32: Aula | C32: 260 | D32: 264 | E32: 267 | F32: 270 | G32: 276 | H32: 300 | I32: 304 | J32: 311 | K32: 319 | L32: 324 | M32: 343 | N32: 349 | O32: 353 | Q32: =SUM(O32-C32) -> 93
A33: Lichtenstern 13 | C33: 1428 | D33: 1456 | E33: 1484 | F33: 1510 | G33: 1538 | H33: 1561 | I33: 1589 | J33: 1610 | K33: 1623 | L33: 1652 | M33: 1678 | N33: 1709 | O33: 1731 | Q33: =SUM(O33-C33) -> 303 | R33: gesamt
R34: =SUM(Q30:Q33) -> 3246 | S34: m³
A35: 2009 | B35: m³ | C35: Jan | D35: Feb | E35: Mrz | F35: Apr | G35: Mai | H35: Jun | I35: Jul | J35: Aug | K35: Sep | L35: Okt | M35: Nov | N35: Dez
C36: 23.12.2008 | D36: 20.20.2009 | E36: 02.03.2009 | F36: 01.04.2009 | G36: 30.04.2009 | H36: 02.06.2009 | I36: 02.07.2009 | J36: 30.07.2009 | K36: 01.09.2009 | L36: 02.10.2009 | M36: 02.11.2009 | N36: 01.12.2009 | O36: 23.12.2009
A37: Zähler Schloss | C37: 10258 | D37: 10463 | E37: 10683 | F37: 11005 | G37: 11191 | H37: 11377 | I37: 11622 | J37: 11834 | K37: 11982 | L37: 12215 | M37: 12449 | N37: 12770 | O37: 13028 | Q37: =SUM(O37-C37) -> 2770
A38: davon Sporthalle | C38: 990 | D38: 1007 | E38: 1032 | F38: 1060 | G38: 1080 | H38: 1095 | I38: 1112 | J38: 1133 | K38: 1137 | L38: 1160 | M38: 1182 | N38: 1211 | O38: 1232 | Q38: =SUM(O38-C38) -> 242
A39: Aula | C39: 353 | D39: 356 | E39: 360 | F39: 367 | G39: 371 | H39: 375 | I39: 380 | J39: 385 | K39: 391 | L39: 399 | M39: 404 | N39: 412 | O39: 417 | Q39: =SUM(O39-C39) -> 64
A40: Lichtenstern 13 | C40: 1731 | D40: 1763 | E40: 1791 | F40: 1836 | G40: 28 | H40: 60 | I40: 88 | J40: 107 | K40: 118 | L40: 145 | M40: 174 | N40: 209 | O40: 236 | Q40: =SUM(F40-C40)+O40 -> 341 | R40: gesamt
G41: Neuer Zähler?! | R41: =SUM(Q37:Q40) -> 3417 | S41: m³
A43: 2010 | B43: m³ | C43: Jan | D43: Feb | E43: Mrz | F43: Apr | G43: Mai | H43: Jun | I43: Jul | J43: Aug | K43: Sep | L43: Okt | M43: Nov | N43: Dez
C44: 23.12.2009 | D44: 01.02.2010 | E44: 40238 | F44: 40269 | G44: 40301 | H44: 40319 | I44: 40360 | J44: 40392 | K44: 40422 | L44: 40452 | M44: 40484 | N44: 40513 | O44: 40543
A45: Zähler Schloss | C45: 13028 | D45: 13304 | E45: 13545 | F45: 13698 | Q45: =SUM(F45-C45) -> 670
E46: 0 | F46: 138 | G46: 405 | H46: 599 | I46: 890 | J46: 1137 | K46: 1260 | L46: 1478 | M46: 1817 | N46: 2109 | O46: 2346 | Q46: =SUM(O46-E46) -> 2346
A47: davon Sporthalle | C47: 1232 | D47: 1251 | E47: 1272 | F47: 1306 | G47: 1338 | H47: 1351 | I47: 1388 | J47: 1415 | K47: 1417 | L47: 1441 | M47: 1482 | N47: 1514 | O47: 1533 | Q47: =SUM(O47-C47) -> 301
A48: Aula | C48: 417 | D48: 423 | E48: 429 | F48: 436 | G48: 441 | H48: 445 | I48: 451 | J48: 457 | K48: 464 | L48: 467 | M48: 481 | N48: 486 | O48: 489 | Q48: =SUM(O48-C48) -> 72
A49: Lichtenstern 13 | C49: 236 | D49: 270 | E49: 297 | F49: 330 | G49: 358 | H49: 375 | I49: 406 | J49: 425 | K49: 437 | L49: 469 | M49: 485 | N49: 498 | O49: 511 | Q49: =SUM(O49-C49) -> 275 | R49: gesamt
R50: =SUM(Q45:Q49) -> 3664 | S50: m³
A53: 2011 | B53: m³ | C53: Jan | D53: Feb | E53: Mrz | F53: Apr | G53: Mai | H53: Jun | I53: Jul | J53: Aug | K53: Sep | L53: Okt | M53: Nov | N53: Dez
C54: 40543 | D54: 40575 | E54: 40603 | F54: 40634 | G54: 40665 | H54: 40695 | I54: 40725 | J54: 40756 | K54: 40787 | L54: 40820 | M54: 40849 | N54: 40878 | O54: 40908
A56: Zähler Schloss | C56: 2346 | D56: 2610 | E56: 2892 | F56: 3172 | G56: 3436 | H56: 3883 | I56: 4067 | J56: 4335 | K56: 4462 | L56: 4784 | M56: 5115 | N56: 5384 | O56: 5594 | Q56: =SUM(O56-E56) -> 2702
A57: davon Sporthalle | C57: 1533 | D57: 1561 | E57: 1586 | F57: 1619 | G57: 1721 | H57: 1751 | I57: 1762 | J57: 1777 | K57: 1780 | L57: 1793 | M57: 1815 | N57: 1842 | O57: 1861 | Q57: =SUM(O57-C57) -> 328
A58: Aula | C58: 489 | D58: 2 | E58: 7 | F58: 16 | G58: 21 | H58: 27 | I58: 31 | J58: 36 | K58: 43 | L58: 48 | M58: 56 | N58: 61 | O58: 66 | Q58: =SUM(O58-C58) -> -423
A59: Lichtenstern 13 | C59: 511 | D59: 526 | E59: 539 | F59: 552 | G59: 566 | H59: 581 | I59: 591 | J59: 607 | K59: 616 | L59: 630 | M59: 646 | N59: 666 | O59: 685 | Q59: =SUM(O59-C59) -> 174 | R59: gesamt
R60: =SUM(Q55:Q59) -> 2781 | S60: m³
A64: 2012 | B64: m³ | C64: Jan | D64: Feb | E64: Mrz | F64: Apr | G64: Mai | H64: Jun | I64: Jul | J64: Aug | K64: Sep | L64: Okt | M64: Nov | N64: Dez
C65: 40908 | D65: 40940 | E65: 40969 | F65: 41000 | G65: 41031 | H65: 41061 | I65: 41092 | J65: 41117 | K65: 41153 | L65: 41186 | M65: 41218 | N65: 41247 | O65: 41274
A67: Zähler Schloss | C67: 5594 | D67: 5844 | E67: 6088 | F67: 6377 | G67: 6548 | H67: 6808 | I67: 7037 | J67: 7220 | K67: 7341 | L67: 7748 | M67: 8108 | N67: 8413 | O67: 8636 | Q67: =SUM(O67-C67) -> 3042
A68: davon Sporthalle | C68: 1861 | D68: 1886 | E68: 1924 | F68: 1952 | G68: 1970 | H68: 1986 | I68: 2003 | J68: 2021 | K68: 2025 | L68: 2048 | M68: 2119 | N68: 2150 | O68: 2173 | Q68: =SUM(O68-C68) -> 312
A69: Aula | C69: 66 | D69: 74 | E69: 80 | F69: 86 | G69: 91 | H69: 98 | I69: 103 | J69: 107 | K69: 112 | L69: 118 | M69: 125 | N69: 130 | O69: 134 | Q69: =SUM(O69-C69) -> 68
A70: Lichtenstern 13 | C70: 685 | D70: 708 | E70: 726 | F70: 750 | G70: 771 | H70: 792 | I70: 807 | J70: 819 | K70: 835 | L70: 850 | M70: 868 | N70: 881 | O70: 898 | Q70: =SUM(O70-C70) -> 213 | R70: gesamt
R71: =SUM(Q66:Q70) -> 3635 | S71: m³
A76: 2013 | B76: m³ | C76: Jan | D76: Feb | E76: Mrz | F76: Apr | G76: Mai | H76: Jun | I76: Jul | J76: Aug | K76: Sep | L76: Okt | M76: Nov | N76: Dez
C77: 41274 | D77: 40940 | E77: 40969 | F77: 41000 | G77: 41031 | H77: 41061 | I77: 41092 | J77: 41117 | K77: 41153 | L77: 41186 | M77: 41218 | N77: 41247 | O77: 41274
A79: Zähler Schloss | C79: 8636 | Q79: =SUM(O79-C79) -> -8636
A80: davon Sporthalle | C80: 2173 | Q80: =SUM(O80-C80) -> -2173
A81: Aula | C81: 134 | Q81: =SUM(O81-C81) -> -134
A82: Lichtenstern 13 | C82: 898 | Q82: =SUM(O82-C82) -> -898 | R82: gesamt
R83: =SUM(Q78:Q82) -> -11841 | S83: m³

Sheet Verbrauch Wasser
A1: ='Ablesewerte Wasser'!A1 -> Wasser
A3: 2005 | B3: m³ | C3: Jan | D3: Feb | E3: Mrz | F3: Apr | G3: Mai | H3: Jun | I3: Jul | J3: Aug | K3: Sep | L3: Okt | M3: Nov | N3: Dez
A5: Zähler Schloss | C5: 0 | D5: =SUM('Ablesewerte Wasser'!E5-'Ablesewerte Wasser'!D5) -> 0 | E5: 0 | F5: =SUM('Ablesewerte Wasser'!G5-'Ablesewerte Wasser'!F5) -> 191 | G5: =SUM('Ablesewerte Wasser'!H5-'Ablesewerte Wasser'!G5) -> 110 | H5: =SUM('Ablesewerte Wasser'!I5-'Ablesewerte Wasser'!H5) -> 245 | I5: =SUM('Ablesewerte Wasser'!J5-'Ablesewerte Wasser'!I5) -> 189 | J5: =SUM('Ablesewerte Wasser'!K5-'Ablesewerte Wasser'!J5) -> 142 | K5: =SUM('Ablesewerte Wasser'!L5-'Ablesewerte Wasser'!K5) -> 161 | L5: =SUM('Ablesewerte Wasser'!M5-'Ablesewerte Wasser'!L5) -> 188 | M5: =SUM('Ablesewerte Wasser'!N5-'Ablesewerte Wasser'!M5) -> 191 | N5: =SUM('Ablesewerte Wasser'!O5-'Ablesewerte Wasser'!N5) -> 168
A6: davon Sporthalle | C6: =SUM('Ablesewerte Wasser'!D6-'Ablesewerte Wasser'!C6) -> 0 | D6: =SUM('Ablesewerte Wasser'!E6-'Ablesewerte Wasser'!D6) -> 0 | E6: 0 | F6: =SUM('Ablesewerte Wasser'!G6-'Ablesewerte Wasser'!F6) -> 15 | G6: =SUM('Ablesewerte Wasser'!H6-'Ablesewerte Wasser'!G6) -> 8 | H6: =SUM('Ablesewerte Wasser'!I6-'Ablesewerte Wasser'!H6) -> 37 | I6: =SUM('Ablesewerte Wasser'!J6-'Ablesewerte Wasser'!I6) -> 10 | J6: =SUM('Ablesewerte Wasser'!K6-'Ablesewerte Wasser'!J6) -> 2 | K6: =SUM('Ablesewerte Wasser'!L6-'Ablesewerte Wasser'!K6) -> 11 | L6: =SUM('Ablesewerte Wasser'!M6-'Ablesewerte Wasser'!L6) -> 15 | M6: =SUM('Ablesewerte Wasser'!N6-'Ablesewerte Wasser'!M6) -> 18 | N6: =SUM('Ablesewerte Wasser'!O6-'Ablesewerte Wasser'!N6) -> 15
A7: Aula | C7: 0 | D7: =SUM('Ablesewerte Wasser'!E7-'Ablesewerte Wasser'!D7) -> 0 | E7: =SUM('Ablesewerte Wasser'!F7-'Ablesewerte Wasser'!E7) -> 0 | F7: =SUM('Ablesewerte Wasser'!G7-'Ablesewerte Wasser'!F7) -> 0 | G7: =SUM('Ablesewerte Wasser'!H7-'Ablesewerte Wasser'!G7) -> 0 | H7: 0 | I7: =SUM('Ablesewerte Wasser'!J7-'Ablesewerte Wasser'!I7) -> 3 | J7: =SUM('Ablesewerte Wasser'!K7-'Ablesewerte Wasser'!J7) -> 7 | K7: =SUM('Ablesewerte Wasser'!L7-'Ablesewerte Wasser'!K7) -> 5 | L7: =SUM('Ablesewerte Wasser'!M7-'Ablesewerte Wasser'!L7) -> 2 | M7: =SUM('Ablesewerte Wasser'!N7-'Ablesewerte Wasser'!M7) -> 2 | N7: =SUM('Ablesewerte Wasser'!O7-'Ablesewerte Wasser'!N7) -> 2
A8: Lichtenstern 13 | C8: 0 | D8: =SUM('Ablesewerte Wasser'!E8-'Ablesewerte Wasser'!D8) -> 0 | E8: =SUM('Ablesewerte Wasser'!F8-'Ablesewerte Wasser'!E8) -> 0 | F8: 0 | G8: =SUM('Ablesewerte Wasser'!H8-'Ablesewerte Wasser'!G8) -> 20 | H8: =SUM('Ablesewerte Wasser'!I8-'Ablesewerte Wasser'!H8) -> 24 | I8: =SUM('Ablesewerte Wasser'!J8-'Ablesewerte Wasser'!I8) -> 31 | J8: =SUM('Ablesewerte Wasser'!K8-'Ablesewerte Wasser'!J8) -> 10 | K8: =SUM('Ablesewerte Wasser'!L8-'Ablesewerte Wasser'!K8) -> 30 | L8: =SUM('Ablesewerte Wasser'!M8-'Ablesewerte Wasser'!L8) -> 34 | M8: =SUM('Ablesewerte Wasser'!N8-'Ablesewerte Wasser'!M8) -> 30 | N8: =SUM('Ablesewerte Wasser'!O8-'Ablesewerte Wasser'!N8) -> 35
A10: nicht abgelesene Werte
A11: Wert stammt aus Abrechnung
A13: 2006 | B13: m³ | C13: Jan | D13: Feb | E13: Mrz | F13: Apr | G13: Mai | H13: Jun | I13: Jul | J13: Aug | K13: Sep | L13: Okt | M13: Nov | N13: Dez
A16: Zähler Schloss | C16: =SUM('Ablesewerte Wasser'!D16-'Ablesewerte Wasser'!C16) -> 198 | D16: =SUM('Ablesewerte Wasser'!E16-'Ablesewerte Wasser'!D16) -> 207 | E16: =SUM('Ablesewerte Wasser'!F16-'Ablesewerte Wasser'!E16) -> 247 | F16: =SUM('Ablesewerte Wasser'!G16-'Ablesewerte Wasser'!F16) -> 132 | G16: =SUM('Ablesewerte Wasser'!H16-'Ablesewerte Wasser'!G16) -> 219 | H16: =SUM('Ablesewerte Wasser'!I16-'Ablesewerte Wasser'!H16) -> 188 | I16: =SUM('Ablesewerte Wasser'!J16-'Ablesewerte Wasser'!I16) -> 198 | J16: =SUM('Ablesewerte Wasser'!K16-'Ablesewerte Wasser'!J16) -> 109 | ... N16: =SUM('Ablesewerte Wasser'!O16-'Ablesewerte Wasser'!N16) -> 204
A17: davon Sporthalle | C17: =SUM('Ablesewerte Wasser'!D17-'Ablesewerte Wasser'!C17) -> 20 | D17: =SUM('Ablesewerte Wasser'!E17-'Ablesewerte Wasser'!D17) -> 22 | E17: =SUM('Ablesewerte Wasser'!F17-'Ablesewerte Wasser'!E17) -> 17.2 | F17: =SUM('Ablesewerte Wasser'!G17-'Ablesewerte Wasser'!F17) -> 9.9 | G17: =SUM('Ablesewerte Wasser'!H17-'Ablesewerte Wasser'!G17) -> 9.9 | H17: =SUM('Ablesewerte Wasser'!I17-'Ablesewerte Wasser'!H17) -> 15 | I17: =SUM('Ablesewerte Wasser'!J17-'Ablesewerte Wasser'!I17) -> 19 | J17: =SUM('Ablesewerte Wasser'!K17-'Ablesewerte Wasser'!J17) -> 2 | ... N17: =SUM('Ablesewerte Wasser'!O17-'Ablesewerte Wasser'!N17) -> 15
A18: Aula | C18: =SUM('Ablesewerte Wasser'!D18-'Ablesewerte Wasser'!C18) -> 2 | D18: =SUM('Ablesewerte Wasser'!E18-'Ablesewerte Wasser'!D18) -> 3 | E18: =SUM('Ablesewerte Wasser'!F18-'Ablesewerte Wasser'!E18) -> 2 | F18: =SUM('Ablesewerte Wasser'!G18-'Ablesewerte Wasser'!F18) -> 2 | G18: =SUM('Ablesewerte Wasser'!H18-'Ablesewerte Wasser'!G18) -> 3 | H18: =SUM('Ablesewerte Wasser'!I18-'Ablesewerte Wasser'!H18) -> 4 | I18: =SUM('Ablesewerte Wasser'!J18-'Ablesewerte Wasser'!I18) -> 8 | J18: =SUM('Ablesewerte Wasser'!K18-'Ablesewerte Wasser'!J18) -> 27 | ... N18: =SUM('Ablesewerte Wasser'!O18-'Ablesewerte Wasser'!N18) -> 5.8
A19: Lichtenstern 13 | C19: =SUM('Ablesewerte Wasser'!D19-'Ablesewerte Wasser'!C19) -> 44 | D19: =SUM('Ablesewerte Wasser'!E19-'Ablesewerte Wasser'!D19) -> 44.3 | E19: =SUM('Ablesewerte Wasser'!F19-'Ablesewerte Wasser'!E19) -> 38.7 | F19: =SUM('Ablesewerte Wasser'!G19-'Ablesewerte Wasser'!F19) -> 31 | G19: =SUM('Ablesewerte Wasser'!H19-'Ablesewerte Wasser'!G19) -> 33 | H19: =SUM('Ablesewerte Wasser'!I19-'Ablesewerte Wasser'!H19) -> 28 | I19: =SUM('Ablesewerte Wasser'!J19-'Ablesewerte Wasser'!I19) -> 24 | J19: =SUM('Ablesewerte Wasser'!K19-'Ablesewerte Wasser'!J19) -> 9 | ... N19: =SUM('Ablesewerte Wasser'!O19-'Ablesewerte Wasser'!N19) -> 31
A21: 2007 | B21: m³ | C21: Jan | D21: Feb | E21: Mrz | F21: Apr | G21: Mai | H21: Jun | I21: Jul | J21: Aug | K21: Sep | L21: Okt | M21: Nov | N21: Dez
A23: Zähler Schloss | C23: =SUM('Ablesewerte Wasser'!D23-'Ablesewerte Wasser'!C23) -> 221 | D23: =SUM('Ablesewerte Wasser'!E23-'Ablesewerte Wasser'!D23) -> 223 | E23: =SUM('Ablesewerte Wasser'!F23-'Ablesewerte Wasser'!E23) -> 285 | F23: =SUM('Ablesewerte Wasser'!G23-'Ablesewerte Wasser'!F23) -> 179 | G23: =SUM('Ablesewerte Wasser'!H23-'Ablesewerte Wasser'!G23) -> 184 | H23: =SUM('Ablesewerte Wasser'!I23-'Ablesewerte Wasser'!H23) -> 222 | I23: =SUM('Ablesewerte Wasser'!J23-'Ablesewerte Wasser'!I23) -> 235 | J23: =SUM('Ablesewerte Wasser'!K23-'Ablesewerte Wasser'!J23) -> 9 | ... N23: =SUM('Ablesewerte Wasser'!O23-'Ablesewerte Wasser'!N23) -> 218
A24: davon Sporthalle | C24: =SUM('Ablesewerte Wasser'!D24-'Ablesewerte Wasser'!C24) -> 19 | D24: =SUM('Ablesewerte Wasser'!E24-'Ablesewerte Wasser'!D24) -> 22 | E24: =SUM('Ablesewerte Wasser'!F24-'Ablesewerte Wasser'!E24) -> 23 | F24: =SUM('Ablesewerte Wasser'!G24-'Ablesewerte Wasser'!F24) -> 19 | G24: =SUM('Ablesewerte Wasser'!H24-'Ablesewerte Wasser'!G24) -> 11 | H24: =SUM('Ablesewerte Wasser'!I24-'Ablesewerte Wasser'!H24) -> 16 | I24: =SUM('Ablesewerte Wasser'!J24-'Ablesewerte Wasser'!I24) -> 22 | J24: =SUM('Ablesewerte Wasser'!K24-'Ablesewerte Wasser'!J24) -> 1 | ... N24: =SUM('Ablesewerte Wasser'!O24-'Ablesewerte Wasser'!N24) -> 15
A25: Aula | C25: =SUM('Ablesewerte Wasser'!D25-'Ablesewerte Wasser'!C25) -> 4 | D25: =SUM('Ablesewerte Wasser'!E25-'Ablesewerte Wasser'!D25) -> 3 | E25: =SUM('Ablesewerte Wasser'!F25-'Ablesewerte Wasser'!E25) -> 6 | F25: =SUM('Ablesewerte Wasser'!G25-'Ablesewerte Wasser'!F25) -> 5 | G25: =SUM('Ablesewerte Wasser'!H25-'Ablesewerte Wasser'!G25) -> 4 | H25: =SUM('Ablesewerte Wasser'!I25-'Ablesewerte Wasser'!H25) -> 3 | I25: =SUM('Ablesewerte Wasser'!J25-'Ablesewerte Wasser'!I25) -> 40 | J25: =SUM('Ablesewerte Wasser'!K25-'Ablesewerte Wasser'!J25) -> 0 | ... N25: =SUM('Ablesewerte Wasser'!O25-'Ablesewerte Wasser'!N25) -> 3
A26: Lichtenstern 13 | C26: =SUM('Ablesewerte Wasser'!D26-'Ablesewerte Wasser'!C26) -> 40 | D26: =SUM('Ablesewerte Wasser'!E26-'Ablesewerte Wasser'!D26) -> 37 | E26: =SUM('Ablesewerte Wasser'!F26-'Ablesewerte Wasser'!E26) -> 42 | F26: =SUM('Ablesewerte Wasser'!G26-'Ablesewerte Wasser'!F26) -> 32 | G26: =SUM('Ablesewerte Wasser'!H26-'Ablesewerte Wasser'!G26) -> 35 | H26: =SUM('Ablesewerte Wasser'!I26-'Ablesewerte Wasser'!H26) -> 27 | I26: =SUM('Ablesewerte Wasser'!J26-'Ablesewerte Wasser'!I26) -> 27 | J26: =SUM('Ablesewerte Wasser'!K26-'Ablesewerte Wasser'!J26) -> 11 | ... N26: =SUM('Ablesewerte Wasser'!O26-'Ablesewerte Wasser'!N26) -> 32
A28: 2008 | B28: m³ | C28: Jan | D28: Feb | E28: Mrz | F28: Apr | G28: Mai | H28: Jun | I28: Jul | J28: Aug | K28: Sep | L28: Okt | M28: Nov | N28: Dez
A30: Zähler Schloss | C30: =SUM('Ablesewerte Wasser'!D30-'Ablesewerte Wasser'!C30) -> 261 | D30: =SUM('Ablesewerte Wasser'!E30-'Ablesewerte Wasser'!D30) -> 219 | E30: =SUM('Ablesewerte Wasser'!F30-'Ablesewerte Wasser'!E30) -> 172 | F30: =SUM('Ablesewerte Wasser'!G30-'Ablesewerte Wasser'!F30) -> 310 | G30: =SUM('Ablesewerte Wasser'!H30-'Ablesewerte Wasser'!G30) -> 166 | H30: =SUM('Ablesewerte Wasser'!I30-'Ablesewerte Wasser'!H30) -> 316 | I30: =SUM('Ablesewerte Wasser'!J30-'Ablesewerte Wasser'!I30) -> 228 | J30: =SUM('Ablesewerte Wasser'!K30-'Ablesewerte Wasser'!J30) -> 89 | ... N30: =SUM('Ablesewerte Wasser'!O30-'Ablesewerte Wasser'!N30) -> 177 | P30: =SUM(C30:O30) -> 2623
A31: davon Sporthalle | C31: =SUM('Ablesewerte Wasser'!D31-'Ablesewerte Wasser'!C31) -> 24 | D31: =SUM('Ablesewerte Wasser'!E31-'Ablesewerte Wasser'!D31) -> 23 | E31: =SUM('Ablesewerte Wasser'!F31-'Ablesewerte Wasser'!E31) -> 21 | F31: =SUM('Ablesewerte Wasser'!G31-'Ablesewerte Wasser'!F31) -> 21 | G31: =SUM('Ablesewerte Wasser'!H31-'Ablesewerte Wasser'!G31) -> 15 | H31: =SUM('Ablesewerte Wasser'!I31-'Ablesewerte Wasser'!H31) -> 15 | I31: =SUM('Ablesewerte Wasser'!J31-'Ablesewerte Wasser'!I31) -> 17 | J31: =SUM('Ablesewerte Wasser'!K31-'Ablesewerte Wasser'!J31) -> 1 | ... N31: =SUM('Ablesewerte Wasser'!O31-'Ablesewerte Wasser'!N31) -> 23 | P31: =SUM(C31:O31) -> 227
A32: Aula | C32: =SUM('Ablesewerte Wasser'!D32-'Ablesewerte Wasser'!C32) -> 4 | D32: =SUM('Ablesewerte Wasser'!E32-'Ablesewerte Wasser'!D32) -> 3 | E32: =SUM('Ablesewerte Wasser'!F32-'Ablesewerte Wasser'!E32) -> 3 | F32: =SUM('Ablesewerte Wasser'!G32-'Ablesewerte Wasser'!F32) -> 6 | G32: =SUM('Ablesewerte Wasser'!H32-'Ablesewerte Wasser'!G32) -> 24 | H32: =SUM('Ablesewerte Wasser'!I32-'Ablesewerte Wasser'!H32) -> 4 | I32: =SUM('Ablesewerte Wasser'!J32-'Ablesewerte Wasser'!I32) -> 7 | J32: =SUM('Ablesewerte Wasser'!K32-'Ablesewerte Wasser'!J32) -> 8 | ... N32: =SUM('Ablesewerte Wasser'!O32-'Ablesewerte Wasser'!N32) -> 4 | P32: =SUM(C32:O32) -> 93
A33: Lichtenstern 13 | C33: =SUM('Ablesewerte Wasser'!D33-'Ablesewerte Wasser'!C33) -> 28 | D33: =SUM('Ablesewerte Wasser'!E33-'Ablesewerte Wasser'!D33) -> 28 | E33: =SUM('Ablesewerte Wasser'!F33-'Ablesewerte Wasser'!E33) -> 26 | F33: =SUM('Ablesewerte Wasser'!G33-'Ablesewerte Wasser'!F33) -> 28 | G33: =SUM('Ablesewerte Wasser'!H33-'Ablesewerte Wasser'!G33) -> 23 | H33: =SUM('Ablesewerte Wasser'!I33-'Ablesewerte Wasser'!H33) -> 28 | I33: =SUM('Ablesewerte Wasser'!J33-'Ablesewerte Wasser'!I33) -> 21 | J33: =SUM('Ablesewerte Wasser'!K33-'Ablesewerte Wasser'!J33) -> 13 | ... N33: =SUM('Ablesewerte Wasser'!O33-'Ablesewerte Wasser'!N33) -> 22 | P33: =SUM(C33:O33) -> 303
A35: 2009 | B35: m³ | C35: Jan | D35: Feb | E35: Mrz | F35: Apr | G35: Mai | H35: Jun | I35: Jul | J35: Aug | K35: Sep | L35: Okt | M35: Nov | N35: Dez
A37: Zähler Schloss | C37: =SUM('Ablesewerte Wasser'!D37-'Ablesewerte Wasser'!C37) -> 205 | D37: =SUM('Ablesewerte Wasser'!E37-'Ablesewerte Wasser'!D37) -> 220 | E37: =SUM('Ablesewerte Wasser'!F37-'Ablesewerte Wasser'!E37) -> 322 | F37: =SUM('Ablesewerte Wasser'!G37-'Ablesewerte Wasser'!F37) -> 186 | G37: =SUM('Ablesewerte Wasser'!H37-'Ablesewerte Wasser'!G37) -> 186 | H37: =SUM('Ablesewerte Wasser'!I37-'Ablesewerte Wasser'!H37) -> 245 | I37: =SUM('Ablesewerte Wasser'!J37-'Ablesewerte Wasser'!I37) -> 212 | J37: =SUM('Ablesewerte Wasser'!K37-'Ablesewerte Wasser'!J37) -> 148 | ... N37: =SUM('Ablesewerte Wasser'!O37-'Ablesewerte Wasser'!N37) -> 258 | P37: =SUM(C37:O37) -> 2770
A38: davon Sporthalle | C38: =SUM('Ablesewerte Wasser'!D38-'Ablesewerte Wasser'!C38) -> 17 | D38: =SUM('Ablesewerte Wasser'!E38-'Ablesewerte Wasser'!D38) -> 25 | E38: =SUM('Ablesewerte Wasser'!F38-'Ablesewerte Wasser'!E38) -> 28 | F38: =SUM('Ablesewerte Wasser'!G38-'Ablesewerte Wasser'!F38) -> 20 | G38: =SUM('Ablesewerte Wasser'!H38-'Ablesewerte Wasser'!G38) -> 15 | H38: =SUM('Ablesewerte Wasser'!I38-'Ablesewerte Wasser'!H38) -> 17 | I38: =SUM('Ablesewerte Wasser'!J38-'Ablesewerte Wasser'!I38) -> 21 | J38: =SUM('Ablesewerte Wasser'!K38-'Ablesewerte Wasser'!J38) -> 4 | ... N38: =SUM('Ablesewerte Wasser'!O38-'Ablesewerte Wasser'!N38) -> 21 | P38: =SUM(C38:O38) -> 242
A39: Aula | C39: =SUM('Ablesewerte Wasser'!D39-'Ablesewerte Wasser'!C39) -> 3 | D39: =SUM('Ablesewerte Wasser'!E39-'Ablesewerte Wasser'!D39) -> 4 | E39: =SUM('Ablesewerte Wasser'!F39-'Ablesewerte Wasser'!E39) -> 7 | F39: =SUM('Ablesewerte Wasser'!G39-'Ablesewerte Wasser'!F39) -> 4 | G39: =SUM('Ablesewerte Wasser'!H39-'Ablesewerte Wasser'!G39) -> 4 | H39: =SUM('Ablesewerte Wasser'!I39-'Ablesewerte Wasser'!H39) -> 5 | I39: =SUM('Ablesewerte Wasser'!J39-'Ablesewerte Wasser'!I39) -> 5 | J39: =SUM('Ablesewerte Wasser'!K39-'Ablesewerte Wasser'!J39) -> 6 | ... N39: =SUM('Ablesewerte Wasser'!O39-'Ablesewerte Wasser'!N39) -> 5 | P39: =SUM(C39:O39) -> 64
A40: Lichtenstern 13 | C40: =SUM('Ablesewerte Wasser'!D40-'Ablesewerte Wasser'!C40) -> 32 | D40: =SUM('Ablesewerte Wasser'!E40-'Ablesewerte Wasser'!D40) -> 28 | E40: =SUM('Ablesewerte Wasser'!F40-'Ablesewerte Wasser'!E40) -> 45 | F40: 28 | G40: =SUM('Ablesewerte Wasser'!H40-'Ablesewerte Wasser'!G40) -> 32 | H40: =SUM('Ablesewerte Wasser'!I40-'Ablesewerte Wasser'!H40) -> 28 | I40: =SUM('Ablesewerte Wasser'!J40-'Ablesewerte Wasser'!I40) -> 19 | J40: =SUM('Ablesewerte Wasser'!K40-'Ablesewerte Wasser'!J40) -> 11 | K40: =SUM('Ablesewerte Wasser'!L40-'Ablesewerte Wasser'!K40) -> 27 | L40: =SUM('Ablesewerte Wasser'!M40-'Ablesewerte Wasser'!L40) -> 29 | M40: =SUM('Ablesewerte Wasser'!N40-'Ablesewerte Wasser'!M40) -> 35 | N40: =SUM('Ablesewerte Wasser'!O40-'Ablesewerte Wasser'!N40) -> 27 | P40: =SUM(C40:O40) -> 341
A43: 2010 | B43: m³ | C43: Jan | D43: Feb | E43: Mrz | F43: Apr | G43: Mai | H43: Jun | I43: Jul | J43: Aug | K43: Sep | L43: Okt | M43: Nov | N43: Dez
A45: Zähler Schloss | C45: =SUM('Ablesewerte Wasser'!D45-'Ablesewerte Wasser'!C45) -> 276 | D45: =SUM('Ablesewerte Wasser'!E45-'Ablesewerte Wasser'!D45) -> 241 | E45: =SUM('Ablesewerte Wasser'!F45-'Ablesewerte Wasser'!E45) -> 153 | F45: ='Ablesewerte Wasser'!F46-'Ablesewerte Wasser'!E46+'Ablesewerte Wasser'!F45-'Ablesewerte Wasser'!E45 -> 291 | G45: ='Ablesewerte Wasser'!G46-'Ablesewerte Wasser'!F46 -> 267 | H45: ='Ablesewerte Wasser'!H46-'Ablesewerte Wasser'!G46 -> 194 | I45: ='Ablesewerte Wasser'!I46-'Ablesewerte Wasser'!H46 -> 291 | J45: ='Ablesewerte Wasser'!J46-'Ablesewerte Wasser'!I46 -> 247 | K45: ='Ablesewerte Wasser'!K46-'Ablesewerte Wasser'!J46 -> 123 | L45: ='Ablesewerte Wasser'!L46-'Ablesewerte Wasser'!K46 -> 218 | M45: ='Ablesewerte Wasser'!M46-'Ablesewerte Wasser'!L46 -> 339 | N45: ='Ablesewerte Wasser'!N46-'Ablesewerte Wasser'!M46 -> 292 | P45: =SUM(C45:O45) -> 2932
A46: davon Sporthalle | C46: =SUM('Ablesewerte Wasser'!D47-'Ablesewerte Wasser'!C47) -> 19 | D46: =SUM('Ablesewerte Wasser'!E47-'Ablesewerte Wasser'!D47) -> 21 | E46: =SUM('Ablesewerte Wasser'!F47-'Ablesewerte Wasser'!E47) -> 34 | F46: =SUM('Ablesewerte Wasser'!G47-'Ablesewerte Wasser'!F47) -> 32 | G46: =SUM('Ablesewerte Wasser'!H47-'Ablesewerte Wasser'!G47) -> 13 | H46: =SUM('Ablesewerte Wasser'!I47-'Ablesewerte Wasser'!H47) -> 37 | I46: =SUM('Ablesewerte Wasser'!J47-'Ablesewerte Wasser'!I47) -> 27 | J46: =SUM('Ablesewerte Wasser'!K47-'Ablesewerte Wasser'!J47) -> 2 | ... N46: =SUM('Ablesewerte Wasser'!O47-'Ablesewerte Wasser'!N47) -> 19 | P46: =SUM(C46:O46) -> 301
A47: Aula | C47: =SUM('Ablesewerte Wasser'!D48-'Ablesewerte Wasser'!C48) -> 6 | D47: =SUM('Ablesewerte Wasser'!E48-'Ablesewerte Wasser'!D48) -> 6 | E47: =SUM('Ablesewerte Wasser'!F48-'Ablesewerte Wasser'!E48) -> 7 | F47: =SUM('Ablesewerte Wasser'!G48-'Ablesewerte Wasser'!F48) -> 5 | G47: =SUM('Ablesewerte Wasser'!H48-'Ablesewerte Wasser'!G48) -> 4 | H47: =SUM('Ablesewerte Wasser'!I48-'Ablesewerte Wasser'!H48) -> 6 | I47: =SUM('Ablesewerte Wasser'!J48-'Ablesewerte Wasser'!I48) -> 6 | J47: =SUM('Ablesewerte Wasser'!K48-'Ablesewerte Wasser'!J48) -> 7 | ... N47: =SUM('Ablesewerte Wasser'!O48-'Ablesewerte Wasser'!N48) -> 3 | P47: =SUM(C47:O47) -> 72
A48: Lichtenstern 13 | C48: =SUM('Ablesewerte Wasser'!D49-'Ablesewerte Wasser'!C49) -> 34 | D48: =SUM('Ablesewerte Wasser'!E49-'Ablesewerte Wasser'!D49) -> 27 | E48: =SUM('Ablesewerte Wasser'!F49-'Ablesewerte Wasser'!E49) -> 33 | F48: =SUM('Ablesewerte Wasser'!G49-'Ablesewerte Wasser'!F49) -> 28 | G48: =SUM('Ablesewerte Wasser'!H49-'Ablesewerte Wasser'!G49) -> 17 | H48: =SUM('Ablesewerte Wasser'!I49-'Ablesewerte Wasser'!H49) -> 31 | I48: =SUM('Ablesewerte Wasser'!J49-'Ablesewerte Wasser'!I49) -> 19 | J48: =SUM('Ablesewerte Wasser'!K49-'Ablesewerte Wasser'!J49) -> 12 | ... N48: =SUM('Ablesewerte Wasser'!O49-'Ablesewerte Wasser'!N49) -> 13 | P48: =SUM(C48:O48) -> 275
A52: 2011 | B52: m³ | C52: Jan | D52: Feb | E52: Mrz | F52: Apr | G52: Mai | H52: Jun | I52: Jul | J52: Aug | K52: Sep | L52: Okt | M52: Nov | N52: Dez
A54: Zähler Schloss | C54: =SUM('Ablesewerte Wasser'!D56-'Ablesewerte Wasser'!C56) -> 264 | D54: =SUM('Ablesewerte Wasser'!E56-'Ablesewerte Wasser'!D56) -> 282 | E54: =SUM('Ablesewerte Wasser'!F56-'Ablesewerte Wasser'!E56) -> 280 | F54: =SUM('Ablesewerte Wasser'!G56-'Ablesewerte Wasser'!F56) -> 264 | G54: =SUM('Ablesewerte Wasser'!H56-'Ablesewerte Wasser'!G56) -> 447 | H54: =SUM('Ablesewerte Wasser'!I56-'Ablesewerte Wasser'!H56) -> 184 | I54: =SUM('Ablesewerte Wasser'!J56-'Ablesewerte Wasser'!I56) -> 268 | J54: =SUM('Ablesewerte Wasser'!K56-'Ablesewerte Wasser'!J56) -> 127 | ... N54: =SUM('Ablesewerte Wasser'!O56-'Ablesewerte Wasser'!N56) -> 210 | P54: =SUM(C54:O54) -> 3248
A55: davon Sporthalle | C55: =SUM('Ablesewerte Wasser'!D57-'Ablesewerte Wasser'!C57) -> 28 | D55: =SUM('Ablesewerte Wasser'!E57-'Ablesewerte Wasser'!D57) -> 25 | E55: =SUM('Ablesewerte Wasser'!F57-'Ablesewerte Wasser'!E57) -> 33 | F55: =SUM('Ablesewerte Wasser'!G57-'Ablesewerte Wasser'!F57) -> 102 | G55: =SUM('Ablesewerte Wasser'!H57-'Ablesewerte Wasser'!G57) -> 30 | H55: =SUM('Ablesewerte Wasser'!I57-'Ablesewerte Wasser'!H57) -> 11 | I55: =SUM('Ablesewerte Wasser'!J57-'Ablesewerte Wasser'!I57) -> 15 | J55: =SUM('Ablesewerte Wasser'!K57-'Ablesewerte Wasser'!J57) -> 3 | ... N55: =SUM('Ablesewerte Wasser'!O57-'Ablesewerte Wasser'!N57) -> 19 | P55: =SUM(C55:O55) -> 328
A56: Aula | C56: =SUM('Ablesewerte Wasser'!D58-'Ablesewerte Wasser'!C58) -> -487 | D56: =SUM('Ablesewerte Wasser'!E58-'Ablesewerte Wasser'!D58) -> 5 | E56: =SUM('Ablesewerte Wasser'!F58-'Ablesewerte Wasser'!E58) -> 9 | F56: =SUM('Ablesewerte Wasser'!G58-'Ablesewerte Wasser'!F58) -> 5 | G56: =SUM('Ablesewerte Wasser'!H58-'Ablesewerte Wasser'!G58) -> 6 | H56: =SUM('Ablesewerte Wasser'!I58-'Ablesewerte Wasser'!H58) -> 4 | I56: =SUM('Ablesewerte Wasser'!J58-'Ablesewerte Wasser'!I58) -> 5 | J56: =SUM('Ablesewerte Wasser'!K58-'Ablesewerte Wasser'!J58) -> 7 | ... N56: =SUM('Ablesewerte Wasser'!O58-'Ablesewerte Wasser'!N58) -> 5 | P56: =SUM(C56:O56) -> -423
A57: Lichtenstern 13 | C57: =SUM('Ablesewerte Wasser'!D59-'Ablesewerte Wasser'!C59) -> 15 | D57: =SUM('Ablesewerte Wasser'!E59-'Ablesewerte Wasser'!D59) -> 13 | E57: =SUM('Ablesewerte Wasser'!F59-'Ablesewerte Wasser'!E59) -> 13 | F57: =SUM('Ablesewerte Wasser'!G59-'Ablesewerte Wasser'!F59) -> 14 | G57: =SUM('Ablesewerte Wasser'!H59-'Ablesewerte Wasser'!G59) -> 15 | H57: =SUM('Ablesewerte Wasser'!I59-'Ablesewerte Wasser'!H59) -> 10 | I57: =SUM('Ablesewerte Wasser'!J59-'Ablesewerte Wasser'!I59) -> 16 | J57: =SUM('Ablesewerte Wasser'!K59-'Ablesewerte Wasser'!J59) -> 9 | ... N57: =SUM('Ablesewerte Wasser'!O59-'Ablesewerte Wasser'!N59) -> 19 | P57: =SUM(C57:O57) -> 174
A61: 2012 | B61: m³ | C61: Jan | D61: Feb | E61: Mrz | F61: Apr | G61: Mai | H61: Jun | I61: Jul | J61: Aug | K61: Sep | L61: Okt | M61: Nov | N61: Dez
A63: Zähler Schloss | C63: =SUM('Ablesewerte Wasser'!D67-'Ablesewerte Wasser'!C67) -> 250 | D63: =SUM('Ablesewerte Wasser'!E67-'Ablesewerte Wasser'!D67) -> 244 | E63: =SUM('Ablesewerte Wasser'!F67-'Ablesewerte Wasser'!E67) -> 289 | F63: =SUM('Ablesewerte Wasser'!G67-'Ablesewerte Wasser'!F67) -> 171 | G63: =SUM('Ablesewerte Wasser'!H67-'Ablesewerte Wasser'!G67) -> 260 | H63: =SUM('Ablesewerte Wasser'!I67-'Ablesewerte Wasser'!H67) -> 229 | I63: =SUM('Ablesewerte Wasser'!J67-'Ablesewerte Wasser'!I67) -> 183 | J63: =SUM('Ablesewerte Wasser'!K67-'Ablesewerte Wasser'!J67) -> 121 | ... N63: =SUM('Ablesewerte Wasser'!O67-'Ablesewerte Wasser'!N67) -> 223 | P63: =SUM(C63:O63) -> 3042
A64: davon Sporthalle | C64: =SUM('Ablesewerte Wasser'!D68-'Ablesewerte Wasser'!C68) -> 25 | D64: =SUM('Ablesewerte Wasser'!E68-'Ablesewerte Wasser'!D68) -> 38 | E64: =SUM('Ablesewerte Wasser'!F68-'Ablesewerte Wasser'!E68) -> 28 | F64: =SUM('Ablesewerte Wasser'!G68-'Ablesewerte Wasser'!F68) -> 18 | G64: =SUM('Ablesewerte Wasser'!H68-'Ablesewerte Wasser'!G68) -> 16 | H64: =SUM('Ablesewerte Wasser'!I68-'Ablesewerte Wasser'!H68) -> 17 | I64: =SUM('Ablesewerte Wasser'!J68-'Ablesewerte Wasser'!I68) -> 18 | J64: =SUM('Ablesewerte Wasser'!K68-'Ablesewerte Wasser'!J68) -> 4 | ... N64: =SUM('Ablesewerte Wasser'!O68-'Ablesewerte Wasser'!N68) -> 23 | P64: =SUM(C64:O64) -> 312
A65: Aula | C65: =SUM('Ablesewerte Wasser'!D69-'Ablesewerte Wasser'!C69) -> 8 | D65: =SUM('Ablesewerte Wasser'!E69-'Ablesewerte Wasser'!D69) -> 6 | E65: =SUM('Ablesewerte Wasser'!F69-'Ablesewerte Wasser'!E69) -> 6 | F65: =SUM('Ablesewerte Wasser'!G69-'Ablesewerte Wasser'!F69) -> 5 | G65: =SUM('Ablesewerte Wasser'!H69-'Ablesewerte Wasser'!G69) -> 7 | H65: =SUM('Ablesewerte Wasser'!I69-'Ablesewerte Wasser'!H69) -> 5 | I65: =SUM('Ablesewerte Wasser'!J69-'Ablesewerte Wasser'!I69) -> 4 | J65: =SUM('Ablesewerte Wasser'!K69-'Ablesewerte Wasser'!J69) -> 5 | ... N65: =SUM('Ablesewerte Wasser'!O69-'Ablesewerte Wasser'!N69) -> 4 | P65: =SUM(C65:O65) -> 68
A66: Lichtenstern 13 | C66: =SUM('Ablesewerte Wasser'!D70-'Ablesewerte Wasser'!C70) -> 23 | D66: =SUM('Ablesewerte Wasser'!E70-'Ablesewerte Wasser'!D70) -> 18 | E66: =SUM('Ablesewerte Wasser'!F70-'Ablesewerte Wasser'!E70) -> 24 | F66: =SUM('Ablesewerte Wasser'!G70-'Ablesewerte Wasser'!F70) -> 21 | G66: =SUM('Ablesewerte Wasser'!H70-'Ablesewerte Wasser'!G70) -> 21 | H66: =SUM('Ablesewerte Wasser'!I70-'Ablesewerte Wasser'!H70) -> 15 | I66: =SUM('Ablesewerte Wasser'!J70-'Ablesewerte Wasser'!I70) -> 12 | J66: =SUM('Ablesewerte Wasser'!K70-'Ablesewerte Wasser'!J70) -> 16 | ... N66: =SUM('Ablesewerte Wasser'!O70-'Ablesewerte Wasser'!N70) -> 17 | P66: =SUM(C66:O66) -> 213
